
/Users/andrew/pico/my-projects/encoder/build/encoder.elf:     file format elf32-littlearm

Sections:
Idx Name          Size      VMA       LMA       File off  Algn
  0 .boot2        00000100  10000000  10000000  00001000  2**0
                  CONTENTS, ALLOC, LOAD, READONLY, CODE
  1 .text         00006a18  10000100  10000100  00001100  2**3
                  CONTENTS, ALLOC, LOAD, READONLY, CODE
  2 .rodata       0000060c  10006b18  10006b18  00007b18  2**3
                  CONTENTS, ALLOC, LOAD, READONLY, DATA
  3 .binary_info  00000020  10007124  10007124  00008124  2**2
                  CONTENTS, ALLOC, LOAD, READONLY, DATA
  4 .xip_ram      00000000  15000000  15000000  0000a030  2**0
                  CONTENTS
  5 .ram_vector_table 000000c0  20000000  20000000  0000b000  2**2
                  ALLOC
  6 .uninitialized_data 00000000  200000c0  200000c0  0000a030  2**0
                  CONTENTS
  7 .data         00000f70  200000c0  10007144  000090c0  2**4
                  CONTENTS, ALLOC, LOAD, READONLY, CODE
  8 .tdata        00000000  20001030  20001030  0000a030  2**0
                  CONTENTS, ALLOC, LOAD, DATA, THREAD_LOCAL
  9 .tbss         00000000  20001030  20001030  00000000  2**0
                  ALLOC, THREAD_LOCAL
 10 .tbss_space   00000000  20001030  20001030  0000a030  2**0
                  CONTENTS
 11 .bss          00000c2c  20001030  100080b4  0000a030  2**3
                  ALLOC
 12 .tls0         00000000  20001c5c  20001c5c  0000a030  2**0
                  CONTENTS
 13 .tls1         00000000  20001c5c  20001c5c  0000a030  2**0
                  CONTENTS
 14 .persistent_data 00000000  20001c5c  20001c5c  0000a030  2**0
                  CONTENTS
 15 .dummy_pre_heap 00000000  20001c5c  20001c5c  0000a030  2**0
                  CONTENTS
 16 .heap         00000800  20001c5c  20001c5c  0000b000  2**2
                  ALLOC, READONLY
 17 .scratch_x    00000000  20040000  20040000  0000a030  2**0
                  CONTENTS
 18 .scratch_y    00000000  20041000  20041000  0000a030  2**0
                  CONTENTS
 19 .stack_dummy  00000800  20041000  20041000  0000b000  2**5
                  ALLOC, READONLY
 20 .debug_info   0002edd4  00000000  00000000  0000a030  2**0
                  CONTENTS, READONLY, DEBUGGING, OCTETS
 21 .debug_abbrev 00008712  00000000  00000000  00038e04  2**0
                  CONTENTS, READONLY, DEBUGGING, OCTETS
 22 .debug_loclists 00019a73  00000000  00000000  00041516  2**0
                  CONTENTS, READONLY, DEBUGGING, OCTETS
 23 .debug_aranges 00001630  00000000  00000000  0005af90  2**3
                  CONTENTS, READONLY, DEBUGGING, OCTETS
 24 .debug_rnglists 00004323  00000000  00000000  0005c5c0  2**0
                  CONTENTS, READONLY, DEBUGGING, OCTETS
 25 .debug_line   000225e7  00000000  00000000  000608e3  2**0
                  CONTENTS, READONLY, DEBUGGING, OCTETS
 26 .debug_str    00008ac5  00000000  00000000  00082eca  2**0
                  CONTENTS, READONLY, DEBUGGING, OCTETS
 27 .comment      00000046  00000000  00000000  0008b98f  2**0
                  CONTENTS, READONLY
 28 .ARM.attributes 0000002a  00000000  00000000  0008b9d5  2**0
                  CONTENTS, READONLY
 29 .debug_frame  00002ce8  00000000  00000000  0008ba00  2**2
                  CONTENTS, READONLY, DEBUGGING, OCTETS
 30 .debug_line_str 0000034e  00000000  00000000  0008e6e8  2**0
                  CONTENTS, READONLY, DEBUGGING, OCTETS

/Users/andrew/pico/my-projects/encoder/build/encoder.elf:     file format elf32-littlearm


Disassembly of section .boot2:

10000000 <__boot2_start__>:
10000000:	4b32b500 	.word	0x4b32b500
10000004:	60582021 	.word	0x60582021
10000008:	21026898 	.word	0x21026898
1000000c:	60984388 	.word	0x60984388
10000010:	611860d8 	.word	0x611860d8
10000014:	4b2e6158 	.word	0x4b2e6158
10000018:	60992100 	.word	0x60992100
1000001c:	61592102 	.word	0x61592102
10000020:	22f02101 	.word	0x22f02101
10000024:	492b5099 	.word	0x492b5099
10000028:	21016019 	.word	0x21016019
1000002c:	20356099 	.word	0x20356099
10000030:	f844f000 	.word	0xf844f000
10000034:	42902202 	.word	0x42902202
10000038:	2106d014 	.word	0x2106d014
1000003c:	f0006619 	.word	0xf0006619
10000040:	6e19f834 	.word	0x6e19f834
10000044:	66192101 	.word	0x66192101
10000048:	66182000 	.word	0x66182000
1000004c:	f000661a 	.word	0xf000661a
10000050:	6e19f82c 	.word	0x6e19f82c
10000054:	6e196e19 	.word	0x6e196e19
10000058:	f0002005 	.word	0xf0002005
1000005c:	2101f82f 	.word	0x2101f82f
10000060:	d1f94208 	.word	0xd1f94208
10000064:	60992100 	.word	0x60992100
10000068:	6019491b 	.word	0x6019491b
1000006c:	60592100 	.word	0x60592100
10000070:	481b491a 	.word	0x481b491a
10000074:	21016001 	.word	0x21016001
10000078:	21eb6099 	.word	0x21eb6099
1000007c:	21a06619 	.word	0x21a06619
10000080:	f0006619 	.word	0xf0006619
10000084:	2100f812 	.word	0x2100f812
10000088:	49166099 	.word	0x49166099
1000008c:	60014814 	.word	0x60014814
10000090:	60992101 	.word	0x60992101
10000094:	2800bc01 	.word	0x2800bc01
10000098:	4700d000 	.word	0x4700d000
1000009c:	49134812 	.word	0x49134812
100000a0:	c8036008 	.word	0xc8036008
100000a4:	8808f380 	.word	0x8808f380
100000a8:	b5034708 	.word	0xb5034708
100000ac:	20046a99 	.word	0x20046a99
100000b0:	d0fb4201 	.word	0xd0fb4201
100000b4:	42012001 	.word	0x42012001
100000b8:	bd03d1f8 	.word	0xbd03d1f8
100000bc:	6618b502 	.word	0x6618b502
100000c0:	f7ff6618 	.word	0xf7ff6618
100000c4:	6e18fff2 	.word	0x6e18fff2
100000c8:	bd026e18 	.word	0xbd026e18
100000cc:	40020000 	.word	0x40020000
100000d0:	18000000 	.word	0x18000000
100000d4:	00070000 	.word	0x00070000
100000d8:	005f0300 	.word	0x005f0300
100000dc:	00002221 	.word	0x00002221
100000e0:	180000f4 	.word	0x180000f4
100000e4:	a0002022 	.word	0xa0002022
100000e8:	10000100 	.word	0x10000100
100000ec:	e000ed08 	.word	0xe000ed08
	...
100000fc:	7a4eb274 	.word	0x7a4eb274

Disassembly of section .text:

10000100 <__VECTOR_TABLE>:
10000100:	20042000 	.word	0x20042000
10000104:	100001f7 	.word	0x100001f7
10000108:	100001cb 	.word	0x100001cb
1000010c:	100001cd 	.word	0x100001cd
10000110:	100001c9 	.word	0x100001c9
10000114:	100001c9 	.word	0x100001c9
10000118:	100001c9 	.word	0x100001c9
1000011c:	100001c9 	.word	0x100001c9
10000120:	100001c9 	.word	0x100001c9
10000124:	100001c9 	.word	0x100001c9
10000128:	100001c9 	.word	0x100001c9
1000012c:	100001cf 	.word	0x100001cf
10000130:	100001c9 	.word	0x100001c9
10000134:	100001c9 	.word	0x100001c9
10000138:	100001d1 	.word	0x100001d1
1000013c:	100001d3 	.word	0x100001d3
10000140:	100001c1 	.word	0x100001c1
10000144:	100001c1 	.word	0x100001c1
10000148:	100001c1 	.word	0x100001c1
1000014c:	100001c1 	.word	0x100001c1
10000150:	100001c1 	.word	0x100001c1
10000154:	100001c1 	.word	0x100001c1
10000158:	100001c1 	.word	0x100001c1
1000015c:	100001c1 	.word	0x100001c1
10000160:	100001c1 	.word	0x100001c1
10000164:	100001c1 	.word	0x100001c1
10000168:	100001c1 	.word	0x100001c1
1000016c:	100001c1 	.word	0x100001c1
10000170:	100001c1 	.word	0x100001c1
10000174:	100001c1 	.word	0x100001c1
10000178:	100001c1 	.word	0x100001c1
1000017c:	100001c1 	.word	0x100001c1
10000180:	100001c1 	.word	0x100001c1
10000184:	100001c1 	.word	0x100001c1
10000188:	100001c1 	.word	0x100001c1
1000018c:	100001c1 	.word	0x100001c1
10000190:	100001c1 	.word	0x100001c1
10000194:	100001c1 	.word	0x100001c1
10000198:	100001c1 	.word	0x100001c1
1000019c:	100001c1 	.word	0x100001c1
100001a0:	100001c1 	.word	0x100001c1
100001a4:	100001c1 	.word	0x100001c1
100001a8:	100001c1 	.word	0x100001c1
100001ac:	100001c1 	.word	0x100001c1
100001b0:	100001c1 	.word	0x100001c1
100001b4:	100001c1 	.word	0x100001c1
100001b8:	100001c1 	.word	0x100001c1
100001bc:	100001c1 	.word	0x100001c1

100001c0 <__unhandled_user_irq>:
100001c0:	f3ef 8005 	mrs	r0, IPSR
100001c4:	3810      	subs	r0, #16

100001c6 <unhandled_user_irq_num_in_r0>:
100001c6:	be00      	bkpt	0x0000

100001c8 <isr_invalid>:
100001c8:	be00      	bkpt	0x0000

100001ca <isr_nmi>:
100001ca:	be00      	bkpt	0x0000

100001cc <isr_hardfault>:
100001cc:	be00      	bkpt	0x0000

100001ce <isr_svcall>:
100001ce:	be00      	bkpt	0x0000

100001d0 <isr_pendsv>:
100001d0:	be00      	bkpt	0x0000

100001d2 <isr_systick>:
100001d2:	be00      	bkpt	0x0000

100001d4 <__default_isrs_end>:
100001d4:	7188ebf2 	.word	0x7188ebf2
100001d8:	10007124 	.word	0x10007124
100001dc:	10007144 	.word	0x10007144
100001e0:	10000238 	.word	0x10000238
100001e4:	e71aa390 	.word	0xe71aa390

100001e8 <_entry_point>:
100001e8:	2000      	movs	r0, #0

100001ea <_enter_vtable_in_r0>:
100001ea:	491e      	ldr	r1, [pc, #120]	@ (10000264 <data_cpy_table+0x2c>)
100001ec:	6008      	str	r0, [r1, #0]
100001ee:	c806      	ldmia	r0!, {r1, r2}
100001f0:	f381 8808 	msr	MSP, r1
100001f4:	4710      	bx	r2

100001f6 <_reset_handler>:
100001f6:	481c      	ldr	r0, [pc, #112]	@ (10000268 <data_cpy_table+0x30>)
100001f8:	6800      	ldr	r0, [r0, #0]
100001fa:	2800      	cmp	r0, #0
100001fc:	d001      	beq.n	10000202 <hold_non_core0_in_bootrom+0x4>

100001fe <hold_non_core0_in_bootrom>:
100001fe:	2000      	movs	r0, #0
10000200:	e7f3      	b.n	100001ea <_enter_vtable_in_r0>
10000202:	a40d      	add	r4, pc, #52	@ (adr r4, 10000238 <data_cpy_table>)
10000204:	cc0e      	ldmia	r4!, {r1, r2, r3}
10000206:	2900      	cmp	r1, #0
10000208:	d002      	beq.n	10000210 <hold_non_core0_in_bootrom+0x12>
1000020a:	f000 f812 	bl	10000232 <data_cpy>
1000020e:	e7f9      	b.n	10000204 <hold_non_core0_in_bootrom+0x6>
10000210:	4916      	ldr	r1, [pc, #88]	@ (1000026c <data_cpy_table+0x34>)
10000212:	4a17      	ldr	r2, [pc, #92]	@ (10000270 <data_cpy_table+0x38>)
10000214:	2000      	movs	r0, #0
10000216:	e000      	b.n	1000021a <bss_fill_test>

10000218 <bss_fill_loop>:
10000218:	c101      	stmia	r1!, {r0}

1000021a <bss_fill_test>:
1000021a:	4291      	cmp	r1, r2
1000021c:	d1fc      	bne.n	10000218 <bss_fill_loop>

1000021e <platform_entry>:
1000021e:	4915      	ldr	r1, [pc, #84]	@ (10000274 <data_cpy_table+0x3c>)
10000220:	4788      	blx	r1
10000222:	4915      	ldr	r1, [pc, #84]	@ (10000278 <data_cpy_table+0x40>)
10000224:	4788      	blx	r1
10000226:	4915      	ldr	r1, [pc, #84]	@ (1000027c <data_cpy_table+0x44>)
10000228:	4788      	blx	r1
1000022a:	be00      	bkpt	0x0000
1000022c:	e7fd      	b.n	1000022a <platform_entry+0xc>

1000022e <data_cpy_loop>:
1000022e:	c901      	ldmia	r1!, {r0}
10000230:	c201      	stmia	r2!, {r0}

10000232 <data_cpy>:
10000232:	429a      	cmp	r2, r3
10000234:	d3fb      	bcc.n	1000022e <data_cpy_loop>

10000236 <data_cpy_done>:
10000236:	4770      	bx	lr

10000238 <data_cpy_table>:
10000238:	10007144 	.word	0x10007144
1000023c:	200000c0 	.word	0x200000c0
10000240:	20001030 	.word	0x20001030
10000244:	100080b4 	.word	0x100080b4
10000248:	20040000 	.word	0x20040000
1000024c:	20040000 	.word	0x20040000
10000250:	100080b4 	.word	0x100080b4
10000254:	20041000 	.word	0x20041000
10000258:	20041000 	.word	0x20041000
1000025c:	00000000 	.word	0x00000000
10000260:	4770      	bx	lr
10000262:	0000      	.short	0x0000
10000264:	e000ed08 	.word	0xe000ed08
10000268:	d0000000 	.word	0xd0000000
1000026c:	20001030 	.word	0x20001030
10000270:	20001c5c 	.word	0x20001c5c
10000274:	100042b9 	.word	0x100042b9
10000278:	100002c1 	.word	0x100002c1
1000027c:	100042b1 	.word	0x100042b1

10000280 <encoder_callback>:
10000280:	22d0      	movs	r2, #208	@ 0xd0
10000282:	490c      	ldr	r1, [pc, #48]	@ (100002b4 <encoder_callback+0x34>)
10000284:	0612      	lsls	r2, r2, #24
10000286:	468c      	mov	ip, r1
10000288:	b510      	push	{r4, lr}
1000028a:	6853      	ldr	r3, [r2, #4]
1000028c:	6852      	ldr	r2, [r2, #4]
1000028e:	015b      	lsls	r3, r3, #5
10000290:	4809      	ldr	r0, [pc, #36]	@ (100002b8 <encoder_callback+0x38>)
10000292:	0fdb      	lsrs	r3, r3, #31
10000294:	0112      	lsls	r2, r2, #4
10000296:	0fd2      	lsrs	r2, r2, #31
10000298:	005b      	lsls	r3, r3, #1
1000029a:	4313      	orrs	r3, r2
1000029c:	7802      	ldrb	r2, [r0, #0]
1000029e:	680c      	ldr	r4, [r1, #0]
100002a0:	0092      	lsls	r2, r2, #2
100002a2:	4906      	ldr	r1, [pc, #24]	@ (100002bc <encoder_callback+0x3c>)
100002a4:	431a      	orrs	r2, r3
100002a6:	b2d2      	uxtb	r2, r2
100002a8:	568a      	ldrsb	r2, [r1, r2]
100002aa:	4661      	mov	r1, ip
100002ac:	1912      	adds	r2, r2, r4
100002ae:	600a      	str	r2, [r1, #0]
100002b0:	7003      	strb	r3, [r0, #0]
100002b2:	bd10      	pop	{r4, pc}
100002b4:	200017f4 	.word	0x200017f4
100002b8:	20001c57 	.word	0x20001c57
100002bc:	10006c8c 	.word	0x10006c8c

100002c0 <main>:
100002c0:	b570      	push	{r4, r5, r6, lr}
100002c2:	f004 f91d 	bl	10004500 <stdio_init_all>
100002c6:	201a      	movs	r0, #26
100002c8:	f000 fa2a 	bl	10000720 <gpio_init>
100002cc:	24d0      	movs	r4, #208	@ 0xd0
100002ce:	2380      	movs	r3, #128	@ 0x80
100002d0:	0624      	lsls	r4, r4, #24
100002d2:	04db      	lsls	r3, r3, #19
100002d4:	62a3      	str	r3, [r4, #40]	@ 0x28
100002d6:	201b      	movs	r0, #27
100002d8:	f000 fa22 	bl	10000720 <gpio_init>
100002dc:	2380      	movs	r3, #128	@ 0x80
100002de:	051b      	lsls	r3, r3, #20
100002e0:	62a3      	str	r3, [r4, #40]	@ 0x28
100002e2:	6863      	ldr	r3, [r4, #4]
100002e4:	6862      	ldr	r2, [r4, #4]
100002e6:	015b      	lsls	r3, r3, #5
100002e8:	0fdb      	lsrs	r3, r3, #31
100002ea:	0112      	lsls	r2, r2, #4
100002ec:	0fd2      	lsrs	r2, r2, #31
100002ee:	005b      	lsls	r3, r3, #1
100002f0:	4313      	orrs	r3, r2
100002f2:	4a0b      	ldr	r2, [pc, #44]	@ (10000320 <main+0x60>)
100002f4:	210c      	movs	r1, #12
100002f6:	7013      	strb	r3, [r2, #0]
100002f8:	201a      	movs	r0, #26
100002fa:	2201      	movs	r2, #1
100002fc:	4b09      	ldr	r3, [pc, #36]	@ (10000324 <main+0x64>)
100002fe:	f000 f999 	bl	10000634 <gpio_set_irq_enabled_with_callback>
10000302:	2201      	movs	r2, #1
10000304:	210c      	movs	r1, #12
10000306:	201b      	movs	r0, #27
10000308:	f000 f970 	bl	100005ec <gpio_set_irq_enabled>
1000030c:	4d06      	ldr	r5, [pc, #24]	@ (10000328 <main+0x68>)
1000030e:	4c07      	ldr	r4, [pc, #28]	@ (1000032c <main+0x6c>)
10000310:	0020      	movs	r0, r4
10000312:	6829      	ldr	r1, [r5, #0]
10000314:	f004 f9c4 	bl	100046a0 <__wrap_printf>
10000318:	20c8      	movs	r0, #200	@ 0xc8
1000031a:	f001 f8e3 	bl	100014e4 <sleep_ms>
1000031e:	e7f7      	b.n	10000310 <main+0x50>
10000320:	20001c57 	.word	0x20001c57
10000324:	10000281 	.word	0x10000281
10000328:	200017f4 	.word	0x200017f4
1000032c:	10006b18 	.word	0x10006b18

10000330 <gpio_default_irq_handler>:
10000330:	23d0      	movs	r3, #208	@ 0xd0
10000332:	b5f0      	push	{r4, r5, r6, r7, lr}
10000334:	46de      	mov	lr, fp
10000336:	464e      	mov	r6, r9
10000338:	4645      	mov	r5, r8
1000033a:	4657      	mov	r7, sl
1000033c:	061b      	lsls	r3, r3, #24
1000033e:	681a      	ldr	r2, [r3, #0]
10000340:	b5e0      	push	{r5, r6, r7, lr}
10000342:	4ba6      	ldr	r3, [pc, #664]	@ (100005dc <gpio_default_irq_handler+0x2ac>)
10000344:	0091      	lsls	r1, r2, #2
10000346:	4688      	mov	r8, r1
10000348:	5859      	ldr	r1, [r3, r1]
1000034a:	0053      	lsls	r3, r2, #1
1000034c:	189b      	adds	r3, r3, r2
1000034e:	4aa4      	ldr	r2, [pc, #656]	@ (100005e0 <gpio_default_irq_handler+0x2b0>)
10000350:	011b      	lsls	r3, r3, #4
10000352:	b083      	sub	sp, #12
10000354:	189b      	adds	r3, r3, r2
10000356:	469b      	mov	fp, r3
10000358:	2600      	movs	r6, #0
1000035a:	9101      	str	r1, [sp, #4]
1000035c:	2900      	cmp	r1, #0
1000035e:	d039      	beq.n	100003d4 <gpio_default_irq_handler+0xa4>
10000360:	4ba0      	ldr	r3, [pc, #640]	@ (100005e4 <gpio_default_irq_handler+0x2b4>)
10000362:	270f      	movs	r7, #15
10000364:	469a      	mov	sl, r3
10000366:	465a      	mov	r2, fp
10000368:	08f3      	lsrs	r3, r6, #3
1000036a:	3308      	adds	r3, #8
1000036c:	009b      	lsls	r3, r3, #2
1000036e:	589d      	ldr	r5, [r3, r2]
10000370:	2301      	movs	r3, #1
10000372:	0034      	movs	r4, r6
10000374:	4699      	mov	r9, r3
10000376:	3608      	adds	r6, #8
10000378:	2d00      	cmp	r5, #0
1000037a:	d022      	beq.n	100003c2 <gpio_default_irq_handler+0x92>
1000037c:	0039      	movs	r1, r7
1000037e:	4029      	ands	r1, r5
10000380:	092d      	lsrs	r5, r5, #4
10000382:	2900      	cmp	r1, #0
10000384:	d01a      	beq.n	100003bc <gpio_default_irq_handler+0x8c>
10000386:	4653      	mov	r3, sl
10000388:	4642      	mov	r2, r8
1000038a:	589a      	ldr	r2, [r3, r2]
1000038c:	0023      	movs	r3, r4
1000038e:	40e2      	lsrs	r2, r4
10000390:	3b20      	subs	r3, #32
10000392:	17db      	asrs	r3, r3, #31
10000394:	4013      	ands	r3, r2
10000396:	464a      	mov	r2, r9
10000398:	4213      	tst	r3, r2
1000039a:	d10d      	bne.n	100003b8 <gpio_default_irq_handler+0x88>
1000039c:	2207      	movs	r2, #7
1000039e:	0008      	movs	r0, r1
100003a0:	4022      	ands	r2, r4
100003a2:	0092      	lsls	r2, r2, #2
100003a4:	4090      	lsls	r0, r2
100003a6:	0002      	movs	r2, r0
100003a8:	08e3      	lsrs	r3, r4, #3
100003aa:	488f      	ldr	r0, [pc, #572]	@ (100005e8 <gpio_default_irq_handler+0x2b8>)
100003ac:	333c      	adds	r3, #60	@ 0x3c
100003ae:	009b      	lsls	r3, r3, #2
100003b0:	501a      	str	r2, [r3, r0]
100003b2:	0020      	movs	r0, r4
100003b4:	9b01      	ldr	r3, [sp, #4]
100003b6:	4798      	blx	r3
100003b8:	2d00      	cmp	r5, #0
100003ba:	d002      	beq.n	100003c2 <gpio_default_irq_handler+0x92>
100003bc:	3401      	adds	r4, #1
100003be:	42b4      	cmp	r4, r6
100003c0:	d3dc      	bcc.n	1000037c <gpio_default_irq_handler+0x4c>
100003c2:	2e20      	cmp	r6, #32
100003c4:	d1cf      	bne.n	10000366 <gpio_default_irq_handler+0x36>
100003c6:	b003      	add	sp, #12
100003c8:	bcf0      	pop	{r4, r5, r6, r7}
100003ca:	46bb      	mov	fp, r7
100003cc:	46b2      	mov	sl, r6
100003ce:	46a9      	mov	r9, r5
100003d0:	46a0      	mov	r8, r4
100003d2:	bdf0      	pop	{r4, r5, r6, r7, pc}
100003d4:	230f      	movs	r3, #15
100003d6:	4a83      	ldr	r2, [pc, #524]	@ (100005e4 <gpio_default_irq_handler+0x2b4>)
100003d8:	9201      	str	r2, [sp, #4]
100003da:	08cc      	lsrs	r4, r1, #3
100003dc:	0022      	movs	r2, r4
100003de:	4658      	mov	r0, fp
100003e0:	000f      	movs	r7, r1
100003e2:	3208      	adds	r2, #8
100003e4:	0092      	lsls	r2, r2, #2
100003e6:	5812      	ldr	r2, [r2, r0]
100003e8:	3708      	adds	r7, #8
100003ea:	2a00      	cmp	r2, #0
100003ec:	d100      	bne.n	100003f0 <gpio_default_irq_handler+0xc0>
100003ee:	e0cd      	b.n	1000058c <gpio_default_irq_handler+0x25c>
100003f0:	0018      	movs	r0, r3
100003f2:	4010      	ands	r0, r2
100003f4:	4684      	mov	ip, r0
100003f6:	0910      	lsrs	r0, r2, #4
100003f8:	4213      	tst	r3, r2
100003fa:	d01a      	beq.n	10000432 <gpio_default_irq_handler+0x102>
100003fc:	4645      	mov	r5, r8
100003fe:	9e01      	ldr	r6, [sp, #4]
10000400:	5975      	ldr	r5, [r6, r5]
10000402:	46aa      	mov	sl, r5
10000404:	2520      	movs	r5, #32
10000406:	426d      	negs	r5, r5
10000408:	46a9      	mov	r9, r5
1000040a:	4489      	add	r9, r1
1000040c:	464d      	mov	r5, r9
1000040e:	17ed      	asrs	r5, r5, #31
10000410:	46a9      	mov	r9, r5
10000412:	4655      	mov	r5, sl
10000414:	40cd      	lsrs	r5, r1
10000416:	002e      	movs	r6, r5
10000418:	464d      	mov	r5, r9
1000041a:	4035      	ands	r5, r6
1000041c:	2601      	movs	r6, #1
1000041e:	4235      	tst	r5, r6
10000420:	d104      	bne.n	1000042c <gpio_default_irq_handler+0xfc>
10000422:	4666      	mov	r6, ip
10000424:	4d70      	ldr	r5, [pc, #448]	@ (100005e8 <gpio_default_irq_handler+0x2b8>)
10000426:	343c      	adds	r4, #60	@ 0x3c
10000428:	00a4      	lsls	r4, r4, #2
1000042a:	5166      	str	r6, [r4, r5]
1000042c:	2800      	cmp	r0, #0
1000042e:	d100      	bne.n	10000432 <gpio_default_irq_handler+0x102>
10000430:	e0ac      	b.n	1000058c <gpio_default_irq_handler+0x25c>
10000432:	001c      	movs	r4, r3
10000434:	4004      	ands	r4, r0
10000436:	46a4      	mov	ip, r4
10000438:	0a14      	lsrs	r4, r2, #8
1000043a:	4203      	tst	r3, r0
1000043c:	d019      	beq.n	10000472 <gpio_default_irq_handler+0x142>
1000043e:	1c48      	adds	r0, r1, #1
10000440:	4681      	mov	r9, r0
10000442:	4640      	mov	r0, r8
10000444:	9d01      	ldr	r5, [sp, #4]
10000446:	464e      	mov	r6, r9
10000448:	5828      	ldr	r0, [r5, r0]
1000044a:	0005      	movs	r5, r0
1000044c:	0008      	movs	r0, r1
1000044e:	40f5      	lsrs	r5, r6
10000450:	381f      	subs	r0, #31
10000452:	17c0      	asrs	r0, r0, #31
10000454:	4028      	ands	r0, r5
10000456:	2501      	movs	r5, #1
10000458:	4228      	tst	r0, r5
1000045a:	d107      	bne.n	1000046c <gpio_default_irq_handler+0x13c>
1000045c:	4665      	mov	r5, ip
1000045e:	012d      	lsls	r5, r5, #4
10000460:	08f0      	lsrs	r0, r6, #3
10000462:	002e      	movs	r6, r5
10000464:	303c      	adds	r0, #60	@ 0x3c
10000466:	4d60      	ldr	r5, [pc, #384]	@ (100005e8 <gpio_default_irq_handler+0x2b8>)
10000468:	0080      	lsls	r0, r0, #2
1000046a:	5146      	str	r6, [r0, r5]
1000046c:	2c00      	cmp	r4, #0
1000046e:	d100      	bne.n	10000472 <gpio_default_irq_handler+0x142>
10000470:	e08c      	b.n	1000058c <gpio_default_irq_handler+0x25c>
10000472:	0018      	movs	r0, r3
10000474:	4020      	ands	r0, r4
10000476:	4684      	mov	ip, r0
10000478:	0b10      	lsrs	r0, r2, #12
1000047a:	4223      	tst	r3, r4
1000047c:	d011      	beq.n	100004a2 <gpio_default_irq_handler+0x172>
1000047e:	1c8c      	adds	r4, r1, #2
10000480:	46a1      	mov	r9, r4
10000482:	4644      	mov	r4, r8
10000484:	9d01      	ldr	r5, [sp, #4]
10000486:	464e      	mov	r6, r9
10000488:	592c      	ldr	r4, [r5, r4]
1000048a:	0025      	movs	r5, r4
1000048c:	000c      	movs	r4, r1
1000048e:	40f5      	lsrs	r5, r6
10000490:	3c1e      	subs	r4, #30
10000492:	17e4      	asrs	r4, r4, #31
10000494:	402c      	ands	r4, r5
10000496:	2501      	movs	r5, #1
10000498:	422c      	tst	r4, r5
1000049a:	d100      	bne.n	1000049e <gpio_default_irq_handler+0x16e>
1000049c:	e081      	b.n	100005a2 <gpio_default_irq_handler+0x272>
1000049e:	2800      	cmp	r0, #0
100004a0:	d074      	beq.n	1000058c <gpio_default_irq_handler+0x25c>
100004a2:	001c      	movs	r4, r3
100004a4:	4004      	ands	r4, r0
100004a6:	46a4      	mov	ip, r4
100004a8:	0c14      	lsrs	r4, r2, #16
100004aa:	4203      	tst	r3, r0
100004ac:	d010      	beq.n	100004d0 <gpio_default_irq_handler+0x1a0>
100004ae:	1cc8      	adds	r0, r1, #3
100004b0:	4681      	mov	r9, r0
100004b2:	4640      	mov	r0, r8
100004b4:	9d01      	ldr	r5, [sp, #4]
100004b6:	464e      	mov	r6, r9
100004b8:	5828      	ldr	r0, [r5, r0]
100004ba:	0005      	movs	r5, r0
100004bc:	0008      	movs	r0, r1
100004be:	40f5      	lsrs	r5, r6
100004c0:	381d      	subs	r0, #29
100004c2:	17c0      	asrs	r0, r0, #31
100004c4:	4028      	ands	r0, r5
100004c6:	2501      	movs	r5, #1
100004c8:	4228      	tst	r0, r5
100004ca:	d073      	beq.n	100005b4 <gpio_default_irq_handler+0x284>
100004cc:	2c00      	cmp	r4, #0
100004ce:	d05d      	beq.n	1000058c <gpio_default_irq_handler+0x25c>
100004d0:	0018      	movs	r0, r3
100004d2:	4020      	ands	r0, r4
100004d4:	4681      	mov	r9, r0
100004d6:	0d10      	lsrs	r0, r2, #20
100004d8:	4223      	tst	r3, r4
100004da:	d00e      	beq.n	100004fa <gpio_default_irq_handler+0x1ca>
100004dc:	1d0c      	adds	r4, r1, #4
100004de:	46a4      	mov	ip, r4
100004e0:	4645      	mov	r5, r8
100004e2:	4c40      	ldr	r4, [pc, #256]	@ (100005e4 <gpio_default_irq_handler+0x2b4>)
100004e4:	5964      	ldr	r4, [r4, r5]
100004e6:	4665      	mov	r5, ip
100004e8:	40ec      	lsrs	r4, r5
100004ea:	0025      	movs	r5, r4
100004ec:	000c      	movs	r4, r1
100004ee:	3c1c      	subs	r4, #28
100004f0:	0fe4      	lsrs	r4, r4, #31
100004f2:	422c      	tst	r4, r5
100004f4:	d067      	beq.n	100005c6 <gpio_default_irq_handler+0x296>
100004f6:	2800      	cmp	r0, #0
100004f8:	d048      	beq.n	1000058c <gpio_default_irq_handler+0x25c>
100004fa:	001c      	movs	r4, r3
100004fc:	4004      	ands	r4, r0
100004fe:	46a4      	mov	ip, r4
10000500:	0e14      	lsrs	r4, r2, #24
10000502:	4203      	tst	r3, r0
10000504:	d017      	beq.n	10000536 <gpio_default_irq_handler+0x206>
10000506:	1d48      	adds	r0, r1, #5
10000508:	4681      	mov	r9, r0
1000050a:	4645      	mov	r5, r8
1000050c:	4835      	ldr	r0, [pc, #212]	@ (100005e4 <gpio_default_irq_handler+0x2b4>)
1000050e:	5940      	ldr	r0, [r0, r5]
10000510:	464d      	mov	r5, r9
10000512:	40e8      	lsrs	r0, r5
10000514:	0005      	movs	r5, r0
10000516:	0008      	movs	r0, r1
10000518:	381b      	subs	r0, #27
1000051a:	0fc0      	lsrs	r0, r0, #31
1000051c:	4228      	tst	r0, r5
1000051e:	d108      	bne.n	10000532 <gpio_default_irq_handler+0x202>
10000520:	4665      	mov	r5, ip
10000522:	4648      	mov	r0, r9
10000524:	052d      	lsls	r5, r5, #20
10000526:	002e      	movs	r6, r5
10000528:	08c0      	lsrs	r0, r0, #3
1000052a:	4d2f      	ldr	r5, [pc, #188]	@ (100005e8 <gpio_default_irq_handler+0x2b8>)
1000052c:	303c      	adds	r0, #60	@ 0x3c
1000052e:	0080      	lsls	r0, r0, #2
10000530:	5146      	str	r6, [r0, r5]
10000532:	2c00      	cmp	r4, #0
10000534:	d02a      	beq.n	1000058c <gpio_default_irq_handler+0x25c>
10000536:	0018      	movs	r0, r3
10000538:	4020      	ands	r0, r4
1000053a:	4684      	mov	ip, r0
1000053c:	0f12      	lsrs	r2, r2, #28
1000053e:	4223      	tst	r3, r4
10000540:	d029      	beq.n	10000596 <gpio_default_irq_handler+0x266>
10000542:	4645      	mov	r5, r8
10000544:	4827      	ldr	r0, [pc, #156]	@ (100005e4 <gpio_default_irq_handler+0x2b4>)
10000546:	1d8c      	adds	r4, r1, #6
10000548:	4682      	mov	sl, r0
1000054a:	5940      	ldr	r0, [r0, r5]
1000054c:	40e0      	lsrs	r0, r4
1000054e:	0005      	movs	r5, r0
10000550:	0008      	movs	r0, r1
10000552:	381a      	subs	r0, #26
10000554:	0fc0      	lsrs	r0, r0, #31
10000556:	4228      	tst	r0, r5
10000558:	d106      	bne.n	10000568 <gpio_default_irq_handler+0x238>
1000055a:	08e0      	lsrs	r0, r4, #3
1000055c:	4664      	mov	r4, ip
1000055e:	4d22      	ldr	r5, [pc, #136]	@ (100005e8 <gpio_default_irq_handler+0x2b8>)
10000560:	303c      	adds	r0, #60	@ 0x3c
10000562:	0624      	lsls	r4, r4, #24
10000564:	0080      	lsls	r0, r0, #2
10000566:	5144      	str	r4, [r0, r5]
10000568:	3107      	adds	r1, #7
1000056a:	2a00      	cmp	r2, #0
1000056c:	d00e      	beq.n	1000058c <gpio_default_irq_handler+0x25c>
1000056e:	4650      	mov	r0, sl
10000570:	4644      	mov	r4, r8
10000572:	5904      	ldr	r4, [r0, r4]
10000574:	0008      	movs	r0, r1
10000576:	40cc      	lsrs	r4, r1
10000578:	3820      	subs	r0, #32
1000057a:	0fc0      	lsrs	r0, r0, #31
1000057c:	4220      	tst	r0, r4
1000057e:	d105      	bne.n	1000058c <gpio_default_irq_handler+0x25c>
10000580:	08c9      	lsrs	r1, r1, #3
10000582:	4819      	ldr	r0, [pc, #100]	@ (100005e8 <gpio_default_irq_handler+0x2b8>)
10000584:	313c      	adds	r1, #60	@ 0x3c
10000586:	0712      	lsls	r2, r2, #28
10000588:	0089      	lsls	r1, r1, #2
1000058a:	500a      	str	r2, [r1, r0]
1000058c:	2f20      	cmp	r7, #32
1000058e:	d100      	bne.n	10000592 <gpio_default_irq_handler+0x262>
10000590:	e719      	b.n	100003c6 <gpio_default_irq_handler+0x96>
10000592:	0039      	movs	r1, r7
10000594:	e721      	b.n	100003da <gpio_default_irq_handler+0xaa>
10000596:	2a00      	cmp	r2, #0
10000598:	d0f8      	beq.n	1000058c <gpio_default_irq_handler+0x25c>
1000059a:	4812      	ldr	r0, [pc, #72]	@ (100005e4 <gpio_default_irq_handler+0x2b4>)
1000059c:	3107      	adds	r1, #7
1000059e:	4682      	mov	sl, r0
100005a0:	e7e5      	b.n	1000056e <gpio_default_irq_handler+0x23e>
100005a2:	4665      	mov	r5, ip
100005a4:	022d      	lsls	r5, r5, #8
100005a6:	08f4      	lsrs	r4, r6, #3
100005a8:	002e      	movs	r6, r5
100005aa:	343c      	adds	r4, #60	@ 0x3c
100005ac:	4d0e      	ldr	r5, [pc, #56]	@ (100005e8 <gpio_default_irq_handler+0x2b8>)
100005ae:	00a4      	lsls	r4, r4, #2
100005b0:	5166      	str	r6, [r4, r5]
100005b2:	e774      	b.n	1000049e <gpio_default_irq_handler+0x16e>
100005b4:	4665      	mov	r5, ip
100005b6:	032d      	lsls	r5, r5, #12
100005b8:	08f0      	lsrs	r0, r6, #3
100005ba:	002e      	movs	r6, r5
100005bc:	303c      	adds	r0, #60	@ 0x3c
100005be:	4d0a      	ldr	r5, [pc, #40]	@ (100005e8 <gpio_default_irq_handler+0x2b8>)
100005c0:	0080      	lsls	r0, r0, #2
100005c2:	5146      	str	r6, [r0, r5]
100005c4:	e782      	b.n	100004cc <gpio_default_irq_handler+0x19c>
100005c6:	464d      	mov	r5, r9
100005c8:	4664      	mov	r4, ip
100005ca:	042d      	lsls	r5, r5, #16
100005cc:	002e      	movs	r6, r5
100005ce:	08e4      	lsrs	r4, r4, #3
100005d0:	4d05      	ldr	r5, [pc, #20]	@ (100005e8 <gpio_default_irq_handler+0x2b8>)
100005d2:	343c      	adds	r4, #60	@ 0x3c
100005d4:	00a4      	lsls	r4, r4, #2
100005d6:	5166      	str	r6, [r4, r5]
100005d8:	e78d      	b.n	100004f6 <gpio_default_irq_handler+0x1c6>
100005da:	46c0      	nop			@ (mov r8, r8)
100005dc:	20001784 	.word	0x20001784
100005e0:	40014100 	.word	0x40014100
100005e4:	20001c20 	.word	0x20001c20
100005e8:	40014000 	.word	0x40014000

100005ec <gpio_set_irq_enabled>:
100005ec:	23d0      	movs	r3, #208	@ 0xd0
100005ee:	b530      	push	{r4, r5, lr}
100005f0:	2407      	movs	r4, #7
100005f2:	061b      	lsls	r3, r3, #24
100005f4:	0015      	movs	r5, r2
100005f6:	681a      	ldr	r2, [r3, #0]
100005f8:	0053      	lsls	r3, r2, #1
100005fa:	189a      	adds	r2, r3, r2
100005fc:	08c3      	lsrs	r3, r0, #3
100005fe:	4020      	ands	r0, r4
10000600:	0080      	lsls	r0, r0, #2
10000602:	4081      	lsls	r1, r0
10000604:	0018      	movs	r0, r3
10000606:	4c08      	ldr	r4, [pc, #32]	@ (10000628 <gpio_set_irq_enabled+0x3c>)
10000608:	303c      	adds	r0, #60	@ 0x3c
1000060a:	0112      	lsls	r2, r2, #4
1000060c:	0080      	lsls	r0, r0, #2
1000060e:	009b      	lsls	r3, r3, #2
10000610:	5101      	str	r1, [r0, r4]
10000612:	189b      	adds	r3, r3, r2
10000614:	2d00      	cmp	r5, #0
10000616:	d003      	beq.n	10000620 <gpio_set_irq_enabled+0x34>
10000618:	4a04      	ldr	r2, [pc, #16]	@ (1000062c <gpio_set_irq_enabled+0x40>)
1000061a:	189b      	adds	r3, r3, r2
1000061c:	6019      	str	r1, [r3, #0]
1000061e:	bd30      	pop	{r4, r5, pc}
10000620:	4a03      	ldr	r2, [pc, #12]	@ (10000630 <gpio_set_irq_enabled+0x44>)
10000622:	189b      	adds	r3, r3, r2
10000624:	6019      	str	r1, [r3, #0]
10000626:	e7fa      	b.n	1000061e <gpio_set_irq_enabled+0x32>
10000628:	40014000 	.word	0x40014000
1000062c:	40016100 	.word	0x40016100
10000630:	40017100 	.word	0x40017100

10000634 <gpio_set_irq_enabled_with_callback>:
10000634:	b5f0      	push	{r4, r5, r6, r7, lr}
10000636:	08c4      	lsrs	r4, r0, #3
10000638:	4646      	mov	r6, r8
1000063a:	4698      	mov	r8, r3
1000063c:	00a3      	lsls	r3, r4, #2
1000063e:	464f      	mov	r7, r9
10000640:	4699      	mov	r9, r3
10000642:	2307      	movs	r3, #7
10000644:	4003      	ands	r3, r0
10000646:	25d0      	movs	r5, #208	@ 0xd0
10000648:	009b      	lsls	r3, r3, #2
1000064a:	46d6      	mov	lr, sl
1000064c:	4099      	lsls	r1, r3
1000064e:	062d      	lsls	r5, r5, #24
10000650:	b5c0      	push	{r6, r7, lr}
10000652:	0017      	movs	r7, r2
10000654:	000e      	movs	r6, r1
10000656:	682a      	ldr	r2, [r5, #0]
10000658:	2f00      	cmp	r7, #0
1000065a:	d11a      	bne.n	10000692 <gpio_set_irq_enabled_with_callback+0x5e>
1000065c:	4b2b      	ldr	r3, [pc, #172]	@ (1000070c <gpio_set_irq_enabled_with_callback+0xd8>)
1000065e:	343c      	adds	r4, #60	@ 0x3c
10000660:	00a4      	lsls	r4, r4, #2
10000662:	50e1      	str	r1, [r4, r3]
10000664:	0053      	lsls	r3, r2, #1
10000666:	189b      	adds	r3, r3, r2
10000668:	011b      	lsls	r3, r3, #4
1000066a:	4a29      	ldr	r2, [pc, #164]	@ (10000710 <gpio_set_irq_enabled_with_callback+0xdc>)
1000066c:	444b      	add	r3, r9
1000066e:	189b      	adds	r3, r3, r2
10000670:	6019      	str	r1, [r3, #0]
10000672:	682c      	ldr	r4, [r5, #0]
10000674:	4f27      	ldr	r7, [pc, #156]	@ (10000714 <gpio_set_irq_enabled_with_callback+0xe0>)
10000676:	00a4      	lsls	r4, r4, #2
10000678:	593b      	ldr	r3, [r7, r4]
1000067a:	2b00      	cmp	r3, #0
1000067c:	d025      	beq.n	100006ca <gpio_set_irq_enabled_with_callback+0x96>
1000067e:	4643      	mov	r3, r8
10000680:	2b00      	cmp	r3, #0
10000682:	d038      	beq.n	100006f6 <gpio_set_irq_enabled_with_callback+0xc2>
10000684:	4643      	mov	r3, r8
10000686:	513b      	str	r3, [r7, r4]
10000688:	bce0      	pop	{r5, r6, r7}
1000068a:	46ba      	mov	sl, r7
1000068c:	46b1      	mov	r9, r6
1000068e:	46a8      	mov	r8, r5
10000690:	bdf0      	pop	{r4, r5, r6, r7, pc}
10000692:	4f20      	ldr	r7, [pc, #128]	@ (10000714 <gpio_set_irq_enabled_with_callback+0xe0>)
10000694:	0093      	lsls	r3, r2, #2
10000696:	469a      	mov	sl, r3
10000698:	58fb      	ldr	r3, [r7, r3]
1000069a:	2b00      	cmp	r3, #0
1000069c:	d01f      	beq.n	100006de <gpio_set_irq_enabled_with_callback+0xaa>
1000069e:	4643      	mov	r3, r8
100006a0:	2b00      	cmp	r3, #0
100006a2:	d02d      	beq.n	10000700 <gpio_set_irq_enabled_with_callback+0xcc>
100006a4:	4653      	mov	r3, sl
100006a6:	4641      	mov	r1, r8
100006a8:	50f9      	str	r1, [r7, r3]
100006aa:	4b18      	ldr	r3, [pc, #96]	@ (1000070c <gpio_set_irq_enabled_with_callback+0xd8>)
100006ac:	343c      	adds	r4, #60	@ 0x3c
100006ae:	00a4      	lsls	r4, r4, #2
100006b0:	50e6      	str	r6, [r4, r3]
100006b2:	0053      	lsls	r3, r2, #1
100006b4:	189b      	adds	r3, r3, r2
100006b6:	011b      	lsls	r3, r3, #4
100006b8:	4a17      	ldr	r2, [pc, #92]	@ (10000718 <gpio_set_irq_enabled_with_callback+0xe4>)
100006ba:	444b      	add	r3, r9
100006bc:	189b      	adds	r3, r3, r2
100006be:	2101      	movs	r1, #1
100006c0:	200d      	movs	r0, #13
100006c2:	601e      	str	r6, [r3, #0]
100006c4:	f000 f922 	bl	1000090c <irq_set_enabled>
100006c8:	e7de      	b.n	10000688 <gpio_set_irq_enabled_with_callback+0x54>
100006ca:	4643      	mov	r3, r8
100006cc:	2b00      	cmp	r3, #0
100006ce:	d0db      	beq.n	10000688 <gpio_set_irq_enabled_with_callback+0x54>
100006d0:	2200      	movs	r2, #0
100006d2:	200d      	movs	r0, #13
100006d4:	4911      	ldr	r1, [pc, #68]	@ (1000071c <gpio_set_irq_enabled_with_callback+0xe8>)
100006d6:	513b      	str	r3, [r7, r4]
100006d8:	f000 f978 	bl	100009cc <irq_add_shared_handler>
100006dc:	e7d4      	b.n	10000688 <gpio_set_irq_enabled_with_callback+0x54>
100006de:	4643      	mov	r3, r8
100006e0:	2b00      	cmp	r3, #0
100006e2:	d0e2      	beq.n	100006aa <gpio_set_irq_enabled_with_callback+0x76>
100006e4:	4652      	mov	r2, sl
100006e6:	200d      	movs	r0, #13
100006e8:	50bb      	str	r3, [r7, r2]
100006ea:	490c      	ldr	r1, [pc, #48]	@ (1000071c <gpio_set_irq_enabled_with_callback+0xe8>)
100006ec:	2200      	movs	r2, #0
100006ee:	f000 f96d 	bl	100009cc <irq_add_shared_handler>
100006f2:	682a      	ldr	r2, [r5, #0]
100006f4:	e7d9      	b.n	100006aa <gpio_set_irq_enabled_with_callback+0x76>
100006f6:	200d      	movs	r0, #13
100006f8:	4908      	ldr	r1, [pc, #32]	@ (1000071c <gpio_set_irq_enabled_with_callback+0xe8>)
100006fa:	f000 fa43 	bl	10000b84 <irq_remove_handler>
100006fe:	e7c1      	b.n	10000684 <gpio_set_irq_enabled_with_callback+0x50>
10000700:	200d      	movs	r0, #13
10000702:	4906      	ldr	r1, [pc, #24]	@ (1000071c <gpio_set_irq_enabled_with_callback+0xe8>)
10000704:	f000 fa3e 	bl	10000b84 <irq_remove_handler>
10000708:	682a      	ldr	r2, [r5, #0]
1000070a:	e7cb      	b.n	100006a4 <gpio_set_irq_enabled_with_callback+0x70>
1000070c:	40014000 	.word	0x40014000
10000710:	40017100 	.word	0x40017100
10000714:	20001784 	.word	0x20001784
10000718:	40016100 	.word	0x40016100
1000071c:	10000331 	.word	0x10000331

10000720 <gpio_init>:
10000720:	2301      	movs	r3, #1
10000722:	22d0      	movs	r2, #208	@ 0xd0
10000724:	4083      	lsls	r3, r0
10000726:	0612      	lsls	r2, r2, #24
10000728:	6293      	str	r3, [r2, #40]	@ 0x28
1000072a:	6193      	str	r3, [r2, #24]
1000072c:	4a08      	ldr	r2, [pc, #32]	@ (10000750 <gpio_init+0x30>)
1000072e:	0083      	lsls	r3, r0, #2
10000730:	189a      	adds	r2, r3, r2
10000732:	6811      	ldr	r1, [r2, #0]
10000734:	2240      	movs	r2, #64	@ 0x40
10000736:	4051      	eors	r1, r2
10000738:	3280      	adds	r2, #128	@ 0x80
1000073a:	400a      	ands	r2, r1
1000073c:	4905      	ldr	r1, [pc, #20]	@ (10000754 <gpio_init+0x34>)
1000073e:	00c0      	lsls	r0, r0, #3
10000740:	185b      	adds	r3, r3, r1
10000742:	601a      	str	r2, [r3, #0]
10000744:	4b04      	ldr	r3, [pc, #16]	@ (10000758 <gpio_init+0x38>)
10000746:	18c0      	adds	r0, r0, r3
10000748:	2305      	movs	r3, #5
1000074a:	6043      	str	r3, [r0, #4]
1000074c:	4770      	bx	lr
1000074e:	46c0      	nop			@ (mov r8, r8)
10000750:	4001c004 	.word	0x4001c004
10000754:	4001d004 	.word	0x4001d004
10000758:	40014000 	.word	0x40014000

1000075c <rp2040_chip_version>:
1000075c:	2380      	movs	r3, #128	@ 0x80
1000075e:	05db      	lsls	r3, r3, #23
10000760:	6818      	ldr	r0, [r3, #0]
10000762:	0f00      	lsrs	r0, r0, #28
10000764:	4770      	bx	lr
10000766:	46c0      	nop			@ (mov r8, r8)

10000768 <panic>:
10000768:	b40f      	push	{r0, r1, r2, r3}
1000076a:	b500      	push	{lr}
1000076c:	4808      	ldr	r0, [pc, #32]	@ (10000790 <panic+0x28>)
1000076e:	b083      	sub	sp, #12
10000770:	f003 ff14 	bl	1000459c <__wrap_puts>
10000774:	9b04      	ldr	r3, [sp, #16]
10000776:	2b00      	cmp	r3, #0
10000778:	d007      	beq.n	1000078a <panic+0x22>
1000077a:	a905      	add	r1, sp, #20
1000077c:	0018      	movs	r0, r3
1000077e:	9101      	str	r1, [sp, #4]
10000780:	f003 fd7a 	bl	10004278 <weak_raw_vprintf>
10000784:	4803      	ldr	r0, [pc, #12]	@ (10000794 <panic+0x2c>)
10000786:	f003 ff09 	bl	1000459c <__wrap_puts>
1000078a:	2001      	movs	r0, #1
1000078c:	f003 fd8c 	bl	100042a8 <_exit>
10000790:	10006b24 	.word	0x10006b24
10000794:	10006bdc 	.word	0x10006bdc

10000798 <hw_claim_or_assert>:
10000798:	b570      	push	{r4, r5, r6, lr}
1000079a:	468c      	mov	ip, r1
1000079c:	0016      	movs	r6, r2
1000079e:	f3ef 8410 	mrs	r4, PRIMASK
100007a2:	b672      	cpsid	i
100007a4:	490f      	ldr	r1, [pc, #60]	@ (100007e4 <hw_claim_or_assert+0x4c>)
100007a6:	680b      	ldr	r3, [r1, #0]
100007a8:	2b00      	cmp	r3, #0
100007aa:	d0fc      	beq.n	100007a6 <hw_claim_or_assert+0xe>
100007ac:	f3bf 8f5f 	dmb	sy
100007b0:	4663      	mov	r3, ip
100007b2:	08db      	lsrs	r3, r3, #3
100007b4:	18c5      	adds	r5, r0, r3
100007b6:	2207      	movs	r2, #7
100007b8:	5cc0      	ldrb	r0, [r0, r3]
100007ba:	4663      	mov	r3, ip
100007bc:	401a      	ands	r2, r3
100007be:	2301      	movs	r3, #1
100007c0:	4093      	lsls	r3, r2
100007c2:	001a      	movs	r2, r3
100007c4:	4002      	ands	r2, r0
100007c6:	4203      	tst	r3, r0
100007c8:	d107      	bne.n	100007da <hw_claim_or_assert+0x42>
100007ca:	4318      	orrs	r0, r3
100007cc:	7028      	strb	r0, [r5, #0]
100007ce:	f3bf 8f5f 	dmb	sy
100007d2:	600a      	str	r2, [r1, #0]
100007d4:	f384 8810 	msr	PRIMASK, r4
100007d8:	bd70      	pop	{r4, r5, r6, pc}
100007da:	4661      	mov	r1, ip
100007dc:	0030      	movs	r0, r6
100007de:	f7ff ffc3 	bl	10000768 <panic>
100007e2:	46c0      	nop			@ (mov r8, r8)
100007e4:	d000012c 	.word	0xd000012c

100007e8 <hw_claim_unused_from_range>:
100007e8:	b5f8      	push	{r3, r4, r5, r6, r7, lr}
100007ea:	46ce      	mov	lr, r9
100007ec:	4647      	mov	r7, r8
100007ee:	468c      	mov	ip, r1
100007f0:	b580      	push	{r7, lr}
100007f2:	001c      	movs	r4, r3
100007f4:	f3ef 8810 	mrs	r8, PRIMASK
100007f8:	b672      	cpsid	i
100007fa:	491c      	ldr	r1, [pc, #112]	@ (1000086c <hw_claim_unused_from_range+0x84>)
100007fc:	680b      	ldr	r3, [r1, #0]
100007fe:	2b00      	cmp	r3, #0
10000800:	d0fc      	beq.n	100007fc <hw_claim_unused_from_range+0x14>
10000802:	f3bf 8f5f 	dmb	sy
10000806:	42a2      	cmp	r2, r4
10000808:	d821      	bhi.n	1000084e <hw_claim_unused_from_range+0x66>
1000080a:	2307      	movs	r3, #7
1000080c:	4699      	mov	r9, r3
1000080e:	e002      	b.n	10000816 <hw_claim_unused_from_range+0x2e>
10000810:	3201      	adds	r2, #1
10000812:	4294      	cmp	r4, r2
10000814:	d318      	bcc.n	10000848 <hw_claim_unused_from_range+0x60>
10000816:	4649      	mov	r1, r9
10000818:	2601      	movs	r6, #1
1000081a:	4011      	ands	r1, r2
1000081c:	408e      	lsls	r6, r1
1000081e:	08d3      	lsrs	r3, r2, #3
10000820:	18c7      	adds	r7, r0, r3
10000822:	5cc3      	ldrb	r3, [r0, r3]
10000824:	421e      	tst	r6, r3
10000826:	d1f3      	bne.n	10000810 <hw_claim_unused_from_range+0x28>
10000828:	0010      	movs	r0, r2
1000082a:	4333      	orrs	r3, r6
1000082c:	703b      	strb	r3, [r7, #0]
1000082e:	f3bf 8f5f 	dmb	sy
10000832:	2200      	movs	r2, #0
10000834:	4b0d      	ldr	r3, [pc, #52]	@ (1000086c <hw_claim_unused_from_range+0x84>)
10000836:	601a      	str	r2, [r3, #0]
10000838:	f388 8810 	msr	PRIMASK, r8
1000083c:	2800      	cmp	r0, #0
1000083e:	db0e      	blt.n	1000085e <hw_claim_unused_from_range+0x76>
10000840:	bcc0      	pop	{r6, r7}
10000842:	46b9      	mov	r9, r7
10000844:	46b0      	mov	r8, r6
10000846:	bdf8      	pop	{r3, r4, r5, r6, r7, pc}
10000848:	2001      	movs	r0, #1
1000084a:	4240      	negs	r0, r0
1000084c:	e7ef      	b.n	1000082e <hw_claim_unused_from_range+0x46>
1000084e:	f3bf 8f5f 	dmb	sy
10000852:	2300      	movs	r3, #0
10000854:	600b      	str	r3, [r1, #0]
10000856:	f388 8810 	msr	PRIMASK, r8
1000085a:	2001      	movs	r0, #1
1000085c:	4240      	negs	r0, r0
1000085e:	4663      	mov	r3, ip
10000860:	2b00      	cmp	r3, #0
10000862:	d0ed      	beq.n	10000840 <hw_claim_unused_from_range+0x58>
10000864:	9808      	ldr	r0, [sp, #32]
10000866:	f7ff ff7f 	bl	10000768 <panic>
1000086a:	46c0      	nop			@ (mov r8, r8)
1000086c:	d000012c 	.word	0xd000012c

10000870 <next_striped_spin_lock_num>:
10000870:	4a04      	ldr	r2, [pc, #16]	@ (10000884 <next_striped_spin_lock_num+0x14>)
10000872:	7810      	ldrb	r0, [r2, #0]
10000874:	1c43      	adds	r3, r0, #1
10000876:	b2db      	uxtb	r3, r3
10000878:	2b17      	cmp	r3, #23
1000087a:	d900      	bls.n	1000087e <next_striped_spin_lock_num+0xe>
1000087c:	2310      	movs	r3, #16
1000087e:	7013      	strb	r3, [r2, #0]
10000880:	4770      	bx	lr
10000882:	46c0      	nop			@ (mov r8, r8)
10000884:	20000f40 	.word	0x20000f40

10000888 <spin_lock_claim_unused>:
10000888:	b500      	push	{lr}
1000088a:	4b05      	ldr	r3, [pc, #20]	@ (100008a0 <spin_lock_claim_unused+0x18>)
1000088c:	b083      	sub	sp, #12
1000088e:	0001      	movs	r1, r0
10000890:	9300      	str	r3, [sp, #0]
10000892:	2218      	movs	r2, #24
10000894:	231f      	movs	r3, #31
10000896:	4803      	ldr	r0, [pc, #12]	@ (100008a4 <spin_lock_claim_unused+0x1c>)
10000898:	f7ff ffa6 	bl	100007e8 <hw_claim_unused_from_range>
1000089c:	b003      	add	sp, #12
1000089e:	bd00      	pop	{pc}
100008a0:	10006b34 	.word	0x10006b34
100008a4:	20001794 	.word	0x20001794

100008a8 <spin_locks_reset>:
100008a8:	2100      	movs	r1, #0
100008aa:	4b04      	ldr	r3, [pc, #16]	@ (100008bc <spin_locks_reset+0x14>)
100008ac:	4a04      	ldr	r2, [pc, #16]	@ (100008c0 <spin_locks_reset+0x18>)
100008ae:	f3bf 8f5f 	dmb	sy
100008b2:	c302      	stmia	r3!, {r1}
100008b4:	4293      	cmp	r3, r2
100008b6:	d1fa      	bne.n	100008ae <spin_locks_reset+0x6>
100008b8:	4770      	bx	lr
100008ba:	46c0      	nop			@ (mov r8, r8)
100008bc:	d0000100 	.word	0xd0000100
100008c0:	d0000180 	.word	0xd0000180

100008c4 <runtime_init_per_core_irq_priorities>:
100008c4:	4b08      	ldr	r3, [pc, #32]	@ (100008e8 <runtime_init_per_core_irq_priorities+0x24>)
100008c6:	4a09      	ldr	r2, [pc, #36]	@ (100008ec <runtime_init_per_core_irq_priorities+0x28>)
100008c8:	6013      	str	r3, [r2, #0]
100008ca:	4a09      	ldr	r2, [pc, #36]	@ (100008f0 <runtime_init_per_core_irq_priorities+0x2c>)
100008cc:	6013      	str	r3, [r2, #0]
100008ce:	4a09      	ldr	r2, [pc, #36]	@ (100008f4 <runtime_init_per_core_irq_priorities+0x30>)
100008d0:	6013      	str	r3, [r2, #0]
100008d2:	4a09      	ldr	r2, [pc, #36]	@ (100008f8 <runtime_init_per_core_irq_priorities+0x34>)
100008d4:	6013      	str	r3, [r2, #0]
100008d6:	4a09      	ldr	r2, [pc, #36]	@ (100008fc <runtime_init_per_core_irq_priorities+0x38>)
100008d8:	6013      	str	r3, [r2, #0]
100008da:	4a09      	ldr	r2, [pc, #36]	@ (10000900 <runtime_init_per_core_irq_priorities+0x3c>)
100008dc:	6013      	str	r3, [r2, #0]
100008de:	4a09      	ldr	r2, [pc, #36]	@ (10000904 <runtime_init_per_core_irq_priorities+0x40>)
100008e0:	6013      	str	r3, [r2, #0]
100008e2:	4a09      	ldr	r2, [pc, #36]	@ (10000908 <runtime_init_per_core_irq_priorities+0x44>)
100008e4:	6013      	str	r3, [r2, #0]
100008e6:	4770      	bx	lr
100008e8:	80808080 	.word	0x80808080
100008ec:	e000e400 	.word	0xe000e400
100008f0:	e000e404 	.word	0xe000e404
100008f4:	e000e408 	.word	0xe000e408
100008f8:	e000e40c 	.word	0xe000e40c
100008fc:	e000e410 	.word	0xe000e410
10000900:	e000e414 	.word	0xe000e414
10000904:	e000e418 	.word	0xe000e418
10000908:	e000e41c 	.word	0xe000e41c

1000090c <irq_set_enabled>:
1000090c:	231f      	movs	r3, #31
1000090e:	4018      	ands	r0, r3
10000910:	3b1e      	subs	r3, #30
10000912:	4083      	lsls	r3, r0
10000914:	2900      	cmp	r1, #0
10000916:	d005      	beq.n	10000924 <irq_set_enabled+0x18>
10000918:	21c0      	movs	r1, #192	@ 0xc0
1000091a:	4a04      	ldr	r2, [pc, #16]	@ (1000092c <irq_set_enabled+0x20>)
1000091c:	0049      	lsls	r1, r1, #1
1000091e:	5053      	str	r3, [r2, r1]
10000920:	6013      	str	r3, [r2, #0]
10000922:	4770      	bx	lr
10000924:	2280      	movs	r2, #128	@ 0x80
10000926:	4901      	ldr	r1, [pc, #4]	@ (1000092c <irq_set_enabled+0x20>)
10000928:	508b      	str	r3, [r1, r2]
1000092a:	e7fa      	b.n	10000922 <irq_set_enabled+0x16>
1000092c:	e000e100 	.word	0xe000e100

10000930 <irq_is_enabled>:
10000930:	2201      	movs	r2, #1
10000932:	4082      	lsls	r2, r0
10000934:	4b03      	ldr	r3, [pc, #12]	@ (10000944 <irq_is_enabled+0x14>)
10000936:	681b      	ldr	r3, [r3, #0]
10000938:	4013      	ands	r3, r2
1000093a:	1e5a      	subs	r2, r3, #1
1000093c:	4193      	sbcs	r3, r2
1000093e:	b2d8      	uxtb	r0, r3
10000940:	4770      	bx	lr
10000942:	46c0      	nop			@ (mov r8, r8)
10000944:	e000e100 	.word	0xe000e100

10000948 <irq_set_pending>:
10000948:	2301      	movs	r3, #1
1000094a:	4083      	lsls	r3, r0
1000094c:	4a01      	ldr	r2, [pc, #4]	@ (10000954 <irq_set_pending+0xc>)
1000094e:	6013      	str	r3, [r2, #0]
10000950:	4770      	bx	lr
10000952:	46c0      	nop			@ (mov r8, r8)
10000954:	e000e200 	.word	0xe000e200

10000958 <irq_has_shared_handler>:
10000958:	4b05      	ldr	r3, [pc, #20]	@ (10000970 <irq_has_shared_handler+0x18>)
1000095a:	3010      	adds	r0, #16
1000095c:	689b      	ldr	r3, [r3, #8]
1000095e:	0080      	lsls	r0, r0, #2
10000960:	58c3      	ldr	r3, [r0, r3]
10000962:	4a04      	ldr	r2, [pc, #16]	@ (10000974 <irq_has_shared_handler+0x1c>)
10000964:	2000      	movs	r0, #0
10000966:	1a9b      	subs	r3, r3, r2
10000968:	2247      	movs	r2, #71	@ 0x47
1000096a:	429a      	cmp	r2, r3
1000096c:	4140      	adcs	r0, r0
1000096e:	4770      	bx	lr
10000970:	e000ed00 	.word	0xe000ed00
10000974:	20000f44 	.word	0x20000f44

10000978 <irq_set_exclusive_handler>:
10000978:	b510      	push	{r4, lr}
1000097a:	f3ef 8c10 	mrs	ip, PRIMASK
1000097e:	b672      	cpsid	i
10000980:	4a0f      	ldr	r2, [pc, #60]	@ (100009c0 <irq_set_exclusive_handler+0x48>)
10000982:	6813      	ldr	r3, [r2, #0]
10000984:	2b00      	cmp	r3, #0
10000986:	d0fc      	beq.n	10000982 <irq_set_exclusive_handler+0xa>
10000988:	f3bf 8f5f 	dmb	sy
1000098c:	4b0d      	ldr	r3, [pc, #52]	@ (100009c4 <irq_set_exclusive_handler+0x4c>)
1000098e:	3010      	adds	r0, #16
10000990:	689b      	ldr	r3, [r3, #8]
10000992:	0080      	lsls	r0, r0, #2
10000994:	581b      	ldr	r3, [r3, r0]
10000996:	4a0c      	ldr	r2, [pc, #48]	@ (100009c8 <irq_set_exclusive_handler+0x50>)
10000998:	4293      	cmp	r3, r2
1000099a:	d001      	beq.n	100009a0 <irq_set_exclusive_handler+0x28>
1000099c:	4299      	cmp	r1, r3
1000099e:	d10c      	bne.n	100009ba <irq_set_exclusive_handler+0x42>
100009a0:	4b08      	ldr	r3, [pc, #32]	@ (100009c4 <irq_set_exclusive_handler+0x4c>)
100009a2:	689b      	ldr	r3, [r3, #8]
100009a4:	5019      	str	r1, [r3, r0]
100009a6:	f3bf 8f5f 	dmb	sy
100009aa:	f3bf 8f5f 	dmb	sy
100009ae:	2200      	movs	r2, #0
100009b0:	4b03      	ldr	r3, [pc, #12]	@ (100009c0 <irq_set_exclusive_handler+0x48>)
100009b2:	601a      	str	r2, [r3, #0]
100009b4:	f38c 8810 	msr	PRIMASK, ip
100009b8:	bd10      	pop	{r4, pc}
100009ba:	f001 f8c7 	bl	10001b4c <hard_assertion_failure>
100009be:	46c0      	nop			@ (mov r8, r8)
100009c0:	d0000124 	.word	0xd0000124
100009c4:	e000ed00 	.word	0xe000ed00
100009c8:	100001c1 	.word	0x100001c1

100009cc <irq_add_shared_handler>:
100009cc:	b5f0      	push	{r4, r5, r6, r7, lr}
100009ce:	46de      	mov	lr, fp
100009d0:	4657      	mov	r7, sl
100009d2:	464e      	mov	r6, r9
100009d4:	4645      	mov	r5, r8
100009d6:	b5e0      	push	{r5, r6, r7, lr}
100009d8:	468b      	mov	fp, r1
100009da:	b085      	sub	sp, #20
100009dc:	f3ef 8810 	mrs	r8, PRIMASK
100009e0:	b672      	cpsid	i
100009e2:	0016      	movs	r6, r2
100009e4:	4a5b      	ldr	r2, [pc, #364]	@ (10000b54 <irq_add_shared_handler+0x188>)
100009e6:	6813      	ldr	r3, [r2, #0]
100009e8:	2b00      	cmp	r3, #0
100009ea:	d0fc      	beq.n	100009e6 <irq_add_shared_handler+0x1a>
100009ec:	46b2      	mov	sl, r6
100009ee:	f3bf 8f5f 	dmb	sy
100009f2:	2500      	movs	r5, #0
100009f4:	4958      	ldr	r1, [pc, #352]	@ (10000b58 <irq_add_shared_handler+0x18c>)
100009f6:	574d      	ldrsb	r5, [r1, r5]
100009f8:	2d00      	cmp	r5, #0
100009fa:	da00      	bge.n	100009fe <irq_add_shared_handler+0x32>
100009fc:	e0a8      	b.n	10000b50 <irq_add_shared_handler+0x184>
100009fe:	006b      	lsls	r3, r5, #1
10000a00:	4a56      	ldr	r2, [pc, #344]	@ (10000b5c <irq_add_shared_handler+0x190>)
10000a02:	9301      	str	r3, [sp, #4]
10000a04:	195b      	adds	r3, r3, r5
10000a06:	009b      	lsls	r3, r3, #2
10000a08:	18d4      	adds	r4, r2, r3
10000a0a:	79a7      	ldrb	r7, [r4, #6]
10000a0c:	3010      	adds	r0, #16
10000a0e:	700f      	strb	r7, [r1, #0]
10000a10:	4953      	ldr	r1, [pc, #332]	@ (10000b60 <irq_add_shared_handler+0x194>)
10000a12:	0080      	lsls	r0, r0, #2
10000a14:	6889      	ldr	r1, [r1, #8]
10000a16:	4684      	mov	ip, r0
10000a18:	580f      	ldr	r7, [r1, r0]
10000a1a:	1ab9      	subs	r1, r7, r2
10000a1c:	2947      	cmp	r1, #71	@ 0x47
10000a1e:	d833      	bhi.n	10000a88 <irq_add_shared_handler+0xbc>
10000a20:	2001      	movs	r0, #1
10000a22:	0039      	movs	r1, r7
10000a24:	4381      	bics	r1, r0
10000a26:	79ce      	ldrb	r6, [r1, #7]
10000a28:	4556      	cmp	r6, sl
10000a2a:	d800      	bhi.n	10000a2e <irq_add_shared_handler+0x62>
10000a2c:	e06a      	b.n	10000b04 <irq_add_shared_handler+0x138>
10000a2e:	46a1      	mov	r9, r4
10000a30:	4656      	mov	r6, sl
10000a32:	9303      	str	r3, [sp, #12]
10000a34:	e007      	b.n	10000a46 <irq_add_shared_handler+0x7a>
10000a36:	0058      	lsls	r0, r3, #1
10000a38:	18c0      	adds	r0, r0, r3
10000a3a:	0080      	lsls	r0, r0, #2
10000a3c:	1810      	adds	r0, r2, r0
10000a3e:	79c4      	ldrb	r4, [r0, #7]
10000a40:	42b4      	cmp	r4, r6
10000a42:	d94d      	bls.n	10000ae0 <irq_add_shared_handler+0x114>
10000a44:	0001      	movs	r1, r0
10000a46:	2306      	movs	r3, #6
10000a48:	56cb      	ldrsb	r3, [r1, r3]
10000a4a:	2b00      	cmp	r3, #0
10000a4c:	daf3      	bge.n	10000a36 <irq_add_shared_handler+0x6a>
10000a4e:	1d08      	adds	r0, r1, #4
10000a50:	464c      	mov	r4, r9
10000a52:	46b2      	mov	sl, r6
10000a54:	4681      	mov	r9, r0
10000a56:	9302      	str	r3, [sp, #8]
10000a58:	4b42      	ldr	r3, [pc, #264]	@ (10000b64 <irq_add_shared_handler+0x198>)
10000a5a:	464e      	mov	r6, r9
10000a5c:	3c04      	subs	r4, #4
10000a5e:	1ba4      	subs	r4, r4, r6
10000a60:	0524      	lsls	r4, r4, #20
10000a62:	4e41      	ldr	r6, [pc, #260]	@ (10000b68 <irq_add_shared_handler+0x19c>)
10000a64:	0d64      	lsrs	r4, r4, #21
10000a66:	4334      	orrs	r4, r6
10000a68:	808c      	strh	r4, [r1, #4]
10000a6a:	718d      	strb	r5, [r1, #6]
10000a6c:	9901      	ldr	r1, [sp, #4]
10000a6e:	1949      	adds	r1, r1, r5
10000a70:	0089      	lsls	r1, r1, #2
10000a72:	1852      	adds	r2, r2, r1
10000a74:	8093      	strh	r3, [r2, #4]
10000a76:	9b02      	ldr	r3, [sp, #8]
10000a78:	493c      	ldr	r1, [pc, #240]	@ (10000b6c <irq_add_shared_handler+0x1a0>)
10000a7a:	7193      	strb	r3, [r2, #6]
10000a7c:	4653      	mov	r3, sl
10000a7e:	71d3      	strb	r3, [r2, #7]
10000a80:	465b      	mov	r3, fp
10000a82:	6011      	str	r1, [r2, #0]
10000a84:	6093      	str	r3, [r2, #8]
10000a86:	e017      	b.n	10000ab8 <irq_add_shared_handler+0xec>
10000a88:	4939      	ldr	r1, [pc, #228]	@ (10000b70 <irq_add_shared_handler+0x1a4>)
10000a8a:	428f      	cmp	r7, r1
10000a8c:	d160      	bne.n	10000b50 <irq_add_shared_handler+0x184>
10000a8e:	4939      	ldr	r1, [pc, #228]	@ (10000b74 <irq_add_shared_handler+0x1a8>)
10000a90:	2701      	movs	r7, #1
10000a92:	52d1      	strh	r1, [r2, r3]
10000a94:	4938      	ldr	r1, [pc, #224]	@ (10000b78 <irq_add_shared_handler+0x1ac>)
10000a96:	3302      	adds	r3, #2
10000a98:	18d3      	adds	r3, r2, r3
10000a9a:	3904      	subs	r1, #4
10000a9c:	1acb      	subs	r3, r1, r3
10000a9e:	4a32      	ldr	r2, [pc, #200]	@ (10000b68 <irq_add_shared_handler+0x19c>)
10000aa0:	051b      	lsls	r3, r3, #20
10000aa2:	0d5b      	lsrs	r3, r3, #21
10000aa4:	4313      	orrs	r3, r2
10000aa6:	8063      	strh	r3, [r4, #2]
10000aa8:	4b34      	ldr	r3, [pc, #208]	@ (10000b7c <irq_add_shared_handler+0x1b0>)
10000aaa:	71e6      	strb	r6, [r4, #7]
10000aac:	80a3      	strh	r3, [r4, #4]
10000aae:	23ff      	movs	r3, #255	@ 0xff
10000ab0:	71a3      	strb	r3, [r4, #6]
10000ab2:	465b      	mov	r3, fp
10000ab4:	4327      	orrs	r7, r4
10000ab6:	60a3      	str	r3, [r4, #8]
10000ab8:	4662      	mov	r2, ip
10000aba:	4b29      	ldr	r3, [pc, #164]	@ (10000b60 <irq_add_shared_handler+0x194>)
10000abc:	689b      	ldr	r3, [r3, #8]
10000abe:	509f      	str	r7, [r3, r2]
10000ac0:	f3bf 8f5f 	dmb	sy
10000ac4:	f3bf 8f5f 	dmb	sy
10000ac8:	2200      	movs	r2, #0
10000aca:	4b22      	ldr	r3, [pc, #136]	@ (10000b54 <irq_add_shared_handler+0x188>)
10000acc:	601a      	str	r2, [r3, #0]
10000ace:	f388 8810 	msr	PRIMASK, r8
10000ad2:	b005      	add	sp, #20
10000ad4:	bcf0      	pop	{r4, r5, r6, r7}
10000ad6:	46bb      	mov	fp, r7
10000ad8:	46b2      	mov	sl, r6
10000ada:	46a9      	mov	r9, r5
10000adc:	46a0      	mov	r8, r4
10000ade:	bdf0      	pop	{r4, r5, r6, r7, pc}
10000ae0:	46b2      	mov	sl, r6
10000ae2:	1d0e      	adds	r6, r1, #4
10000ae4:	464c      	mov	r4, r9
10000ae6:	46b1      	mov	r9, r6
10000ae8:	8888      	ldrh	r0, [r1, #4]
10000aea:	9302      	str	r3, [sp, #8]
10000aec:	9b03      	ldr	r3, [sp, #12]
10000aee:	0540      	lsls	r0, r0, #21
10000af0:	1500      	asrs	r0, r0, #20
10000af2:	3304      	adds	r3, #4
10000af4:	4448      	add	r0, r9
10000af6:	18d3      	adds	r3, r2, r3
10000af8:	1ac3      	subs	r3, r0, r3
10000afa:	051b      	lsls	r3, r3, #20
10000afc:	481a      	ldr	r0, [pc, #104]	@ (10000b68 <irq_add_shared_handler+0x19c>)
10000afe:	0d5b      	lsrs	r3, r3, #21
10000b00:	4303      	orrs	r3, r0
10000b02:	e7aa      	b.n	10000a5a <irq_add_shared_handler+0x8e>
10000b04:	1c9e      	adds	r6, r3, #2
10000b06:	46b1      	mov	r9, r6
10000b08:	4491      	add	r9, r2
10000b0a:	464e      	mov	r6, r9
10000b0c:	000f      	movs	r7, r1
10000b0e:	4d1c      	ldr	r5, [pc, #112]	@ (10000b80 <irq_add_shared_handler+0x1b4>)
10000b10:	1abf      	subs	r7, r7, r2
10000b12:	417f      	adcs	r7, r7
10000b14:	437d      	muls	r5, r7
10000b16:	0d2d      	lsrs	r5, r5, #20
10000b18:	4f16      	ldr	r7, [pc, #88]	@ (10000b74 <irq_add_shared_handler+0x1a8>)
10000b1a:	71a5      	strb	r5, [r4, #6]
10000b1c:	52d7      	strh	r7, [r2, r3]
10000b1e:	4f16      	ldr	r7, [pc, #88]	@ (10000b78 <irq_add_shared_handler+0x1ac>)
10000b20:	3304      	adds	r3, #4
10000b22:	3f04      	subs	r7, #4
10000b24:	18d3      	adds	r3, r2, r3
10000b26:	1bbf      	subs	r7, r7, r6
10000b28:	1acb      	subs	r3, r1, r3
10000b2a:	053f      	lsls	r7, r7, #20
10000b2c:	3b04      	subs	r3, #4
10000b2e:	0d7e      	lsrs	r6, r7, #21
10000b30:	051b      	lsls	r3, r3, #20
10000b32:	4f0d      	ldr	r7, [pc, #52]	@ (10000b68 <irq_add_shared_handler+0x19c>)
10000b34:	0d5b      	lsrs	r3, r3, #21
10000b36:	433e      	orrs	r6, r7
10000b38:	431f      	orrs	r7, r3
10000b3a:	4653      	mov	r3, sl
10000b3c:	71e3      	strb	r3, [r4, #7]
10000b3e:	465b      	mov	r3, fp
10000b40:	60a3      	str	r3, [r4, #8]
10000b42:	4b0a      	ldr	r3, [pc, #40]	@ (10000b6c <irq_add_shared_handler+0x1a0>)
10000b44:	80a7      	strh	r7, [r4, #4]
10000b46:	8066      	strh	r6, [r4, #2]
10000b48:	4304      	orrs	r4, r0
10000b4a:	0027      	movs	r7, r4
10000b4c:	600b      	str	r3, [r1, #0]
10000b4e:	e7b3      	b.n	10000ab8 <irq_add_shared_handler+0xec>
10000b50:	f000 fffc 	bl	10001b4c <hard_assertion_failure>
10000b54:	d0000124 	.word	0xd0000124
10000b58:	20001c55 	.word	0x20001c55
10000b5c:	20000f44 	.word	0x20000f44
10000b60:	e000ed00 	.word	0xe000ed00
10000b64:	0000bd01 	.word	0x0000bd01
10000b68:	ffffe000 	.word	0xffffe000
10000b6c:	47804801 	.word	0x47804801
10000b70:	100001c1 	.word	0x100001c1
10000b74:	ffffa100 	.word	0xffffa100
10000b78:	20000f8c 	.word	0x20000f8c
10000b7c:	ffffbd01 	.word	0xffffbd01
10000b80:	0000aaaa 	.word	0x0000aaaa

10000b84 <irq_remove_handler>:
10000b84:	b5f0      	push	{r4, r5, r6, r7, lr}
10000b86:	46de      	mov	lr, fp
10000b88:	4657      	mov	r7, sl
10000b8a:	464e      	mov	r6, r9
10000b8c:	4645      	mov	r5, r8
10000b8e:	b5e0      	push	{r5, r6, r7, lr}
10000b90:	b083      	sub	sp, #12
10000b92:	f3ef 8910 	mrs	r9, PRIMASK
10000b96:	b672      	cpsid	i
10000b98:	4a5d      	ldr	r2, [pc, #372]	@ (10000d10 <irq_remove_handler+0x18c>)
10000b9a:	6813      	ldr	r3, [r2, #0]
10000b9c:	2b00      	cmp	r3, #0
10000b9e:	d0fc      	beq.n	10000b9a <irq_remove_handler+0x16>
10000ba0:	f3bf 8f5f 	dmb	sy
10000ba4:	4b5b      	ldr	r3, [pc, #364]	@ (10000d14 <irq_remove_handler+0x190>)
10000ba6:	4e5c      	ldr	r6, [pc, #368]	@ (10000d18 <irq_remove_handler+0x194>)
10000ba8:	689a      	ldr	r2, [r3, #8]
10000baa:	0003      	movs	r3, r0
10000bac:	3310      	adds	r3, #16
10000bae:	009c      	lsls	r4, r3, #2
10000bb0:	5912      	ldr	r2, [r2, r4]
10000bb2:	4698      	mov	r8, r3
10000bb4:	42b2      	cmp	r2, r6
10000bb6:	d03b      	beq.n	10000c30 <irq_remove_handler+0xac>
10000bb8:	428a      	cmp	r2, r1
10000bba:	d04c      	beq.n	10000c56 <irq_remove_handler+0xd2>
10000bbc:	4f57      	ldr	r7, [pc, #348]	@ (10000d1c <irq_remove_handler+0x198>)
10000bbe:	46bc      	mov	ip, r7
10000bc0:	1bd7      	subs	r7, r2, r7
10000bc2:	2f47      	cmp	r7, #71	@ 0x47
10000bc4:	d834      	bhi.n	10000c30 <irq_remove_handler+0xac>
10000bc6:	4b56      	ldr	r3, [pc, #344]	@ (10000d20 <irq_remove_handler+0x19c>)
10000bc8:	271f      	movs	r7, #31
10000bca:	681d      	ldr	r5, [r3, #0]
10000bcc:	4007      	ands	r7, r0
10000bce:	46aa      	mov	sl, r5
10000bd0:	2501      	movs	r5, #1
10000bd2:	40bd      	lsls	r5, r7
10000bd4:	2780      	movs	r7, #128	@ 0x80
10000bd6:	9501      	str	r5, [sp, #4]
10000bd8:	51dd      	str	r5, [r3, r7]
10000bda:	f3bf 8f5f 	dmb	sy
10000bde:	f3ef 8505 	mrs	r5, IPSR
10000be2:	46ab      	mov	fp, r5
10000be4:	2d00      	cmp	r5, #0
10000be6:	d138      	bne.n	10000c5a <irq_remove_handler+0xd6>
10000be8:	2301      	movs	r3, #1
10000bea:	001d      	movs	r5, r3
10000bec:	4085      	lsls	r5, r0
10000bee:	0028      	movs	r0, r5
10000bf0:	4655      	mov	r5, sl
10000bf2:	4005      	ands	r5, r0
10000bf4:	0010      	movs	r0, r2
10000bf6:	4398      	bics	r0, r3
10000bf8:	6887      	ldr	r7, [r0, #8]
10000bfa:	46aa      	mov	sl, r5
10000bfc:	42b9      	cmp	r1, r7
10000bfe:	d108      	bne.n	10000c12 <irq_remove_handler+0x8e>
10000c00:	e07c      	b.n	10000cfc <irq_remove_handler+0x178>
10000c02:	0073      	lsls	r3, r6, #1
10000c04:	199b      	adds	r3, r3, r6
10000c06:	009b      	lsls	r3, r3, #2
10000c08:	4463      	add	r3, ip
10000c0a:	689f      	ldr	r7, [r3, #8]
10000c0c:	42b9      	cmp	r1, r7
10000c0e:	d02d      	beq.n	10000c6c <irq_remove_handler+0xe8>
10000c10:	0018      	movs	r0, r3
10000c12:	2606      	movs	r6, #6
10000c14:	5786      	ldrsb	r6, [r0, r6]
10000c16:	2e00      	cmp	r6, #0
10000c18:	daf3      	bge.n	10000c02 <irq_remove_handler+0x7e>
10000c1a:	42b9      	cmp	r1, r7
10000c1c:	d04c      	beq.n	10000cb8 <irq_remove_handler+0x134>
10000c1e:	4653      	mov	r3, sl
10000c20:	2b00      	cmp	r3, #0
10000c22:	d01e      	beq.n	10000c62 <irq_remove_handler+0xde>
10000c24:	21c0      	movs	r1, #192	@ 0xc0
10000c26:	4b3e      	ldr	r3, [pc, #248]	@ (10000d20 <irq_remove_handler+0x19c>)
10000c28:	9801      	ldr	r0, [sp, #4]
10000c2a:	0049      	lsls	r1, r1, #1
10000c2c:	5058      	str	r0, [r3, r1]
10000c2e:	6018      	str	r0, [r3, #0]
10000c30:	4b38      	ldr	r3, [pc, #224]	@ (10000d14 <irq_remove_handler+0x190>)
10000c32:	689b      	ldr	r3, [r3, #8]
10000c34:	511a      	str	r2, [r3, r4]
10000c36:	f3bf 8f5f 	dmb	sy
10000c3a:	f3bf 8f5f 	dmb	sy
10000c3e:	2200      	movs	r2, #0
10000c40:	4b33      	ldr	r3, [pc, #204]	@ (10000d10 <irq_remove_handler+0x18c>)
10000c42:	601a      	str	r2, [r3, #0]
10000c44:	f389 8810 	msr	PRIMASK, r9
10000c48:	b003      	add	sp, #12
10000c4a:	bcf0      	pop	{r4, r5, r6, r7}
10000c4c:	46bb      	mov	fp, r7
10000c4e:	46b2      	mov	sl, r6
10000c50:	46a9      	mov	r9, r5
10000c52:	46a0      	mov	r8, r4
10000c54:	bdf0      	pop	{r4, r5, r6, r7, pc}
10000c56:	0032      	movs	r2, r6
10000c58:	e7ea      	b.n	10000c30 <irq_remove_handler+0xac>
10000c5a:	45a8      	cmp	r8, r5
10000c5c:	d0c4      	beq.n	10000be8 <irq_remove_handler+0x64>
10000c5e:	f000 ff75 	bl	10001b4c <hard_assertion_failure>
10000c62:	2380      	movs	r3, #128	@ 0x80
10000c64:	492e      	ldr	r1, [pc, #184]	@ (10000d20 <irq_remove_handler+0x19c>)
10000c66:	9801      	ldr	r0, [sp, #4]
10000c68:	50c8      	str	r0, [r1, r3]
10000c6a:	e7e1      	b.n	10000c30 <irq_remove_handler+0xac>
10000c6c:	2706      	movs	r7, #6
10000c6e:	57df      	ldrsb	r7, [r3, r7]
10000c70:	2f00      	cmp	r7, #0
10000c72:	db22      	blt.n	10000cba <irq_remove_handler+0x136>
10000c74:	0079      	lsls	r1, r7, #1
10000c76:	19c8      	adds	r0, r1, r7
10000c78:	0085      	lsls	r5, r0, #2
10000c7a:	002e      	movs	r6, r5
10000c7c:	4466      	add	r6, ip
10000c7e:	68b0      	ldr	r0, [r6, #8]
10000c80:	6098      	str	r0, [r3, #8]
10000c82:	79f0      	ldrb	r0, [r6, #7]
10000c84:	71d8      	strb	r0, [r3, #7]
10000c86:	2006      	movs	r0, #6
10000c88:	5630      	ldrsb	r0, [r6, r0]
10000c8a:	7198      	strb	r0, [r3, #6]
10000c8c:	2800      	cmp	r0, #0
10000c8e:	db26      	blt.n	10000cde <irq_remove_handler+0x15a>
10000c90:	4660      	mov	r0, ip
10000c92:	88b6      	ldrh	r6, [r6, #4]
10000c94:	1ac0      	subs	r0, r0, r3
10000c96:	0576      	lsls	r6, r6, #21
10000c98:	1536      	asrs	r6, r6, #20
10000c9a:	1976      	adds	r6, r6, r5
10000c9c:	1980      	adds	r0, r0, r6
10000c9e:	0500      	lsls	r0, r0, #20
10000ca0:	4e20      	ldr	r6, [pc, #128]	@ (10000d24 <irq_remove_handler+0x1a0>)
10000ca2:	0d40      	lsrs	r0, r0, #21
10000ca4:	4330      	orrs	r0, r6
10000ca6:	8098      	strh	r0, [r3, #4]
10000ca8:	19cb      	adds	r3, r1, r7
10000caa:	491f      	ldr	r1, [pc, #124]	@ (10000d28 <irq_remove_handler+0x1a4>)
10000cac:	009b      	lsls	r3, r3, #2
10000cae:	7808      	ldrb	r0, [r1, #0]
10000cb0:	4463      	add	r3, ip
10000cb2:	7198      	strb	r0, [r3, #6]
10000cb4:	700f      	strb	r7, [r1, #0]
10000cb6:	e7b2      	b.n	10000c1e <irq_remove_handler+0x9a>
10000cb8:	0003      	movs	r3, r0
10000cba:	4659      	mov	r1, fp
10000cbc:	2900      	cmp	r1, #0
10000cbe:	d110      	bne.n	10000ce2 <irq_remove_handler+0x15e>
10000cc0:	31ff      	adds	r1, #255	@ 0xff
10000cc2:	7181      	strb	r1, [r0, #6]
10000cc4:	4919      	ldr	r1, [pc, #100]	@ (10000d2c <irq_remove_handler+0x1a8>)
10000cc6:	8081      	strh	r1, [r0, #4]
10000cc8:	4817      	ldr	r0, [pc, #92]	@ (10000d28 <irq_remove_handler+0x1a4>)
10000cca:	4665      	mov	r5, ip
10000ccc:	7801      	ldrb	r1, [r0, #0]
10000cce:	7199      	strb	r1, [r3, #6]
10000cd0:	4917      	ldr	r1, [pc, #92]	@ (10000d30 <irq_remove_handler+0x1ac>)
10000cd2:	1b5b      	subs	r3, r3, r5
10000cd4:	415b      	adcs	r3, r3
10000cd6:	4359      	muls	r1, r3
10000cd8:	0d09      	lsrs	r1, r1, #20
10000cda:	7001      	strb	r1, [r0, #0]
10000cdc:	e79f      	b.n	10000c1e <irq_remove_handler+0x9a>
10000cde:	4813      	ldr	r0, [pc, #76]	@ (10000d2c <irq_remove_handler+0x1a8>)
10000ce0:	e7e1      	b.n	10000ca6 <irq_remove_handler+0x122>
10000ce2:	4914      	ldr	r1, [pc, #80]	@ (10000d34 <irq_remove_handler+0x1b0>)
10000ce4:	4814      	ldr	r0, [pc, #80]	@ (10000d38 <irq_remove_handler+0x1b4>)
10000ce6:	1ac9      	subs	r1, r1, r3
10000ce8:	3908      	subs	r1, #8
10000cea:	024e      	lsls	r6, r1, #9
10000cec:	0d76      	lsrs	r6, r6, #21
10000cee:	4330      	orrs	r0, r6
10000cf0:	8098      	strh	r0, [r3, #4]
10000cf2:	4812      	ldr	r0, [pc, #72]	@ (10000d3c <irq_remove_handler+0x1b8>)
10000cf4:	0849      	lsrs	r1, r1, #1
10000cf6:	4301      	orrs	r1, r0
10000cf8:	80d9      	strh	r1, [r3, #6]
10000cfa:	e790      	b.n	10000c1e <irq_remove_handler+0x9a>
10000cfc:	2706      	movs	r7, #6
10000cfe:	57c7      	ldrsb	r7, [r0, r7]
10000d00:	0003      	movs	r3, r0
10000d02:	2f00      	cmp	r7, #0
10000d04:	dab6      	bge.n	10000c74 <irq_remove_handler+0xf0>
10000d06:	4659      	mov	r1, fp
10000d08:	2900      	cmp	r1, #0
10000d0a:	d1ea      	bne.n	10000ce2 <irq_remove_handler+0x15e>
10000d0c:	0032      	movs	r2, r6
10000d0e:	e7db      	b.n	10000cc8 <irq_remove_handler+0x144>
10000d10:	d0000124 	.word	0xd0000124
10000d14:	e000ed00 	.word	0xe000ed00
10000d18:	100001c1 	.word	0x100001c1
10000d1c:	20000f44 	.word	0x20000f44
10000d20:	e000e100 	.word	0xe000e100
10000d24:	ffffe000 	.word	0xffffe000
10000d28:	20001c55 	.word	0x20001c55
10000d2c:	ffffbd01 	.word	0xffffbd01
10000d30:	0000aaaa 	.word	0x0000aaaa
10000d34:	20000f96 	.word	0x20000f96
10000d38:	fffff000 	.word	0xfffff000
10000d3c:	fffff800 	.word	0xfffff800

10000d40 <irq_add_tail_to_free_list>:
10000d40:	2301      	movs	r3, #1
10000d42:	4303      	orrs	r3, r0
10000d44:	b570      	push	{r4, r5, r6, lr}
10000d46:	469c      	mov	ip, r3
10000d48:	f3ef 8105 	mrs	r1, IPSR
10000d4c:	f3ef 8510 	mrs	r5, PRIMASK
10000d50:	b672      	cpsid	i
10000d52:	4a27      	ldr	r2, [pc, #156]	@ (10000df0 <irq_add_tail_to_free_list+0xb0>)
10000d54:	6813      	ldr	r3, [r2, #0]
10000d56:	2b00      	cmp	r3, #0
10000d58:	d0fc      	beq.n	10000d54 <irq_add_tail_to_free_list+0x14>
10000d5a:	f3bf 8f5f 	dmb	sy
10000d5e:	4a25      	ldr	r2, [pc, #148]	@ (10000df4 <irq_add_tail_to_free_list+0xb4>)
10000d60:	0004      	movs	r4, r0
10000d62:	4b25      	ldr	r3, [pc, #148]	@ (10000df8 <irq_add_tail_to_free_list+0xb8>)
10000d64:	1aa4      	subs	r4, r4, r2
10000d66:	4164      	adcs	r4, r4
10000d68:	4363      	muls	r3, r4
10000d6a:	0d1b      	lsrs	r3, r3, #20
10000d6c:	4c23      	ldr	r4, [pc, #140]	@ (10000dfc <irq_add_tail_to_free_list+0xbc>)
10000d6e:	0089      	lsls	r1, r1, #2
10000d70:	68a6      	ldr	r6, [r4, #8]
10000d72:	b25b      	sxtb	r3, r3
10000d74:	5876      	ldr	r6, [r6, r1]
10000d76:	4566      	cmp	r6, ip
10000d78:	d024      	beq.n	10000dc4 <irq_add_tail_to_free_list+0x84>
10000d7a:	2106      	movs	r1, #6
10000d7c:	5651      	ldrsb	r1, [r2, r1]
10000d7e:	4299      	cmp	r1, r3
10000d80:	d024      	beq.n	10000dcc <irq_add_tail_to_free_list+0x8c>
10000d82:	2112      	movs	r1, #18
10000d84:	5651      	ldrsb	r1, [r2, r1]
10000d86:	4299      	cmp	r1, r3
10000d88:	d02a      	beq.n	10000de0 <irq_add_tail_to_free_list+0xa0>
10000d8a:	211e      	movs	r1, #30
10000d8c:	5651      	ldrsb	r1, [r2, r1]
10000d8e:	4299      	cmp	r1, r3
10000d90:	d028      	beq.n	10000de4 <irq_add_tail_to_free_list+0xa4>
10000d92:	212a      	movs	r1, #42	@ 0x2a
10000d94:	5651      	ldrsb	r1, [r2, r1]
10000d96:	4299      	cmp	r1, r3
10000d98:	d026      	beq.n	10000de8 <irq_add_tail_to_free_list+0xa8>
10000d9a:	2136      	movs	r1, #54	@ 0x36
10000d9c:	5651      	ldrsb	r1, [r2, r1]
10000d9e:	4299      	cmp	r1, r3
10000da0:	d024      	beq.n	10000dec <irq_add_tail_to_free_list+0xac>
10000da2:	2142      	movs	r1, #66	@ 0x42
10000da4:	5651      	ldrsb	r1, [r2, r1]
10000da6:	2405      	movs	r4, #5
10000da8:	4299      	cmp	r1, r3
10000daa:	d010      	beq.n	10000dce <irq_add_tail_to_free_list+0x8e>
10000dac:	4a14      	ldr	r2, [pc, #80]	@ (10000e00 <irq_add_tail_to_free_list+0xc0>)
10000dae:	7811      	ldrb	r1, [r2, #0]
10000db0:	7013      	strb	r3, [r2, #0]
10000db2:	7181      	strb	r1, [r0, #6]
10000db4:	f3bf 8f5f 	dmb	sy
10000db8:	2200      	movs	r2, #0
10000dba:	4b0d      	ldr	r3, [pc, #52]	@ (10000df0 <irq_add_tail_to_free_list+0xb0>)
10000dbc:	601a      	str	r2, [r3, #0]
10000dbe:	f385 8810 	msr	PRIMASK, r5
10000dc2:	bd70      	pop	{r4, r5, r6, pc}
10000dc4:	68a2      	ldr	r2, [r4, #8]
10000dc6:	4c0f      	ldr	r4, [pc, #60]	@ (10000e04 <irq_add_tail_to_free_list+0xc4>)
10000dc8:	5054      	str	r4, [r2, r1]
10000dca:	e7ef      	b.n	10000dac <irq_add_tail_to_free_list+0x6c>
10000dcc:	2400      	movs	r4, #0
10000dce:	0061      	lsls	r1, r4, #1
10000dd0:	1909      	adds	r1, r1, r4
10000dd2:	0089      	lsls	r1, r1, #2
10000dd4:	1852      	adds	r2, r2, r1
10000dd6:	21ff      	movs	r1, #255	@ 0xff
10000dd8:	7191      	strb	r1, [r2, #6]
10000dda:	490b      	ldr	r1, [pc, #44]	@ (10000e08 <irq_add_tail_to_free_list+0xc8>)
10000ddc:	8091      	strh	r1, [r2, #4]
10000dde:	e7e5      	b.n	10000dac <irq_add_tail_to_free_list+0x6c>
10000de0:	2401      	movs	r4, #1
10000de2:	e7f4      	b.n	10000dce <irq_add_tail_to_free_list+0x8e>
10000de4:	2402      	movs	r4, #2
10000de6:	e7f2      	b.n	10000dce <irq_add_tail_to_free_list+0x8e>
10000de8:	2403      	movs	r4, #3
10000dea:	e7f0      	b.n	10000dce <irq_add_tail_to_free_list+0x8e>
10000dec:	2404      	movs	r4, #4
10000dee:	e7ee      	b.n	10000dce <irq_add_tail_to_free_list+0x8e>
10000df0:	d0000124 	.word	0xd0000124
10000df4:	20000f44 	.word	0x20000f44
10000df8:	0000aaaa 	.word	0x0000aaaa
10000dfc:	e000ed00 	.word	0xe000ed00
10000e00:	20001c55 	.word	0x20001c55
10000e04:	100001c1 	.word	0x100001c1
10000e08:	ffffbd01 	.word	0xffffbd01

10000e0c <user_irq_claim_unused>:
10000e0c:	b500      	push	{lr}
10000e0e:	4b07      	ldr	r3, [pc, #28]	@ (10000e2c <user_irq_claim_unused+0x20>)
10000e10:	b083      	sub	sp, #12
10000e12:	0001      	movs	r1, r0
10000e14:	9300      	str	r3, [sp, #0]
10000e16:	2200      	movs	r2, #0
10000e18:	2305      	movs	r3, #5
10000e1a:	4805      	ldr	r0, [pc, #20]	@ (10000e30 <user_irq_claim_unused+0x24>)
10000e1c:	f7ff fce4 	bl	100007e8 <hw_claim_unused_from_range>
10000e20:	2800      	cmp	r0, #0
10000e22:	db01      	blt.n	10000e28 <user_irq_claim_unused+0x1c>
10000e24:	231f      	movs	r3, #31
10000e26:	1a18      	subs	r0, r3, r0
10000e28:	b003      	add	sp, #12
10000e2a:	bd00      	pop	{pc}
10000e2c:	10006b50 	.word	0x10006b50
10000e30:	20001c5a 	.word	0x20001c5a

10000e34 <lock_init>:
10000e34:	4b02      	ldr	r3, [pc, #8]	@ (10000e40 <lock_init+0xc>)
10000e36:	18c9      	adds	r1, r1, r3
10000e38:	0089      	lsls	r1, r1, #2
10000e3a:	6001      	str	r1, [r0, #0]
10000e3c:	4770      	bx	lr
10000e3e:	46c0      	nop			@ (mov r8, r8)
10000e40:	34000040 	.word	0x34000040

10000e44 <runtime_init_mutex>:
10000e44:	b570      	push	{r4, r5, r6, lr}
10000e46:	4c11      	ldr	r4, [pc, #68]	@ (10000e8c <runtime_init_mutex+0x48>)
10000e48:	4d11      	ldr	r5, [pc, #68]	@ (10000e90 <runtime_init_mutex+0x4c>)
10000e4a:	42ac      	cmp	r4, r5
10000e4c:	d20f      	bcs.n	10000e6e <runtime_init_mutex+0x2a>
10000e4e:	26ff      	movs	r6, #255	@ 0xff
10000e50:	6823      	ldr	r3, [r4, #0]
10000e52:	2b00      	cmp	r3, #0
10000e54:	d00c      	beq.n	10000e70 <runtime_init_mutex+0x2c>
10000e56:	f7ff fd0b 	bl	10000870 <next_striped_spin_lock_num>
10000e5a:	0001      	movs	r1, r0
10000e5c:	0020      	movs	r0, r4
10000e5e:	f7ff ffe9 	bl	10000e34 <lock_init>
10000e62:	80a6      	strh	r6, [r4, #4]
10000e64:	f3bf 8f5f 	dmb	sy
10000e68:	3408      	adds	r4, #8
10000e6a:	42ac      	cmp	r4, r5
10000e6c:	d3f0      	bcc.n	10000e50 <runtime_init_mutex+0xc>
10000e6e:	bd70      	pop	{r4, r5, r6, pc}
10000e70:	f7ff fcfe 	bl	10000870 <next_striped_spin_lock_num>
10000e74:	0001      	movs	r1, r0
10000e76:	0020      	movs	r0, r4
10000e78:	f7ff ffdc 	bl	10000e34 <lock_init>
10000e7c:	7126      	strb	r6, [r4, #4]
10000e7e:	f3bf 8f5f 	dmb	sy
10000e82:	3408      	adds	r4, #8
10000e84:	42ac      	cmp	r4, r5
10000e86:	d3e3      	bcc.n	10000e50 <runtime_init_mutex+0xc>
10000e88:	e7f1      	b.n	10000e6e <runtime_init_mutex+0x2a>
10000e8a:	46c0      	nop			@ (mov r8, r8)
10000e8c:	20001028 	.word	0x20001028
10000e90:	20001030 	.word	0x20001030

10000e94 <mutex_init>:
10000e94:	b510      	push	{r4, lr}
10000e96:	0004      	movs	r4, r0
10000e98:	f7ff fcea 	bl	10000870 <next_striped_spin_lock_num>
10000e9c:	0001      	movs	r1, r0
10000e9e:	0020      	movs	r0, r4
10000ea0:	f7ff ffc8 	bl	10000e34 <lock_init>
10000ea4:	23ff      	movs	r3, #255	@ 0xff
10000ea6:	7123      	strb	r3, [r4, #4]
10000ea8:	f3bf 8f5f 	dmb	sy
10000eac:	bd10      	pop	{r4, pc}
10000eae:	46c0      	nop			@ (mov r8, r8)

10000eb0 <critical_section_init>:
10000eb0:	b510      	push	{r4, lr}
10000eb2:	0004      	movs	r4, r0
10000eb4:	2001      	movs	r0, #1
10000eb6:	f7ff fce7 	bl	10000888 <spin_lock_claim_unused>
10000eba:	4b03      	ldr	r3, [pc, #12]	@ (10000ec8 <critical_section_init+0x18>)
10000ebc:	18c0      	adds	r0, r0, r3
10000ebe:	0080      	lsls	r0, r0, #2
10000ec0:	6020      	str	r0, [r4, #0]
10000ec2:	f3bf 8f5f 	dmb	sy
10000ec6:	bd10      	pop	{r4, pc}
10000ec8:	34000040 	.word	0x34000040

10000ecc <critical_section_init_with_lock_num>:
10000ecc:	4b03      	ldr	r3, [pc, #12]	@ (10000edc <critical_section_init_with_lock_num+0x10>)
10000ece:	18c9      	adds	r1, r1, r3
10000ed0:	0089      	lsls	r1, r1, #2
10000ed2:	6001      	str	r1, [r0, #0]
10000ed4:	f3bf 8f5f 	dmb	sy
10000ed8:	4770      	bx	lr
10000eda:	46c0      	nop			@ (mov r8, r8)
10000edc:	34000040 	.word	0x34000040

10000ee0 <sleep_until_callback>:
10000ee0:	4b0a      	ldr	r3, [pc, #40]	@ (10000f0c <sleep_until_callback+0x2c>)
10000ee2:	6819      	ldr	r1, [r3, #0]
10000ee4:	f3ef 8010 	mrs	r0, PRIMASK
10000ee8:	b672      	cpsid	i
10000eea:	680a      	ldr	r2, [r1, #0]
10000eec:	2a00      	cmp	r2, #0
10000eee:	d0fc      	beq.n	10000eea <sleep_until_callback+0xa>
10000ef0:	f3bf 8f5f 	dmb	sy
10000ef4:	681b      	ldr	r3, [r3, #0]
10000ef6:	f3bf 8f5f 	dmb	sy
10000efa:	2200      	movs	r2, #0
10000efc:	601a      	str	r2, [r3, #0]
10000efe:	f380 8810 	msr	PRIMASK, r0
10000f02:	bf40      	sev
10000f04:	2000      	movs	r0, #0
10000f06:	2100      	movs	r1, #0
10000f08:	4770      	bx	lr
10000f0a:	46c0      	nop			@ (mov r8, r8)
10000f0c:	20001c34 	.word	0x20001c34

10000f10 <alarm_pool_irq_handler>:
10000f10:	b5f0      	push	{r4, r5, r6, r7, lr}
10000f12:	46de      	mov	lr, fp
10000f14:	4657      	mov	r7, sl
10000f16:	464e      	mov	r6, r9
10000f18:	4645      	mov	r5, r8
10000f1a:	b5e0      	push	{r5, r6, r7, lr}
10000f1c:	b085      	sub	sp, #20
10000f1e:	f3ef 8305 	mrs	r3, IPSR
10000f22:	2203      	movs	r2, #3
10000f24:	401a      	ands	r2, r3
10000f26:	4bb3      	ldr	r3, [pc, #716]	@ (100011f4 <alarm_pool_irq_handler+0x2e4>)
10000f28:	0091      	lsls	r1, r2, #2
10000f2a:	585f      	ldr	r7, [r3, r1]
10000f2c:	2301      	movs	r3, #1
10000f2e:	4093      	lsls	r3, r2
10000f30:	469b      	mov	fp, r3
10000f32:	9202      	str	r2, [sp, #8]
10000f34:	465a      	mov	r2, fp
10000f36:	4688      	mov	r8, r1
10000f38:	4baf      	ldr	r3, [pc, #700]	@ (100011f8 <alarm_pool_irq_handler+0x2e8>)
10000f3a:	601a      	str	r2, [r3, #0]
10000f3c:	4baf      	ldr	r3, [pc, #700]	@ (100011fc <alarm_pool_irq_handler+0x2ec>)
10000f3e:	9303      	str	r3, [sp, #12]
10000f40:	465b      	mov	r3, fp
10000f42:	48af      	ldr	r0, [pc, #700]	@ (10001200 <alarm_pool_irq_handler+0x2f0>)
10000f44:	6343      	str	r3, [r0, #52]	@ 0x34
10000f46:	2308      	movs	r3, #8
10000f48:	5efe      	ldrsh	r6, [r7, r3]
10000f4a:	2e00      	cmp	r6, #0
10000f4c:	da37      	bge.n	10000fbe <alarm_pool_irq_handler+0xae>
10000f4e:	88bb      	ldrh	r3, [r7, #4]
10000f50:	b21b      	sxth	r3, r3
10000f52:	2b00      	cmp	r3, #0
10000f54:	db00      	blt.n	10000f58 <alarm_pool_irq_handler+0x48>
10000f56:	e0a4      	b.n	100010a2 <alarm_pool_irq_handler+0x192>
10000f58:	79bb      	ldrb	r3, [r7, #6]
10000f5a:	2b00      	cmp	r3, #0
10000f5c:	d000      	beq.n	10000f60 <alarm_pool_irq_handler+0x50>
10000f5e:	e0e5      	b.n	1000112c <alarm_pool_irq_handler+0x21c>
10000f60:	2308      	movs	r3, #8
10000f62:	5ef9      	ldrsh	r1, [r7, r3]
10000f64:	2900      	cmp	r1, #0
10000f66:	db20      	blt.n	10000faa <alarm_pool_irq_handler+0x9a>
10000f68:	004b      	lsls	r3, r1, #1
10000f6a:	697a      	ldr	r2, [r7, #20]
10000f6c:	185b      	adds	r3, r3, r1
10000f6e:	00db      	lsls	r3, r3, #3
10000f70:	18d3      	adds	r3, r2, r3
10000f72:	689d      	ldr	r5, [r3, #8]
10000f74:	68dc      	ldr	r4, [r3, #12]
10000f76:	1c6b      	adds	r3, r5, #1
10000f78:	d100      	bne.n	10000f7c <alarm_pool_irq_handler+0x6c>
10000f7a:	e104      	b.n	10001186 <alarm_pool_irq_handler+0x276>
10000f7c:	48a0      	ldr	r0, [pc, #640]	@ (10001200 <alarm_pool_irq_handler+0x2f0>)
10000f7e:	0001      	movs	r1, r0
10000f80:	4441      	add	r1, r8
10000f82:	6a82      	ldr	r2, [r0, #40]	@ 0x28
10000f84:	690b      	ldr	r3, [r1, #16]
10000f86:	1aae      	subs	r6, r5, r2
10000f88:	1a9b      	subs	r3, r3, r2
10000f8a:	429e      	cmp	r6, r3
10000f8c:	d315      	bcc.n	10000fba <alarm_pool_irq_handler+0xaa>
10000f8e:	2301      	movs	r3, #1
10000f90:	6a02      	ldr	r2, [r0, #32]
10000f92:	9802      	ldr	r0, [sp, #8]
10000f94:	4083      	lsls	r3, r0
10000f96:	421a      	tst	r2, r3
10000f98:	d00f      	beq.n	10000fba <alarm_pool_irq_handler+0xaa>
10000f9a:	4899      	ldr	r0, [pc, #612]	@ (10001200 <alarm_pool_irq_handler+0x2f0>)
10000f9c:	f000 fbc0 	bl	10001720 <timer_time_us_64>
10000fa0:	428c      	cmp	r4, r1
10000fa2:	dc02      	bgt.n	10000faa <alarm_pool_irq_handler+0x9a>
10000fa4:	d1cc      	bne.n	10000f40 <alarm_pool_irq_handler+0x30>
10000fa6:	4285      	cmp	r5, r0
10000fa8:	d9ca      	bls.n	10000f40 <alarm_pool_irq_handler+0x30>
10000faa:	bf40      	sev
10000fac:	b005      	add	sp, #20
10000fae:	bcf0      	pop	{r4, r5, r6, r7}
10000fb0:	46bb      	mov	fp, r7
10000fb2:	46b2      	mov	sl, r6
10000fb4:	46a9      	mov	r9, r5
10000fb6:	46a0      	mov	r8, r4
10000fb8:	bdf0      	pop	{r4, r5, r6, r7, pc}
10000fba:	610d      	str	r5, [r1, #16]
10000fbc:	e7ed      	b.n	10000f9a <alarm_pool_irq_handler+0x8a>
10000fbe:	697a      	ldr	r2, [r7, #20]
10000fc0:	0073      	lsls	r3, r6, #1
10000fc2:	4691      	mov	r9, r2
10000fc4:	199b      	adds	r3, r3, r6
10000fc6:	00db      	lsls	r3, r3, #3
10000fc8:	4499      	add	r9, r3
10000fca:	464b      	mov	r3, r9
10000fcc:	689c      	ldr	r4, [r3, #8]
10000fce:	68dd      	ldr	r5, [r3, #12]
10000fd0:	f000 fba6 	bl	10001720 <timer_time_us_64>
10000fd4:	428d      	cmp	r5, r1
10000fd6:	dcba      	bgt.n	10000f4e <alarm_pool_irq_handler+0x3e>
10000fd8:	d100      	bne.n	10000fdc <alarm_pool_irq_handler+0xcc>
10000fda:	e0f6      	b.n	100011ca <alarm_pool_irq_handler+0x2ba>
10000fdc:	2d00      	cmp	r5, #0
10000fde:	da00      	bge.n	10000fe2 <alarm_pool_irq_handler+0xd2>
10000fe0:	e0db      	b.n	1000119a <alarm_pool_irq_handler+0x28a>
10000fe2:	464a      	mov	r2, r9
10000fe4:	464b      	mov	r3, r9
10000fe6:	6952      	ldr	r2, [r2, #20]
10000fe8:	691b      	ldr	r3, [r3, #16]
10000fea:	4692      	mov	sl, r2
10000fec:	9a03      	ldr	r2, [sp, #12]
10000fee:	4293      	cmp	r3, r2
10000ff0:	d100      	bne.n	10000ff4 <alarm_pool_irq_handler+0xe4>
10000ff2:	e0cc      	b.n	1000118e <alarm_pool_irq_handler+0x27e>
10000ff4:	464a      	mov	r2, r9
10000ff6:	2108      	movs	r1, #8
10000ff8:	5e78      	ldrsh	r0, [r7, r1]
10000ffa:	8852      	ldrh	r2, [r2, #2]
10000ffc:	0400      	lsls	r0, r0, #16
10000ffe:	4651      	mov	r1, sl
10001000:	4310      	orrs	r0, r2
10001002:	4798      	blx	r3
10001004:	9000      	str	r0, [sp, #0]
10001006:	9101      	str	r1, [sp, #4]
10001008:	9900      	ldr	r1, [sp, #0]
1000100a:	9a01      	ldr	r2, [sp, #4]
1000100c:	000b      	movs	r3, r1
1000100e:	4313      	orrs	r3, r2
10001010:	d100      	bne.n	10001014 <alarm_pool_irq_handler+0x104>
10001012:	e0c2      	b.n	1000119a <alarm_pool_irq_handler+0x28a>
10001014:	0013      	movs	r3, r2
10001016:	000a      	movs	r2, r1
10001018:	2b00      	cmp	r3, #0
1000101a:	db00      	blt.n	1000101e <alarm_pool_irq_handler+0x10e>
1000101c:	e0d9      	b.n	100011d2 <alarm_pool_irq_handler+0x2c2>
1000101e:	0020      	movs	r0, r4
10001020:	0029      	movs	r1, r5
10001022:	1a80      	subs	r0, r0, r2
10001024:	4199      	sbcs	r1, r3
10001026:	464b      	mov	r3, r9
10001028:	6098      	str	r0, [r3, #8]
1000102a:	60d9      	str	r1, [r3, #12]
1000102c:	2200      	movs	r2, #0
1000102e:	5e9b      	ldrsh	r3, [r3, r2]
10001030:	2b00      	cmp	r3, #0
10001032:	da00      	bge.n	10001036 <alarm_pool_irq_handler+0x126>
10001034:	e78b      	b.n	10000f4e <alarm_pool_irq_handler+0x3e>
10001036:	005d      	lsls	r5, r3, #1
10001038:	697c      	ldr	r4, [r7, #20]
1000103a:	18ea      	adds	r2, r5, r3
1000103c:	00d2      	lsls	r2, r2, #3
1000103e:	18a2      	adds	r2, r4, r2
10001040:	9400      	str	r4, [sp, #0]
10001042:	6894      	ldr	r4, [r2, #8]
10001044:	68d2      	ldr	r2, [r2, #12]
10001046:	46a2      	mov	sl, r4
10001048:	428a      	cmp	r2, r1
1000104a:	dd00      	ble.n	1000104e <alarm_pool_irq_handler+0x13e>
1000104c:	e77f      	b.n	10000f4e <alarm_pool_irq_handler+0x3e>
1000104e:	d102      	bne.n	10001056 <alarm_pool_irq_handler+0x146>
10001050:	4284      	cmp	r4, r0
10001052:	d900      	bls.n	10001056 <alarm_pool_irq_handler+0x146>
10001054:	e77b      	b.n	10000f4e <alarm_pool_irq_handler+0x3e>
10001056:	2408      	movs	r4, #8
10001058:	46a4      	mov	ip, r4
1000105a:	813b      	strh	r3, [r7, #8]
1000105c:	44bc      	add	ip, r7
1000105e:	9c00      	ldr	r4, [sp, #0]
10001060:	9700      	str	r7, [sp, #0]
10001062:	002f      	movs	r7, r5
10001064:	4665      	mov	r5, ip
10001066:	46b4      	mov	ip, r6
10001068:	003e      	movs	r6, r7
1000106a:	e006      	b.n	1000107a <alarm_pool_irq_handler+0x16a>
1000106c:	005e      	lsls	r6, r3, #1
1000106e:	18f2      	adds	r2, r6, r3
10001070:	00d2      	lsls	r2, r2, #3
10001072:	18a2      	adds	r2, r4, r2
10001074:	6897      	ldr	r7, [r2, #8]
10001076:	68d2      	ldr	r2, [r2, #12]
10001078:	46ba      	mov	sl, r7
1000107a:	428a      	cmp	r2, r1
1000107c:	dc07      	bgt.n	1000108e <alarm_pool_irq_handler+0x17e>
1000107e:	d100      	bne.n	10001082 <alarm_pool_irq_handler+0x172>
10001080:	e0b4      	b.n	100011ec <alarm_pool_irq_handler+0x2dc>
10001082:	18f3      	adds	r3, r6, r3
10001084:	00db      	lsls	r3, r3, #3
10001086:	18e5      	adds	r5, r4, r3
10001088:	5ee3      	ldrsh	r3, [r4, r3]
1000108a:	2b00      	cmp	r3, #0
1000108c:	daee      	bge.n	1000106c <alarm_pool_irq_handler+0x15c>
1000108e:	4666      	mov	r6, ip
10001090:	464a      	mov	r2, r9
10001092:	9f00      	ldr	r7, [sp, #0]
10001094:	8013      	strh	r3, [r2, #0]
10001096:	802e      	strh	r6, [r5, #0]
10001098:	88bb      	ldrh	r3, [r7, #4]
1000109a:	b21b      	sxth	r3, r3
1000109c:	2b00      	cmp	r3, #0
1000109e:	da00      	bge.n	100010a2 <alarm_pool_irq_handler+0x192>
100010a0:	e75a      	b.n	10000f58 <alarm_pool_irq_handler+0x48>
100010a2:	693a      	ldr	r2, [r7, #16]
100010a4:	f3ef 8110 	mrs	r1, PRIMASK
100010a8:	b672      	cpsid	i
100010aa:	6813      	ldr	r3, [r2, #0]
100010ac:	2b00      	cmp	r3, #0
100010ae:	d0fc      	beq.n	100010aa <alarm_pool_irq_handler+0x19a>
100010b0:	f3bf 8f5f 	dmb	sy
100010b4:	2301      	movs	r3, #1
100010b6:	88be      	ldrh	r6, [r7, #4]
100010b8:	425b      	negs	r3, r3
100010ba:	80bb      	strh	r3, [r7, #4]
100010bc:	b236      	sxth	r6, r6
100010be:	693b      	ldr	r3, [r7, #16]
100010c0:	f3bf 8f5f 	dmb	sy
100010c4:	2200      	movs	r2, #0
100010c6:	601a      	str	r2, [r3, #0]
100010c8:	f381 8810 	msr	PRIMASK, r1
100010cc:	2e00      	cmp	r6, #0
100010ce:	da00      	bge.n	100010d2 <alarm_pool_irq_handler+0x1c2>
100010d0:	e742      	b.n	10000f58 <alarm_pool_irq_handler+0x48>
100010d2:	003b      	movs	r3, r7
100010d4:	3308      	adds	r3, #8
100010d6:	003a      	movs	r2, r7
100010d8:	4699      	mov	r9, r3
100010da:	697d      	ldr	r5, [r7, #20]
100010dc:	0073      	lsls	r3, r6, #1
100010de:	199b      	adds	r3, r3, r6
100010e0:	2408      	movs	r4, #8
100010e2:	5f11      	ldrsh	r1, [r2, r4]
100010e4:	00db      	lsls	r3, r3, #3
100010e6:	4648      	mov	r0, r9
100010e8:	18eb      	adds	r3, r5, r3
100010ea:	2900      	cmp	r1, #0
100010ec:	db13      	blt.n	10001116 <alarm_pool_irq_handler+0x206>
100010ee:	689c      	ldr	r4, [r3, #8]
100010f0:	9300      	str	r3, [sp, #0]
100010f2:	46a4      	mov	ip, r4
100010f4:	68dc      	ldr	r4, [r3, #12]
100010f6:	e006      	b.n	10001106 <alarm_pool_irq_handler+0x1f6>
100010f8:	42a3      	cmp	r3, r4
100010fa:	d040      	beq.n	1000117e <alarm_pool_irq_handler+0x26e>
100010fc:	2300      	movs	r3, #0
100010fe:	5ef9      	ldrsh	r1, [r7, r3]
10001100:	0038      	movs	r0, r7
10001102:	2900      	cmp	r1, #0
10001104:	db06      	blt.n	10001114 <alarm_pool_irq_handler+0x204>
10001106:	004f      	lsls	r7, r1, #1
10001108:	187f      	adds	r7, r7, r1
1000110a:	00ff      	lsls	r7, r7, #3
1000110c:	19ef      	adds	r7, r5, r7
1000110e:	68fb      	ldr	r3, [r7, #12]
10001110:	42a3      	cmp	r3, r4
10001112:	ddf1      	ble.n	100010f8 <alarm_pool_irq_handler+0x1e8>
10001114:	9b00      	ldr	r3, [sp, #0]
10001116:	8006      	strh	r6, [r0, #0]
10001118:	2000      	movs	r0, #0
1000111a:	5e1e      	ldrsh	r6, [r3, r0]
1000111c:	8019      	strh	r1, [r3, #0]
1000111e:	2e00      	cmp	r6, #0
10001120:	dadc      	bge.n	100010dc <alarm_pool_irq_handler+0x1cc>
10001122:	0017      	movs	r7, r2
10001124:	79bb      	ldrb	r3, [r7, #6]
10001126:	2b00      	cmp	r3, #0
10001128:	d100      	bne.n	1000112c <alarm_pool_irq_handler+0x21c>
1000112a:	e719      	b.n	10000f60 <alarm_pool_irq_handler+0x50>
1000112c:	2300      	movs	r3, #0
1000112e:	71bb      	strb	r3, [r7, #6]
10001130:	2308      	movs	r3, #8
10001132:	5ef9      	ldrsh	r1, [r7, r3]
10001134:	1c4b      	adds	r3, r1, #1
10001136:	d100      	bne.n	1000113a <alarm_pool_irq_handler+0x22a>
10001138:	e737      	b.n	10000faa <alarm_pool_irq_handler+0x9a>
1000113a:	003d      	movs	r5, r7
1000113c:	3508      	adds	r5, #8
1000113e:	46ac      	mov	ip, r5
10001140:	697c      	ldr	r4, [r7, #20]
10001142:	e003      	b.n	1000114c <alarm_pool_irq_handler+0x23c>
10001144:	4684      	mov	ip, r0
10001146:	1c4b      	adds	r3, r1, #1
10001148:	d100      	bne.n	1000114c <alarm_pool_irq_handler+0x23c>
1000114a:	e709      	b.n	10000f60 <alarm_pool_irq_handler+0x50>
1000114c:	004b      	lsls	r3, r1, #1
1000114e:	185b      	adds	r3, r3, r1
10001150:	00db      	lsls	r3, r3, #3
10001152:	18e0      	adds	r0, r4, r3
10001154:	000a      	movs	r2, r1
10001156:	5ee1      	ldrsh	r1, [r4, r3]
10001158:	8843      	ldrh	r3, [r0, #2]
1000115a:	b21b      	sxth	r3, r3
1000115c:	2b00      	cmp	r3, #0
1000115e:	daf1      	bge.n	10001144 <alarm_pool_irq_handler+0x234>
10001160:	2501      	movs	r5, #1
10001162:	426d      	negs	r5, r5
10001164:	17ee      	asrs	r6, r5, #31
10001166:	6085      	str	r5, [r0, #8]
10001168:	60c6      	str	r6, [r0, #12]
1000116a:	2508      	movs	r5, #8
1000116c:	5f7b      	ldrsh	r3, [r7, r5]
1000116e:	4293      	cmp	r3, r2
10001170:	d0e9      	beq.n	10001146 <alarm_pool_irq_handler+0x236>
10001172:	4663      	mov	r3, ip
10001174:	8019      	strh	r1, [r3, #0]
10001176:	893b      	ldrh	r3, [r7, #8]
10001178:	8003      	strh	r3, [r0, #0]
1000117a:	813a      	strh	r2, [r7, #8]
1000117c:	e7e3      	b.n	10001146 <alarm_pool_irq_handler+0x236>
1000117e:	68bb      	ldr	r3, [r7, #8]
10001180:	4563      	cmp	r3, ip
10001182:	d9bb      	bls.n	100010fc <alarm_pool_irq_handler+0x1ec>
10001184:	e7c6      	b.n	10001114 <alarm_pool_irq_handler+0x204>
10001186:	1c63      	adds	r3, r4, #1
10001188:	d000      	beq.n	1000118c <alarm_pool_irq_handler+0x27c>
1000118a:	e6f7      	b.n	10000f7c <alarm_pool_irq_handler+0x6c>
1000118c:	e705      	b.n	10000f9a <alarm_pool_irq_handler+0x8a>
1000118e:	4653      	mov	r3, sl
10001190:	4650      	mov	r0, sl
10001192:	691b      	ldr	r3, [r3, #16]
10001194:	4798      	blx	r3
10001196:	2800      	cmp	r0, #0
10001198:	d123      	bne.n	100011e2 <alarm_pool_irq_handler+0x2d2>
1000119a:	464b      	mov	r3, r9
1000119c:	881b      	ldrh	r3, [r3, #0]
1000119e:	693a      	ldr	r2, [r7, #16]
100011a0:	813b      	strh	r3, [r7, #8]
100011a2:	f3ef 8310 	mrs	r3, PRIMASK
100011a6:	b672      	cpsid	i
100011a8:	6811      	ldr	r1, [r2, #0]
100011aa:	2900      	cmp	r1, #0
100011ac:	d0fc      	beq.n	100011a8 <alarm_pool_irq_handler+0x298>
100011ae:	f3bf 8f5f 	dmb	sy
100011b2:	4649      	mov	r1, r9
100011b4:	887a      	ldrh	r2, [r7, #2]
100011b6:	800a      	strh	r2, [r1, #0]
100011b8:	693a      	ldr	r2, [r7, #16]
100011ba:	807e      	strh	r6, [r7, #2]
100011bc:	f3bf 8f5f 	dmb	sy
100011c0:	2100      	movs	r1, #0
100011c2:	6011      	str	r1, [r2, #0]
100011c4:	f383 8810 	msr	PRIMASK, r3
100011c8:	e6c1      	b.n	10000f4e <alarm_pool_irq_handler+0x3e>
100011ca:	4284      	cmp	r4, r0
100011cc:	d800      	bhi.n	100011d0 <alarm_pool_irq_handler+0x2c0>
100011ce:	e705      	b.n	10000fdc <alarm_pool_irq_handler+0xcc>
100011d0:	e6bd      	b.n	10000f4e <alarm_pool_irq_handler+0x3e>
100011d2:	480b      	ldr	r0, [pc, #44]	@ (10001200 <alarm_pool_irq_handler+0x2f0>)
100011d4:	f000 faa4 	bl	10001720 <timer_time_us_64>
100011d8:	9b00      	ldr	r3, [sp, #0]
100011da:	9c01      	ldr	r4, [sp, #4]
100011dc:	18c0      	adds	r0, r0, r3
100011de:	4161      	adcs	r1, r4
100011e0:	e721      	b.n	10001026 <alarm_pool_irq_handler+0x116>
100011e2:	4653      	mov	r3, sl
100011e4:	cb0c      	ldmia	r3, {r2, r3}
100011e6:	9200      	str	r2, [sp, #0]
100011e8:	9301      	str	r3, [sp, #4]
100011ea:	e70d      	b.n	10001008 <alarm_pool_irq_handler+0xf8>
100011ec:	4582      	cmp	sl, r0
100011ee:	d800      	bhi.n	100011f2 <alarm_pool_irq_handler+0x2e2>
100011f0:	e747      	b.n	10001082 <alarm_pool_irq_handler+0x172>
100011f2:	e74c      	b.n	1000108e <alarm_pool_irq_handler+0x17e>
100011f4:	20001c10 	.word	0x20001c10
100011f8:	4005703c 	.word	0x4005703c
100011fc:	10000f11 	.word	0x10000f11
10001200:	40054000 	.word	0x40054000

10001204 <runtime_init_default_alarm_pool>:
10001204:	b570      	push	{r4, r5, r6, lr}
10001206:	4c2d      	ldr	r4, [pc, #180]	@ (100012bc <runtime_init_default_alarm_pool+0xb8>)
10001208:	6925      	ldr	r5, [r4, #16]
1000120a:	2d00      	cmp	r5, #0
1000120c:	d004      	beq.n	10001218 <runtime_init_default_alarm_pool+0x14>
1000120e:	210a      	movs	r1, #10
10001210:	482b      	ldr	r0, [pc, #172]	@ (100012c0 <runtime_init_default_alarm_pool+0xbc>)
10001212:	f7ff fe0f 	bl	10000e34 <lock_init>
10001216:	bd70      	pop	{r4, r5, r6, pc}
10001218:	4e2a      	ldr	r6, [pc, #168]	@ (100012c4 <runtime_init_default_alarm_pool+0xc0>)
1000121a:	2103      	movs	r1, #3
1000121c:	4829      	ldr	r0, [pc, #164]	@ (100012c4 <runtime_init_default_alarm_pool+0xc0>)
1000121e:	f000 fa75 	bl	1000170c <timer_hardware_alarm_claim>
10001222:	60e6      	str	r6, [r4, #12]
10001224:	f7ff fb24 	bl	10000870 <next_striped_spin_lock_num>
10001228:	4b27      	ldr	r3, [pc, #156]	@ (100012c8 <runtime_init_default_alarm_pool+0xc4>)
1000122a:	2203      	movs	r2, #3
1000122c:	18c0      	adds	r0, r0, r3
1000122e:	23d0      	movs	r3, #208	@ 0xd0
10001230:	7022      	strb	r2, [r4, #0]
10001232:	061b      	lsls	r3, r3, #24
10001234:	681b      	ldr	r3, [r3, #0]
10001236:	2101      	movs	r1, #1
10001238:	7063      	strb	r3, [r4, #1]
1000123a:	4b24      	ldr	r3, [pc, #144]	@ (100012cc <runtime_init_default_alarm_pool+0xc8>)
1000123c:	0080      	lsls	r0, r0, #2
1000123e:	60a3      	str	r3, [r4, #8]
10001240:	230f      	movs	r3, #15
10001242:	6120      	str	r0, [r4, #16]
10001244:	2002      	movs	r0, #2
10001246:	8063      	strh	r3, [r4, #2]
10001248:	6963      	ldr	r3, [r4, #20]
1000124a:	4249      	negs	r1, r1
1000124c:	80a1      	strh	r1, [r4, #4]
1000124e:	8019      	strh	r1, [r3, #0]
10001250:	3102      	adds	r1, #2
10001252:	8619      	strh	r1, [r3, #48]	@ 0x30
10001254:	3147      	adds	r1, #71	@ 0x47
10001256:	831d      	strh	r5, [r3, #24]
10001258:	5258      	strh	r0, [r3, r1]
1000125a:	3118      	adds	r1, #24
1000125c:	525a      	strh	r2, [r3, r1]
1000125e:	3275      	adds	r2, #117	@ 0x75
10001260:	395c      	subs	r1, #92	@ 0x5c
10001262:	5299      	strh	r1, [r3, r2]
10001264:	3218      	adds	r2, #24
10001266:	3101      	adds	r1, #1
10001268:	5299      	strh	r1, [r3, r2]
1000126a:	3218      	adds	r2, #24
1000126c:	3101      	adds	r1, #1
1000126e:	5299      	strh	r1, [r3, r2]
10001270:	3218      	adds	r2, #24
10001272:	3101      	adds	r1, #1
10001274:	5299      	strh	r1, [r3, r2]
10001276:	3508      	adds	r5, #8
10001278:	3218      	adds	r2, #24
1000127a:	529d      	strh	r5, [r3, r2]
1000127c:	3102      	adds	r1, #2
1000127e:	3218      	adds	r2, #24
10001280:	5299      	strh	r1, [r3, r2]
10001282:	3218      	adds	r2, #24
10001284:	3101      	adds	r1, #1
10001286:	5299      	strh	r1, [r3, r2]
10001288:	3218      	adds	r2, #24
1000128a:	3101      	adds	r1, #1
1000128c:	5299      	strh	r1, [r3, r2]
1000128e:	3218      	adds	r2, #24
10001290:	3101      	adds	r1, #1
10001292:	5299      	strh	r1, [r3, r2]
10001294:	3218      	adds	r2, #24
10001296:	3101      	adds	r1, #1
10001298:	5299      	strh	r1, [r3, r2]
1000129a:	3218      	adds	r2, #24
1000129c:	3101      	adds	r1, #1
1000129e:	5299      	strh	r1, [r3, r2]
100012a0:	4b0b      	ldr	r3, [pc, #44]	@ (100012d0 <runtime_init_default_alarm_pool+0xcc>)
100012a2:	490c      	ldr	r1, [pc, #48]	@ (100012d4 <runtime_init_default_alarm_pool+0xd0>)
100012a4:	60dc      	str	r4, [r3, #12]
100012a6:	3001      	adds	r0, #1
100012a8:	6235      	str	r5, [r6, #32]
100012aa:	f7ff fb65 	bl	10000978 <irq_set_exclusive_handler>
100012ae:	2101      	movs	r1, #1
100012b0:	2003      	movs	r0, #3
100012b2:	f7ff fb2b 	bl	1000090c <irq_set_enabled>
100012b6:	4b08      	ldr	r3, [pc, #32]	@ (100012d8 <runtime_init_default_alarm_pool+0xd4>)
100012b8:	601d      	str	r5, [r3, #0]
100012ba:	e7a8      	b.n	1000120e <runtime_init_default_alarm_pool+0xa>
100012bc:	20000fb0 	.word	0x20000fb0
100012c0:	20001c34 	.word	0x20001c34
100012c4:	40054000 	.word	0x40054000
100012c8:	34000040 	.word	0x34000040
100012cc:	0010ffff 	.word	0x0010ffff
100012d0:	20001c10 	.word	0x20001c10
100012d4:	10000f11 	.word	0x10000f11
100012d8:	40056038 	.word	0x40056038

100012dc <alarm_pool_get_default>:
100012dc:	4800      	ldr	r0, [pc, #0]	@ (100012e0 <alarm_pool_get_default+0x4>)
100012de:	4770      	bx	lr
100012e0:	20000fb0 	.word	0x20000fb0

100012e4 <alarm_pool_add_alarm_at>:
100012e4:	b5f8      	push	{r3, r4, r5, r6, r7, lr}
100012e6:	001f      	movs	r7, r3
100012e8:	ab08      	add	r3, sp, #32
100012ea:	781b      	ldrb	r3, [r3, #0]
100012ec:	0004      	movs	r4, r0
100012ee:	0016      	movs	r6, r2
100012f0:	2b00      	cmp	r3, #0
100012f2:	d107      	bne.n	10001304 <alarm_pool_add_alarm_at+0x20>
100012f4:	f000 fa1c 	bl	10001730 <time_us_64>
100012f8:	0032      	movs	r2, r6
100012fa:	003b      	movs	r3, r7
100012fc:	1a12      	subs	r2, r2, r0
100012fe:	418b      	sbcs	r3, r1
10001300:	2b00      	cmp	r3, #0
10001302:	db51      	blt.n	100013a8 <alarm_pool_add_alarm_at+0xc4>
10001304:	6922      	ldr	r2, [r4, #16]
10001306:	f3ef 8c10 	mrs	ip, PRIMASK
1000130a:	b672      	cpsid	i
1000130c:	6813      	ldr	r3, [r2, #0]
1000130e:	2b00      	cmp	r3, #0
10001310:	d0fc      	beq.n	1000130c <alarm_pool_add_alarm_at+0x28>
10001312:	f3bf 8f5f 	dmb	sy
10001316:	2302      	movs	r3, #2
10001318:	5ee1      	ldrsh	r1, [r4, r3]
1000131a:	6925      	ldr	r5, [r4, #16]
1000131c:	2900      	cmp	r1, #0
1000131e:	db3a      	blt.n	10001396 <alarm_pool_add_alarm_at+0xb2>
10001320:	004b      	lsls	r3, r1, #1
10001322:	6960      	ldr	r0, [r4, #20]
10001324:	185b      	adds	r3, r3, r1
10001326:	00db      	lsls	r3, r3, #3
10001328:	18c2      	adds	r2, r0, r3
1000132a:	5ac3      	ldrh	r3, [r0, r3]
1000132c:	8063      	strh	r3, [r4, #2]
1000132e:	f3bf 8f5f 	dmb	sy
10001332:	2300      	movs	r3, #0
10001334:	602b      	str	r3, [r5, #0]
10001336:	f38c 8810 	msr	PRIMASK, ip
1000133a:	9b06      	ldr	r3, [sp, #24]
1000133c:	6096      	str	r6, [r2, #8]
1000133e:	60d7      	str	r7, [r2, #12]
10001340:	6113      	str	r3, [r2, #16]
10001342:	9b07      	ldr	r3, [sp, #28]
10001344:	6153      	str	r3, [r2, #20]
10001346:	8853      	ldrh	r3, [r2, #2]
10001348:	3301      	adds	r3, #1
1000134a:	045b      	lsls	r3, r3, #17
1000134c:	0c5b      	lsrs	r3, r3, #17
1000134e:	1c18      	adds	r0, r3, #0
10001350:	2b00      	cmp	r3, #0
10001352:	d01e      	beq.n	10001392 <alarm_pool_add_alarm_at+0xae>
10001354:	b283      	uxth	r3, r0
10001356:	8050      	strh	r0, [r2, #2]
10001358:	0408      	lsls	r0, r1, #16
1000135a:	4318      	orrs	r0, r3
1000135c:	6925      	ldr	r5, [r4, #16]
1000135e:	f3ef 8610 	mrs	r6, PRIMASK
10001362:	b672      	cpsid	i
10001364:	682b      	ldr	r3, [r5, #0]
10001366:	2b00      	cmp	r3, #0
10001368:	d0fc      	beq.n	10001364 <alarm_pool_add_alarm_at+0x80>
1000136a:	f3bf 8f5f 	dmb	sy
1000136e:	88a3      	ldrh	r3, [r4, #4]
10001370:	8013      	strh	r3, [r2, #0]
10001372:	80a1      	strh	r1, [r4, #4]
10001374:	6923      	ldr	r3, [r4, #16]
10001376:	f3bf 8f5f 	dmb	sy
1000137a:	2200      	movs	r2, #0
1000137c:	601a      	str	r2, [r3, #0]
1000137e:	f386 8810 	msr	PRIMASK, r6
10001382:	7823      	ldrb	r3, [r4, #0]
10001384:	3201      	adds	r2, #1
10001386:	409a      	lsls	r2, r3
10001388:	4908      	ldr	r1, [pc, #32]	@ (100013ac <alarm_pool_add_alarm_at+0xc8>)
1000138a:	68e3      	ldr	r3, [r4, #12]
1000138c:	185b      	adds	r3, r3, r1
1000138e:	601a      	str	r2, [r3, #0]
10001390:	bdf8      	pop	{r3, r4, r5, r6, r7, pc}
10001392:	2001      	movs	r0, #1
10001394:	e7de      	b.n	10001354 <alarm_pool_add_alarm_at+0x70>
10001396:	f3bf 8f5f 	dmb	sy
1000139a:	2300      	movs	r3, #0
1000139c:	602b      	str	r3, [r5, #0]
1000139e:	f38c 8810 	msr	PRIMASK, ip
100013a2:	2001      	movs	r0, #1
100013a4:	4240      	negs	r0, r0
100013a6:	e7f3      	b.n	10001390 <alarm_pool_add_alarm_at+0xac>
100013a8:	2000      	movs	r0, #0
100013aa:	e7f1      	b.n	10001390 <alarm_pool_add_alarm_at+0xac>
100013ac:	0000203c 	.word	0x0000203c

100013b0 <alarm_pool_add_alarm_at_force_in_context>:
100013b0:	b570      	push	{r4, r5, r6, lr}
100013b2:	b082      	sub	sp, #8
100013b4:	9200      	str	r2, [sp, #0]
100013b6:	9301      	str	r3, [sp, #4]
100013b8:	0001      	movs	r1, r0
100013ba:	6902      	ldr	r2, [r0, #16]
100013bc:	f3ef 8410 	mrs	r4, PRIMASK
100013c0:	b672      	cpsid	i
100013c2:	6813      	ldr	r3, [r2, #0]
100013c4:	2b00      	cmp	r3, #0
100013c6:	d0fc      	beq.n	100013c2 <alarm_pool_add_alarm_at_force_in_context+0x12>
100013c8:	f3bf 8f5f 	dmb	sy
100013cc:	2302      	movs	r3, #2
100013ce:	5ec8      	ldrsh	r0, [r1, r3]
100013d0:	690d      	ldr	r5, [r1, #16]
100013d2:	2800      	cmp	r0, #0
100013d4:	db3f      	blt.n	10001456 <alarm_pool_add_alarm_at_force_in_context+0xa6>
100013d6:	694a      	ldr	r2, [r1, #20]
100013d8:	0043      	lsls	r3, r0, #1
100013da:	0016      	movs	r6, r2
100013dc:	181b      	adds	r3, r3, r0
100013de:	00db      	lsls	r3, r3, #3
100013e0:	18d2      	adds	r2, r2, r3
100013e2:	5af3      	ldrh	r3, [r6, r3]
100013e4:	804b      	strh	r3, [r1, #2]
100013e6:	f3bf 8f5f 	dmb	sy
100013ea:	2300      	movs	r3, #0
100013ec:	602b      	str	r3, [r5, #0]
100013ee:	f384 8810 	msr	PRIMASK, r4
100013f2:	9b06      	ldr	r3, [sp, #24]
100013f4:	6113      	str	r3, [r2, #16]
100013f6:	9b07      	ldr	r3, [sp, #28]
100013f8:	6153      	str	r3, [r2, #20]
100013fa:	9b00      	ldr	r3, [sp, #0]
100013fc:	9c01      	ldr	r4, [sp, #4]
100013fe:	6093      	str	r3, [r2, #8]
10001400:	60d4      	str	r4, [r2, #12]
10001402:	8853      	ldrh	r3, [r2, #2]
10001404:	3301      	adds	r3, #1
10001406:	045b      	lsls	r3, r3, #17
10001408:	0c5b      	lsrs	r3, r3, #17
1000140a:	1c1d      	adds	r5, r3, #0
1000140c:	2b00      	cmp	r3, #0
1000140e:	d020      	beq.n	10001452 <alarm_pool_add_alarm_at_force_in_context+0xa2>
10001410:	b2ac      	uxth	r4, r5
10001412:	0403      	lsls	r3, r0, #16
10001414:	8055      	strh	r5, [r2, #2]
10001416:	4323      	orrs	r3, r4
10001418:	690d      	ldr	r5, [r1, #16]
1000141a:	f3ef 8c10 	mrs	ip, PRIMASK
1000141e:	b672      	cpsid	i
10001420:	682c      	ldr	r4, [r5, #0]
10001422:	2c00      	cmp	r4, #0
10001424:	d0fc      	beq.n	10001420 <alarm_pool_add_alarm_at_force_in_context+0x70>
10001426:	f3bf 8f5f 	dmb	sy
1000142a:	888c      	ldrh	r4, [r1, #4]
1000142c:	8014      	strh	r4, [r2, #0]
1000142e:	8088      	strh	r0, [r1, #4]
10001430:	690a      	ldr	r2, [r1, #16]
10001432:	f3bf 8f5f 	dmb	sy
10001436:	2000      	movs	r0, #0
10001438:	6010      	str	r0, [r2, #0]
1000143a:	f38c 8810 	msr	PRIMASK, ip
1000143e:	780a      	ldrb	r2, [r1, #0]
10001440:	3001      	adds	r0, #1
10001442:	4090      	lsls	r0, r2
10001444:	68ca      	ldr	r2, [r1, #12]
10001446:	4908      	ldr	r1, [pc, #32]	@ (10001468 <alarm_pool_add_alarm_at_force_in_context+0xb8>)
10001448:	1852      	adds	r2, r2, r1
1000144a:	6010      	str	r0, [r2, #0]
1000144c:	0018      	movs	r0, r3
1000144e:	b002      	add	sp, #8
10001450:	bd70      	pop	{r4, r5, r6, pc}
10001452:	2501      	movs	r5, #1
10001454:	e7dc      	b.n	10001410 <alarm_pool_add_alarm_at_force_in_context+0x60>
10001456:	f3bf 8f5f 	dmb	sy
1000145a:	2300      	movs	r3, #0
1000145c:	602b      	str	r3, [r5, #0]
1000145e:	f384 8810 	msr	PRIMASK, r4
10001462:	3b01      	subs	r3, #1
10001464:	e7f2      	b.n	1000144c <alarm_pool_add_alarm_at_force_in_context+0x9c>
10001466:	46c0      	nop			@ (mov r8, r8)
10001468:	0000203c 	.word	0x0000203c

1000146c <alarm_pool_cancel_alarm>:
1000146c:	b510      	push	{r4, lr}
1000146e:	8943      	ldrh	r3, [r0, #10]
10001470:	140a      	asrs	r2, r1, #16
10001472:	4293      	cmp	r3, r2
10001474:	dd1a      	ble.n	100014ac <alarm_pool_cancel_alarm+0x40>
10001476:	0053      	lsls	r3, r2, #1
10001478:	189b      	adds	r3, r3, r2
1000147a:	6942      	ldr	r2, [r0, #20]
1000147c:	00db      	lsls	r3, r3, #3
1000147e:	18d3      	adds	r3, r2, r3
10001480:	6904      	ldr	r4, [r0, #16]
10001482:	f3ef 8c10 	mrs	ip, PRIMASK
10001486:	b672      	cpsid	i
10001488:	6822      	ldr	r2, [r4, #0]
1000148a:	2a00      	cmp	r2, #0
1000148c:	d0fc      	beq.n	10001488 <alarm_pool_cancel_alarm+0x1c>
1000148e:	f3bf 8f5f 	dmb	sy
10001492:	885a      	ldrh	r2, [r3, #2]
10001494:	0409      	lsls	r1, r1, #16
10001496:	b294      	uxth	r4, r2
10001498:	0c09      	lsrs	r1, r1, #16
1000149a:	428a      	cmp	r2, r1
1000149c:	d008      	beq.n	100014b0 <alarm_pool_cancel_alarm+0x44>
1000149e:	6903      	ldr	r3, [r0, #16]
100014a0:	f3bf 8f5f 	dmb	sy
100014a4:	2200      	movs	r2, #0
100014a6:	601a      	str	r2, [r3, #0]
100014a8:	f38c 8810 	msr	PRIMASK, ip
100014ac:	2000      	movs	r0, #0
100014ae:	bd10      	pop	{r4, pc}
100014b0:	4a09      	ldr	r2, [pc, #36]	@ (100014d8 <alarm_pool_cancel_alarm+0x6c>)
100014b2:	4322      	orrs	r2, r4
100014b4:	805a      	strh	r2, [r3, #2]
100014b6:	2301      	movs	r3, #1
100014b8:	6902      	ldr	r2, [r0, #16]
100014ba:	7183      	strb	r3, [r0, #6]
100014bc:	f3bf 8f5f 	dmb	sy
100014c0:	2100      	movs	r1, #0
100014c2:	6011      	str	r1, [r2, #0]
100014c4:	f38c 8810 	msr	PRIMASK, ip
100014c8:	7802      	ldrb	r2, [r0, #0]
100014ca:	4904      	ldr	r1, [pc, #16]	@ (100014dc <alarm_pool_cancel_alarm+0x70>)
100014cc:	4093      	lsls	r3, r2
100014ce:	68c2      	ldr	r2, [r0, #12]
100014d0:	2001      	movs	r0, #1
100014d2:	1852      	adds	r2, r2, r1
100014d4:	6013      	str	r3, [r2, #0]
100014d6:	e7ea      	b.n	100014ae <alarm_pool_cancel_alarm+0x42>
100014d8:	ffff8000 	.word	0xffff8000
100014dc:	0000203c 	.word	0x0000203c

100014e0 <alarm_pool_core_num>:
100014e0:	7840      	ldrb	r0, [r0, #1]
100014e2:	4770      	bx	lr

100014e4 <sleep_ms>:
100014e4:	b5f0      	push	{r4, r5, r6, r7, lr}
100014e6:	46c6      	mov	lr, r8
100014e8:	b500      	push	{lr}
100014ea:	b082      	sub	sp, #8
100014ec:	0004      	movs	r4, r0
100014ee:	f000 f91f 	bl	10001730 <time_us_64>
100014f2:	22fa      	movs	r2, #250	@ 0xfa
100014f4:	0006      	movs	r6, r0
100014f6:	000f      	movs	r7, r1
100014f8:	0020      	movs	r0, r4
100014fa:	2300      	movs	r3, #0
100014fc:	2100      	movs	r1, #0
100014fe:	0092      	lsls	r2, r2, #2
10001500:	f001 fa9a 	bl	10002a38 <__wrap___aeabi_lmul>
10001504:	1980      	adds	r0, r0, r6
10001506:	4179      	adcs	r1, r7
10001508:	0004      	movs	r4, r0
1000150a:	1e0d      	subs	r5, r1, #0
1000150c:	da02      	bge.n	10001514 <sleep_ms+0x30>
1000150e:	2401      	movs	r4, #1
10001510:	4d2e      	ldr	r5, [pc, #184]	@ (100015cc <sleep_ms+0xe8>)
10001512:	4264      	negs	r4, r4
10001514:	2606      	movs	r6, #6
10001516:	4276      	negs	r6, r6
10001518:	17f7      	asrs	r7, r6, #31
1000151a:	1936      	adds	r6, r6, r4
1000151c:	416f      	adcs	r7, r5
1000151e:	42af      	cmp	r7, r5
10001520:	d814      	bhi.n	1000154c <sleep_ms+0x68>
10001522:	d011      	beq.n	10001548 <sleep_ms+0x64>
10001524:	f000 f904 	bl	10001730 <time_us_64>
10001528:	0032      	movs	r2, r6
1000152a:	003b      	movs	r3, r7
1000152c:	1a12      	subs	r2, r2, r0
1000152e:	418b      	sbcs	r3, r1
10001530:	2b00      	cmp	r3, #0
10001532:	dc15      	bgt.n	10001560 <sleep_ms+0x7c>
10001534:	2b00      	cmp	r3, #0
10001536:	d046      	beq.n	100015c6 <sleep_ms+0xe2>
10001538:	0020      	movs	r0, r4
1000153a:	0029      	movs	r1, r5
1000153c:	f000 f902 	bl	10001744 <busy_wait_until>
10001540:	b002      	add	sp, #8
10001542:	bc80      	pop	{r7}
10001544:	46b8      	mov	r8, r7
10001546:	bdf0      	pop	{r4, r5, r6, r7, pc}
10001548:	42a6      	cmp	r6, r4
1000154a:	d9eb      	bls.n	10001524 <sleep_ms+0x40>
1000154c:	2600      	movs	r6, #0
1000154e:	2700      	movs	r7, #0
10001550:	f000 f8ee 	bl	10001730 <time_us_64>
10001554:	0032      	movs	r2, r6
10001556:	003b      	movs	r3, r7
10001558:	1a12      	subs	r2, r2, r0
1000155a:	418b      	sbcs	r3, r1
1000155c:	2b00      	cmp	r3, #0
1000155e:	dde9      	ble.n	10001534 <sleep_ms+0x50>
10001560:	f000 f8e6 	bl	10001730 <time_us_64>
10001564:	0032      	movs	r2, r6
10001566:	003b      	movs	r3, r7
10001568:	1a12      	subs	r2, r2, r0
1000156a:	418b      	sbcs	r3, r1
1000156c:	2b00      	cmp	r3, #0
1000156e:	db0a      	blt.n	10001586 <sleep_ms+0xa2>
10001570:	2300      	movs	r3, #0
10001572:	9301      	str	r3, [sp, #4]
10001574:	4b16      	ldr	r3, [pc, #88]	@ (100015d0 <sleep_ms+0xec>)
10001576:	0032      	movs	r2, r6
10001578:	9300      	str	r3, [sp, #0]
1000157a:	4816      	ldr	r0, [pc, #88]	@ (100015d4 <sleep_ms+0xf0>)
1000157c:	003b      	movs	r3, r7
1000157e:	f7ff ff17 	bl	100013b0 <alarm_pool_add_alarm_at_force_in_context>
10001582:	3001      	adds	r0, #1
10001584:	d0d8      	beq.n	10001538 <sleep_ms+0x54>
10001586:	2300      	movs	r3, #0
10001588:	0039      	movs	r1, r7
1000158a:	46b0      	mov	r8, r6
1000158c:	469c      	mov	ip, r3
1000158e:	4a12      	ldr	r2, [pc, #72]	@ (100015d8 <sleep_ms+0xf4>)
10001590:	4812      	ldr	r0, [pc, #72]	@ (100015dc <sleep_ms+0xf8>)
10001592:	6a53      	ldr	r3, [r2, #36]	@ 0x24
10001594:	4299      	cmp	r1, r3
10001596:	d804      	bhi.n	100015a2 <sleep_ms+0xbe>
10001598:	6a96      	ldr	r6, [r2, #40]	@ 0x28
1000159a:	4546      	cmp	r6, r8
1000159c:	d2cc      	bcs.n	10001538 <sleep_ms+0x54>
1000159e:	4299      	cmp	r1, r3
100015a0:	d1ca      	bne.n	10001538 <sleep_ms+0x54>
100015a2:	6806      	ldr	r6, [r0, #0]
100015a4:	f3ef 8710 	mrs	r7, PRIMASK
100015a8:	b672      	cpsid	i
100015aa:	6833      	ldr	r3, [r6, #0]
100015ac:	2b00      	cmp	r3, #0
100015ae:	d0fc      	beq.n	100015aa <sleep_ms+0xc6>
100015b0:	f3bf 8f5f 	dmb	sy
100015b4:	6803      	ldr	r3, [r0, #0]
100015b6:	f3bf 8f5f 	dmb	sy
100015ba:	4666      	mov	r6, ip
100015bc:	601e      	str	r6, [r3, #0]
100015be:	f387 8810 	msr	PRIMASK, r7
100015c2:	bf20      	wfe
100015c4:	e7e5      	b.n	10001592 <sleep_ms+0xae>
100015c6:	2a00      	cmp	r2, #0
100015c8:	d0b6      	beq.n	10001538 <sleep_ms+0x54>
100015ca:	e7c9      	b.n	10001560 <sleep_ms+0x7c>
100015cc:	7fffffff 	.word	0x7fffffff
100015d0:	10000ee1 	.word	0x10000ee1
100015d4:	20000fb0 	.word	0x20000fb0
100015d8:	40054000 	.word	0x40054000
100015dc:	20001c34 	.word	0x20001c34

100015e0 <best_effort_wfe_or_timeout>:
100015e0:	b5f0      	push	{r4, r5, r6, r7, lr}
100015e2:	46ce      	mov	lr, r9
100015e4:	4647      	mov	r7, r8
100015e6:	b580      	push	{r7, lr}
100015e8:	0004      	movs	r4, r0
100015ea:	000d      	movs	r5, r1
100015ec:	b085      	sub	sp, #20
100015ee:	f3ef 8305 	mrs	r3, IPSR
100015f2:	4689      	mov	r9, r1
100015f4:	2b00      	cmp	r3, #0
100015f6:	d132      	bne.n	1000165e <best_effort_wfe_or_timeout+0x7e>
100015f8:	4e40      	ldr	r6, [pc, #256]	@ (100016fc <best_effort_wfe_or_timeout+0x11c>)
100015fa:	6833      	ldr	r3, [r6, #0]
100015fc:	4283      	cmp	r3, r0
100015fe:	d02a      	beq.n	10001656 <best_effort_wfe_or_timeout+0x76>
10001600:	4f3f      	ldr	r7, [pc, #252]	@ (10001700 <best_effort_wfe_or_timeout+0x120>)
10001602:	68fb      	ldr	r3, [r7, #12]
10001604:	783a      	ldrb	r2, [r7, #0]
10001606:	4698      	mov	r8, r3
10001608:	0018      	movs	r0, r3
1000160a:	9203      	str	r2, [sp, #12]
1000160c:	f000 f888 	bl	10001720 <timer_time_us_64>
10001610:	9a03      	ldr	r2, [sp, #12]
10001612:	1d13      	adds	r3, r2, #4
10001614:	4642      	mov	r2, r8
10001616:	009b      	lsls	r3, r3, #2
10001618:	589b      	ldr	r3, [r3, r2]
1000161a:	0022      	movs	r2, r4
1000161c:	1a1b      	subs	r3, r3, r0
1000161e:	469c      	mov	ip, r3
10001620:	002b      	movs	r3, r5
10001622:	1a12      	subs	r2, r2, r0
10001624:	418b      	sbcs	r3, r1
10001626:	0019      	movs	r1, r3
10001628:	2300      	movs	r3, #0
1000162a:	0010      	movs	r0, r2
1000162c:	428b      	cmp	r3, r1
1000162e:	dc25      	bgt.n	1000167c <best_effort_wfe_or_timeout+0x9c>
10001630:	d022      	beq.n	10001678 <best_effort_wfe_or_timeout+0x98>
10001632:	bf20      	wfe
10001634:	4b33      	ldr	r3, [pc, #204]	@ (10001704 <best_effort_wfe_or_timeout+0x124>)
10001636:	6a58      	ldr	r0, [r3, #36]	@ 0x24
10001638:	4548      	cmp	r0, r9
1000163a:	d32b      	bcc.n	10001694 <best_effort_wfe_or_timeout+0xb4>
1000163c:	1b40      	subs	r0, r0, r5
1000163e:	6a9a      	ldr	r2, [r3, #40]	@ 0x28
10001640:	1e43      	subs	r3, r0, #1
10001642:	4198      	sbcs	r0, r3
10001644:	2300      	movs	r3, #0
10001646:	42a2      	cmp	r2, r4
10001648:	415b      	adcs	r3, r3
1000164a:	4318      	orrs	r0, r3
1000164c:	b005      	add	sp, #20
1000164e:	bcc0      	pop	{r6, r7}
10001650:	46b9      	mov	r9, r7
10001652:	46b0      	mov	r8, r6
10001654:	bdf0      	pop	{r4, r5, r6, r7, pc}
10001656:	6873      	ldr	r3, [r6, #4]
10001658:	428b      	cmp	r3, r1
1000165a:	d1d1      	bne.n	10001600 <best_effort_wfe_or_timeout+0x20>
1000165c:	e7e9      	b.n	10001632 <best_effort_wfe_or_timeout+0x52>
1000165e:	4929      	ldr	r1, [pc, #164]	@ (10001704 <best_effort_wfe_or_timeout+0x124>)
10001660:	2000      	movs	r0, #0
10001662:	6a4b      	ldr	r3, [r1, #36]	@ 0x24
10001664:	42ab      	cmp	r3, r5
10001666:	d3f1      	bcc.n	1000164c <best_effort_wfe_or_timeout+0x6c>
10001668:	6a8a      	ldr	r2, [r1, #40]	@ 0x28
1000166a:	1b5b      	subs	r3, r3, r5
1000166c:	1e59      	subs	r1, r3, #1
1000166e:	418b      	sbcs	r3, r1
10001670:	42a2      	cmp	r2, r4
10001672:	4140      	adcs	r0, r0
10001674:	4318      	orrs	r0, r3
10001676:	e7e9      	b.n	1000164c <best_effort_wfe_or_timeout+0x6c>
10001678:	4584      	cmp	ip, r0
1000167a:	d9da      	bls.n	10001632 <best_effort_wfe_or_timeout+0x52>
1000167c:	f000 f858 	bl	10001730 <time_us_64>
10001680:	0022      	movs	r2, r4
10001682:	002b      	movs	r3, r5
10001684:	1a12      	subs	r2, r2, r0
10001686:	418b      	sbcs	r3, r1
10001688:	2b00      	cmp	r3, #0
1000168a:	da05      	bge.n	10001698 <best_effort_wfe_or_timeout+0xb8>
1000168c:	4a1d      	ldr	r2, [pc, #116]	@ (10001704 <best_effort_wfe_or_timeout+0x124>)
1000168e:	6a53      	ldr	r3, [r2, #36]	@ 0x24
10001690:	454b      	cmp	r3, r9
10001692:	d229      	bcs.n	100016e8 <best_effort_wfe_or_timeout+0x108>
10001694:	2000      	movs	r0, #0
10001696:	e7d9      	b.n	1000164c <best_effort_wfe_or_timeout+0x6c>
10001698:	2300      	movs	r3, #0
1000169a:	9301      	str	r3, [sp, #4]
1000169c:	4b1a      	ldr	r3, [pc, #104]	@ (10001708 <best_effort_wfe_or_timeout+0x128>)
1000169e:	0022      	movs	r2, r4
100016a0:	9300      	str	r3, [sp, #0]
100016a2:	0038      	movs	r0, r7
100016a4:	002b      	movs	r3, r5
100016a6:	f7ff fe83 	bl	100013b0 <alarm_pool_add_alarm_at_force_in_context>
100016aa:	2800      	cmp	r0, #0
100016ac:	ddee      	ble.n	1000168c <best_effort_wfe_or_timeout+0xac>
100016ae:	4b15      	ldr	r3, [pc, #84]	@ (10001704 <best_effort_wfe_or_timeout+0x124>)
100016b0:	c630      	stmia	r6!, {r4, r5}
100016b2:	6a5a      	ldr	r2, [r3, #36]	@ 0x24
100016b4:	454a      	cmp	r2, r9
100016b6:	d315      	bcc.n	100016e4 <best_effort_wfe_or_timeout+0x104>
100016b8:	6a9b      	ldr	r3, [r3, #40]	@ 0x28
100016ba:	42a3      	cmp	r3, r4
100016bc:	d310      	bcc.n	100016e0 <best_effort_wfe_or_timeout+0x100>
100016be:	0001      	movs	r1, r0
100016c0:	0038      	movs	r0, r7
100016c2:	f7ff fed3 	bl	1000146c <alarm_pool_cancel_alarm>
100016c6:	4a0f      	ldr	r2, [pc, #60]	@ (10001704 <best_effort_wfe_or_timeout+0x124>)
100016c8:	2000      	movs	r0, #0
100016ca:	6a53      	ldr	r3, [r2, #36]	@ 0x24
100016cc:	454b      	cmp	r3, r9
100016ce:	d3bd      	bcc.n	1000164c <best_effort_wfe_or_timeout+0x6c>
100016d0:	6a92      	ldr	r2, [r2, #40]	@ 0x28
100016d2:	1b5b      	subs	r3, r3, r5
100016d4:	1e59      	subs	r1, r3, #1
100016d6:	418b      	sbcs	r3, r1
100016d8:	42a2      	cmp	r2, r4
100016da:	4140      	adcs	r0, r0
100016dc:	4318      	orrs	r0, r3
100016de:	e7b5      	b.n	1000164c <best_effort_wfe_or_timeout+0x6c>
100016e0:	454a      	cmp	r2, r9
100016e2:	d1ec      	bne.n	100016be <best_effort_wfe_or_timeout+0xde>
100016e4:	bf20      	wfe
100016e6:	e7ea      	b.n	100016be <best_effort_wfe_or_timeout+0xde>
100016e8:	2000      	movs	r0, #0
100016ea:	6a92      	ldr	r2, [r2, #40]	@ 0x28
100016ec:	1b5b      	subs	r3, r3, r5
100016ee:	42a2      	cmp	r2, r4
100016f0:	4140      	adcs	r0, r0
100016f2:	1e5a      	subs	r2, r3, #1
100016f4:	4193      	sbcs	r3, r2
100016f6:	4318      	orrs	r0, r3
100016f8:	e7a8      	b.n	1000164c <best_effort_wfe_or_timeout+0x6c>
100016fa:	46c0      	nop			@ (mov r8, r8)
100016fc:	20000fa8 	.word	0x20000fa8
10001700:	20000fb0 	.word	0x20000fb0
10001704:	40054000 	.word	0x40054000
10001708:	10000ee1 	.word	0x10000ee1

1000170c <timer_hardware_alarm_claim>:
1000170c:	b510      	push	{r4, lr}
1000170e:	4a02      	ldr	r2, [pc, #8]	@ (10001718 <timer_hardware_alarm_claim+0xc>)
10001710:	4802      	ldr	r0, [pc, #8]	@ (1000171c <timer_hardware_alarm_claim+0x10>)
10001712:	f7ff f841 	bl	10000798 <hw_claim_or_assert>
10001716:	bd10      	pop	{r4, pc}
10001718:	10006b6c 	.word	0x10006b6c
1000171c:	20001798 	.word	0x20001798

10001720 <timer_time_us_64>:
10001720:	0003      	movs	r3, r0
10001722:	6a41      	ldr	r1, [r0, #36]	@ 0x24
10001724:	000a      	movs	r2, r1
10001726:	6a98      	ldr	r0, [r3, #40]	@ 0x28
10001728:	6a59      	ldr	r1, [r3, #36]	@ 0x24
1000172a:	428a      	cmp	r2, r1
1000172c:	d1fa      	bne.n	10001724 <timer_time_us_64+0x4>
1000172e:	4770      	bx	lr

10001730 <time_us_64>:
10001730:	4b03      	ldr	r3, [pc, #12]	@ (10001740 <time_us_64+0x10>)
10001732:	6a59      	ldr	r1, [r3, #36]	@ 0x24
10001734:	000a      	movs	r2, r1
10001736:	6a98      	ldr	r0, [r3, #40]	@ 0x28
10001738:	6a59      	ldr	r1, [r3, #36]	@ 0x24
1000173a:	4291      	cmp	r1, r2
1000173c:	d1fa      	bne.n	10001734 <time_us_64+0x4>
1000173e:	4770      	bx	lr
10001740:	40054000 	.word	0x40054000

10001744 <busy_wait_until>:
10001744:	4a06      	ldr	r2, [pc, #24]	@ (10001760 <busy_wait_until+0x1c>)
10001746:	6a53      	ldr	r3, [r2, #36]	@ 0x24
10001748:	4299      	cmp	r1, r3
1000174a:	d8fc      	bhi.n	10001746 <busy_wait_until+0x2>
1000174c:	d107      	bne.n	1000175e <busy_wait_until+0x1a>
1000174e:	4b04      	ldr	r3, [pc, #16]	@ (10001760 <busy_wait_until+0x1c>)
10001750:	e002      	b.n	10001758 <busy_wait_until+0x14>
10001752:	6a5a      	ldr	r2, [r3, #36]	@ 0x24
10001754:	4291      	cmp	r1, r2
10001756:	d102      	bne.n	1000175e <busy_wait_until+0x1a>
10001758:	6a9a      	ldr	r2, [r3, #40]	@ 0x28
1000175a:	4290      	cmp	r0, r2
1000175c:	d8f9      	bhi.n	10001752 <busy_wait_until+0xe>
1000175e:	4770      	bx	lr
10001760:	40054000 	.word	0x40054000

10001764 <clock_configure_int_divider>:
10001764:	b5f8      	push	{r3, r4, r5, r6, r7, lr}
10001766:	46de      	mov	lr, fp
10001768:	464e      	mov	r6, r9
1000176a:	4645      	mov	r5, r8
1000176c:	4657      	mov	r7, sl
1000176e:	b5e0      	push	{r5, r6, r7, lr}
10001770:	0005      	movs	r5, r0
10001772:	468b      	mov	fp, r1
10001774:	0018      	movs	r0, r3
10001776:	990a      	ldr	r1, [sp, #40]	@ 0x28
10001778:	4691      	mov	r9, r2
1000177a:	f000 fb39 	bl	10001df0 <__wrap___aeabi_uidiv>
1000177e:	9b0a      	ldr	r3, [sp, #40]	@ 0x28
10001780:	006c      	lsls	r4, r5, #1
10001782:	021e      	lsls	r6, r3, #8
10001784:	1964      	adds	r4, r4, r5
10001786:	4b30      	ldr	r3, [pc, #192]	@ (10001848 <clock_configure_int_divider+0xe4>)
10001788:	00a4      	lsls	r4, r4, #2
1000178a:	18e4      	adds	r4, r4, r3
1000178c:	6863      	ldr	r3, [r4, #4]
1000178e:	4680      	mov	r8, r0
10001790:	429e      	cmp	r6, r3
10001792:	d900      	bls.n	10001796 <clock_configure_int_divider+0x32>
10001794:	6066      	str	r6, [r4, #4]
10001796:	1f2f      	subs	r7, r5, #4
10001798:	b2fb      	uxtb	r3, r7
1000179a:	469a      	mov	sl, r3
1000179c:	2b01      	cmp	r3, #1
1000179e:	d92f      	bls.n	10001800 <clock_configure_int_divider+0x9c>
100017a0:	23c0      	movs	r3, #192	@ 0xc0
100017a2:	2280      	movs	r2, #128	@ 0x80
100017a4:	4f29      	ldr	r7, [pc, #164]	@ (1000184c <clock_configure_int_divider+0xe8>)
100017a6:	00ad      	lsls	r5, r5, #2
100017a8:	019b      	lsls	r3, r3, #6
100017aa:	5979      	ldr	r1, [r7, r5]
100017ac:	0112      	lsls	r2, r2, #4
100017ae:	18e3      	adds	r3, r4, r3
100017b0:	601a      	str	r2, [r3, #0]
100017b2:	2900      	cmp	r1, #0
100017b4:	d11b      	bne.n	100017ee <clock_configure_int_divider+0x8a>
100017b6:	464b      	mov	r3, r9
100017b8:	6822      	ldr	r2, [r4, #0]
100017ba:	015b      	lsls	r3, r3, #5
100017bc:	4053      	eors	r3, r2
100017be:	22e0      	movs	r2, #224	@ 0xe0
100017c0:	4013      	ands	r3, r2
100017c2:	2280      	movs	r2, #128	@ 0x80
100017c4:	0152      	lsls	r2, r2, #5
100017c6:	18a2      	adds	r2, r4, r2
100017c8:	6013      	str	r3, [r2, #0]
100017ca:	4653      	mov	r3, sl
100017cc:	2b01      	cmp	r3, #1
100017ce:	d92f      	bls.n	10001830 <clock_configure_int_divider+0xcc>
100017d0:	2380      	movs	r3, #128	@ 0x80
100017d2:	2280      	movs	r2, #128	@ 0x80
100017d4:	019b      	lsls	r3, r3, #6
100017d6:	18e3      	adds	r3, r4, r3
100017d8:	0112      	lsls	r2, r2, #4
100017da:	601a      	str	r2, [r3, #0]
100017dc:	4643      	mov	r3, r8
100017de:	6066      	str	r6, [r4, #4]
100017e0:	517b      	str	r3, [r7, r5]
100017e2:	bcf0      	pop	{r4, r5, r6, r7}
100017e4:	46bb      	mov	fp, r7
100017e6:	46b2      	mov	sl, r6
100017e8:	46a9      	mov	r9, r5
100017ea:	46a0      	mov	r8, r4
100017ec:	bdf8      	pop	{r3, r4, r5, r6, r7, pc}
100017ee:	6978      	ldr	r0, [r7, #20]
100017f0:	f000 fafe 	bl	10001df0 <__wrap___aeabi_uidiv>
100017f4:	3001      	adds	r0, #1
100017f6:	0043      	lsls	r3, r0, #1
100017f8:	181b      	adds	r3, r3, r0
100017fa:	3b03      	subs	r3, #3
100017fc:	d2fd      	bcs.n	100017fa <clock_configure_int_divider+0x96>
100017fe:	e7da      	b.n	100017b6 <clock_configure_int_divider+0x52>
10001800:	465b      	mov	r3, fp
10001802:	2b01      	cmp	r3, #1
10001804:	d1cc      	bne.n	100017a0 <clock_configure_int_divider+0x3c>
10001806:	23c0      	movs	r3, #192	@ 0xc0
10001808:	2203      	movs	r2, #3
1000180a:	019b      	lsls	r3, r3, #6
1000180c:	18e3      	adds	r3, r4, r3
1000180e:	601a      	str	r2, [r3, #0]
10001810:	3a02      	subs	r2, #2
10001812:	68a3      	ldr	r3, [r4, #8]
10001814:	421a      	tst	r2, r3
10001816:	d0fc      	beq.n	10001812 <clock_configure_int_divider+0xae>
10001818:	464a      	mov	r2, r9
1000181a:	6823      	ldr	r3, [r4, #0]
1000181c:	0152      	lsls	r2, r2, #5
1000181e:	405a      	eors	r2, r3
10001820:	23e0      	movs	r3, #224	@ 0xe0
10001822:	4013      	ands	r3, r2
10001824:	2280      	movs	r2, #128	@ 0x80
10001826:	0152      	lsls	r2, r2, #5
10001828:	18a2      	adds	r2, r4, r2
1000182a:	4f08      	ldr	r7, [pc, #32]	@ (1000184c <clock_configure_int_divider+0xe8>)
1000182c:	6013      	str	r3, [r2, #0]
1000182e:	00ad      	lsls	r5, r5, #2
10001830:	4658      	mov	r0, fp
10001832:	2303      	movs	r3, #3
10001834:	6821      	ldr	r1, [r4, #0]
10001836:	4041      	eors	r1, r0
10001838:	400b      	ands	r3, r1
1000183a:	6013      	str	r3, [r2, #0]
1000183c:	2201      	movs	r2, #1
1000183e:	4082      	lsls	r2, r0
10001840:	68a3      	ldr	r3, [r4, #8]
10001842:	421a      	tst	r2, r3
10001844:	d0fc      	beq.n	10001840 <clock_configure_int_divider+0xdc>
10001846:	e7c3      	b.n	100017d0 <clock_configure_int_divider+0x6c>
10001848:	40008000 	.word	0x40008000
1000184c:	2000179c 	.word	0x2000179c

10001850 <clock_configure_undivided>:
10001850:	b5f0      	push	{r4, r5, r6, r7, lr}
10001852:	46d6      	mov	lr, sl
10001854:	464f      	mov	r7, r9
10001856:	4646      	mov	r6, r8
10001858:	0044      	lsls	r4, r0, #1
1000185a:	4698      	mov	r8, r3
1000185c:	1824      	adds	r4, r4, r0
1000185e:	4b32      	ldr	r3, [pc, #200]	@ (10001928 <clock_configure_undivided+0xd8>)
10001860:	00a4      	lsls	r4, r4, #2
10001862:	18e4      	adds	r4, r4, r3
10001864:	6863      	ldr	r3, [r4, #4]
10001866:	468a      	mov	sl, r1
10001868:	4691      	mov	r9, r2
1000186a:	b5c0      	push	{r6, r7, lr}
1000186c:	2bff      	cmp	r3, #255	@ 0xff
1000186e:	d802      	bhi.n	10001876 <clock_configure_undivided+0x26>
10001870:	2380      	movs	r3, #128	@ 0x80
10001872:	005b      	lsls	r3, r3, #1
10001874:	6063      	str	r3, [r4, #4]
10001876:	1f06      	subs	r6, r0, #4
10001878:	b2f6      	uxtb	r6, r6
1000187a:	2e01      	cmp	r6, #1
1000187c:	d92f      	bls.n	100018de <clock_configure_undivided+0x8e>
1000187e:	23c0      	movs	r3, #192	@ 0xc0
10001880:	2280      	movs	r2, #128	@ 0x80
10001882:	4f2a      	ldr	r7, [pc, #168]	@ (1000192c <clock_configure_undivided+0xdc>)
10001884:	0085      	lsls	r5, r0, #2
10001886:	019b      	lsls	r3, r3, #6
10001888:	5979      	ldr	r1, [r7, r5]
1000188a:	0112      	lsls	r2, r2, #4
1000188c:	18e3      	adds	r3, r4, r3
1000188e:	601a      	str	r2, [r3, #0]
10001890:	2900      	cmp	r1, #0
10001892:	d11b      	bne.n	100018cc <clock_configure_undivided+0x7c>
10001894:	464b      	mov	r3, r9
10001896:	6822      	ldr	r2, [r4, #0]
10001898:	015b      	lsls	r3, r3, #5
1000189a:	4053      	eors	r3, r2
1000189c:	22e0      	movs	r2, #224	@ 0xe0
1000189e:	4013      	ands	r3, r2
100018a0:	2280      	movs	r2, #128	@ 0x80
100018a2:	0152      	lsls	r2, r2, #5
100018a4:	18a2      	adds	r2, r4, r2
100018a6:	6013      	str	r3, [r2, #0]
100018a8:	2e01      	cmp	r6, #1
100018aa:	d930      	bls.n	1000190e <clock_configure_undivided+0xbe>
100018ac:	2380      	movs	r3, #128	@ 0x80
100018ae:	2280      	movs	r2, #128	@ 0x80
100018b0:	019b      	lsls	r3, r3, #6
100018b2:	18e3      	adds	r3, r4, r3
100018b4:	0112      	lsls	r2, r2, #4
100018b6:	601a      	str	r2, [r3, #0]
100018b8:	2380      	movs	r3, #128	@ 0x80
100018ba:	005b      	lsls	r3, r3, #1
100018bc:	6063      	str	r3, [r4, #4]
100018be:	4643      	mov	r3, r8
100018c0:	517b      	str	r3, [r7, r5]
100018c2:	bce0      	pop	{r5, r6, r7}
100018c4:	46ba      	mov	sl, r7
100018c6:	46b1      	mov	r9, r6
100018c8:	46a8      	mov	r8, r5
100018ca:	bdf0      	pop	{r4, r5, r6, r7, pc}
100018cc:	6978      	ldr	r0, [r7, #20]
100018ce:	f000 fa8f 	bl	10001df0 <__wrap___aeabi_uidiv>
100018d2:	3001      	adds	r0, #1
100018d4:	0043      	lsls	r3, r0, #1
100018d6:	181b      	adds	r3, r3, r0
100018d8:	3b03      	subs	r3, #3
100018da:	d2fd      	bcs.n	100018d8 <clock_configure_undivided+0x88>
100018dc:	e7da      	b.n	10001894 <clock_configure_undivided+0x44>
100018de:	4653      	mov	r3, sl
100018e0:	2b01      	cmp	r3, #1
100018e2:	d1cc      	bne.n	1000187e <clock_configure_undivided+0x2e>
100018e4:	23c0      	movs	r3, #192	@ 0xc0
100018e6:	2203      	movs	r2, #3
100018e8:	019b      	lsls	r3, r3, #6
100018ea:	18e3      	adds	r3, r4, r3
100018ec:	601a      	str	r2, [r3, #0]
100018ee:	3a02      	subs	r2, #2
100018f0:	68a3      	ldr	r3, [r4, #8]
100018f2:	421a      	tst	r2, r3
100018f4:	d0fc      	beq.n	100018f0 <clock_configure_undivided+0xa0>
100018f6:	464a      	mov	r2, r9
100018f8:	6823      	ldr	r3, [r4, #0]
100018fa:	0152      	lsls	r2, r2, #5
100018fc:	405a      	eors	r2, r3
100018fe:	23e0      	movs	r3, #224	@ 0xe0
10001900:	4013      	ands	r3, r2
10001902:	2280      	movs	r2, #128	@ 0x80
10001904:	0152      	lsls	r2, r2, #5
10001906:	18a2      	adds	r2, r4, r2
10001908:	4f08      	ldr	r7, [pc, #32]	@ (1000192c <clock_configure_undivided+0xdc>)
1000190a:	6013      	str	r3, [r2, #0]
1000190c:	0085      	lsls	r5, r0, #2
1000190e:	4650      	mov	r0, sl
10001910:	2303      	movs	r3, #3
10001912:	6821      	ldr	r1, [r4, #0]
10001914:	4041      	eors	r1, r0
10001916:	400b      	ands	r3, r1
10001918:	6013      	str	r3, [r2, #0]
1000191a:	2201      	movs	r2, #1
1000191c:	4082      	lsls	r2, r0
1000191e:	68a3      	ldr	r3, [r4, #8]
10001920:	421a      	tst	r2, r3
10001922:	d0fc      	beq.n	1000191e <clock_configure_undivided+0xce>
10001924:	e7c2      	b.n	100018ac <clock_configure_undivided+0x5c>
10001926:	46c0      	nop			@ (mov r8, r8)
10001928:	40008000 	.word	0x40008000
1000192c:	2000179c 	.word	0x2000179c

10001930 <clock_get_hz>:
10001930:	4b01      	ldr	r3, [pc, #4]	@ (10001938 <clock_get_hz+0x8>)
10001932:	0080      	lsls	r0, r0, #2
10001934:	58c0      	ldr	r0, [r0, r3]
10001936:	4770      	bx	lr
10001938:	2000179c 	.word	0x2000179c

1000193c <pll_init>:
1000193c:	b5f0      	push	{r4, r5, r6, r7, lr}
1000193e:	46c6      	mov	lr, r8
10001940:	0004      	movs	r4, r0
10001942:	b500      	push	{lr}
10001944:	4823      	ldr	r0, [pc, #140]	@ (100019d4 <pll_init+0x98>)
10001946:	0016      	movs	r6, r2
10001948:	4698      	mov	r8, r3
1000194a:	000d      	movs	r5, r1
1000194c:	f000 fa50 	bl	10001df0 <__wrap___aeabi_uidiv>
10001950:	0001      	movs	r1, r0
10001952:	0030      	movs	r0, r6
10001954:	f000 fa4c 	bl	10001df0 <__wrap___aeabi_uidiv>
10001958:	4643      	mov	r3, r8
1000195a:	9a06      	ldr	r2, [sp, #24]
1000195c:	041b      	lsls	r3, r3, #16
1000195e:	0312      	lsls	r2, r2, #12
10001960:	4313      	orrs	r3, r2
10001962:	469c      	mov	ip, r3
10001964:	6823      	ldr	r3, [r4, #0]
10001966:	0006      	movs	r6, r0
10001968:	2b00      	cmp	r3, #0
1000196a:	db22      	blt.n	100019b2 <pll_init+0x76>
1000196c:	4b1a      	ldr	r3, [pc, #104]	@ (100019d8 <pll_init+0x9c>)
1000196e:	481b      	ldr	r0, [pc, #108]	@ (100019dc <pll_init+0xa0>)
10001970:	18e2      	adds	r2, r4, r3
10001972:	1e53      	subs	r3, r2, #1
10001974:	419a      	sbcs	r2, r3
10001976:	2380      	movs	r3, #128	@ 0x80
10001978:	4252      	negs	r2, r2
1000197a:	0b12      	lsrs	r2, r2, #12
1000197c:	019b      	lsls	r3, r3, #6
1000197e:	0312      	lsls	r2, r2, #12
10001980:	18d2      	adds	r2, r2, r3
10001982:	4b17      	ldr	r3, [pc, #92]	@ (100019e0 <pll_init+0xa4>)
10001984:	601a      	str	r2, [r3, #0]
10001986:	4b17      	ldr	r3, [pc, #92]	@ (100019e4 <pll_init+0xa8>)
10001988:	601a      	str	r2, [r3, #0]
1000198a:	0013      	movs	r3, r2
1000198c:	6801      	ldr	r1, [r0, #0]
1000198e:	438b      	bics	r3, r1
10001990:	d1fb      	bne.n	1000198a <pll_init+0x4e>
10001992:	2221      	movs	r2, #33	@ 0x21
10001994:	4b14      	ldr	r3, [pc, #80]	@ (100019e8 <pll_init+0xac>)
10001996:	6025      	str	r5, [r4, #0]
10001998:	18e3      	adds	r3, r4, r3
1000199a:	60a6      	str	r6, [r4, #8]
1000199c:	601a      	str	r2, [r3, #0]
1000199e:	6822      	ldr	r2, [r4, #0]
100019a0:	2a00      	cmp	r2, #0
100019a2:	dafc      	bge.n	1000199e <pll_init+0x62>
100019a4:	4662      	mov	r2, ip
100019a6:	60e2      	str	r2, [r4, #12]
100019a8:	2208      	movs	r2, #8
100019aa:	601a      	str	r2, [r3, #0]
100019ac:	bc80      	pop	{r7}
100019ae:	46b8      	mov	r8, r7
100019b0:	bdf0      	pop	{r4, r5, r6, r7, pc}
100019b2:	233f      	movs	r3, #63	@ 0x3f
100019b4:	6822      	ldr	r2, [r4, #0]
100019b6:	4013      	ands	r3, r2
100019b8:	42ab      	cmp	r3, r5
100019ba:	d1d7      	bne.n	1000196c <pll_init+0x30>
100019bc:	68a3      	ldr	r3, [r4, #8]
100019be:	051b      	lsls	r3, r3, #20
100019c0:	0d1b      	lsrs	r3, r3, #20
100019c2:	4283      	cmp	r3, r0
100019c4:	d1d2      	bne.n	1000196c <pll_init+0x30>
100019c6:	22ee      	movs	r2, #238	@ 0xee
100019c8:	68e3      	ldr	r3, [r4, #12]
100019ca:	02d2      	lsls	r2, r2, #11
100019cc:	4013      	ands	r3, r2
100019ce:	4563      	cmp	r3, ip
100019d0:	d1cc      	bne.n	1000196c <pll_init+0x30>
100019d2:	e7eb      	b.n	100019ac <pll_init+0x70>
100019d4:	00b71b00 	.word	0x00b71b00
100019d8:	bffd4000 	.word	0xbffd4000
100019dc:	4000c008 	.word	0x4000c008
100019e0:	4000e000 	.word	0x4000e000
100019e4:	4000f000 	.word	0x4000f000
100019e8:	00003004 	.word	0x00003004

100019ec <watchdog_reboot>:
100019ec:	b510      	push	{r4, lr}
100019ee:	2480      	movs	r4, #128	@ 0x80
100019f0:	4b1c      	ldr	r3, [pc, #112]	@ (10001a64 <watchdog_reboot+0x78>)
100019f2:	05e4      	lsls	r4, r4, #23
100019f4:	601c      	str	r4, [r3, #0]
100019f6:	2800      	cmp	r0, #0
100019f8:	d01a      	beq.n	10001a30 <watchdog_reboot+0x44>
100019fa:	2301      	movs	r3, #1
100019fc:	4c1a      	ldr	r4, [pc, #104]	@ (10001a68 <watchdog_reboot+0x7c>)
100019fe:	4318      	orrs	r0, r3
10001a00:	4b1a      	ldr	r3, [pc, #104]	@ (10001a6c <watchdog_reboot+0x80>)
10001a02:	61dc      	str	r4, [r3, #28]
10001a04:	4c1a      	ldr	r4, [pc, #104]	@ (10001a70 <watchdog_reboot+0x84>)
10001a06:	4044      	eors	r4, r0
10001a08:	621c      	str	r4, [r3, #32]
10001a0a:	6259      	str	r1, [r3, #36]	@ 0x24
10001a0c:	6298      	str	r0, [r3, #40]	@ 0x28
10001a0e:	2180      	movs	r1, #128	@ 0x80
10001a10:	4b14      	ldr	r3, [pc, #80]	@ (10001a64 <watchdog_reboot+0x78>)
10001a12:	05c9      	lsls	r1, r1, #23
10001a14:	6019      	str	r1, [r3, #0]
10001a16:	4817      	ldr	r0, [pc, #92]	@ (10001a74 <watchdog_reboot+0x88>)
10001a18:	4917      	ldr	r1, [pc, #92]	@ (10001a78 <watchdog_reboot+0x8c>)
10001a1a:	6008      	str	r0, [r1, #0]
10001a1c:	21e0      	movs	r1, #224	@ 0xe0
10001a1e:	04c9      	lsls	r1, r1, #19
10001a20:	6019      	str	r1, [r3, #0]
10001a22:	2a00      	cmp	r2, #0
10001a24:	d107      	bne.n	10001a36 <watchdog_reboot+0x4a>
10001a26:	2280      	movs	r2, #128	@ 0x80
10001a28:	4b14      	ldr	r3, [pc, #80]	@ (10001a7c <watchdog_reboot+0x90>)
10001a2a:	0612      	lsls	r2, r2, #24
10001a2c:	601a      	str	r2, [r3, #0]
10001a2e:	bd10      	pop	{r4, pc}
10001a30:	4b0e      	ldr	r3, [pc, #56]	@ (10001a6c <watchdog_reboot+0x80>)
10001a32:	61d8      	str	r0, [r3, #28]
10001a34:	e7eb      	b.n	10001a0e <watchdog_reboot+0x22>
10001a36:	0153      	lsls	r3, r2, #5
10001a38:	1a9b      	subs	r3, r3, r2
10001a3a:	009b      	lsls	r3, r3, #2
10001a3c:	189a      	adds	r2, r3, r2
10001a3e:	2380      	movs	r3, #128	@ 0x80
10001a40:	0112      	lsls	r2, r2, #4
10001a42:	045b      	lsls	r3, r3, #17
10001a44:	429a      	cmp	r2, r3
10001a46:	d209      	bcs.n	10001a5c <watchdog_reboot+0x70>
10001a48:	0013      	movs	r3, r2
10001a4a:	490d      	ldr	r1, [pc, #52]	@ (10001a80 <watchdog_reboot+0x94>)
10001a4c:	600b      	str	r3, [r1, #0]
10001a4e:	4b07      	ldr	r3, [pc, #28]	@ (10001a6c <watchdog_reboot+0x80>)
10001a50:	605a      	str	r2, [r3, #4]
10001a52:	2280      	movs	r2, #128	@ 0x80
10001a54:	4b09      	ldr	r3, [pc, #36]	@ (10001a7c <watchdog_reboot+0x90>)
10001a56:	05d2      	lsls	r2, r2, #23
10001a58:	601a      	str	r2, [r3, #0]
10001a5a:	e7e8      	b.n	10001a2e <watchdog_reboot+0x42>
10001a5c:	4b09      	ldr	r3, [pc, #36]	@ (10001a84 <watchdog_reboot+0x98>)
10001a5e:	001a      	movs	r2, r3
10001a60:	e7f3      	b.n	10001a4a <watchdog_reboot+0x5e>
10001a62:	46c0      	nop			@ (mov r8, r8)
10001a64:	4005b000 	.word	0x4005b000
10001a68:	b007c0d3 	.word	0xb007c0d3
10001a6c:	40058000 	.word	0x40058000
10001a70:	4ff83f2d 	.word	0x4ff83f2d
10001a74:	0001fffc 	.word	0x0001fffc
10001a78:	40012008 	.word	0x40012008
10001a7c:	4005a000 	.word	0x4005a000
10001a80:	20001c00 	.word	0x20001c00
10001a84:	00ffffff 	.word	0x00ffffff

10001a88 <tick_start>:
10001a88:	2380      	movs	r3, #128	@ 0x80
10001a8a:	4a02      	ldr	r2, [pc, #8]	@ (10001a94 <tick_start+0xc>)
10001a8c:	009b      	lsls	r3, r3, #2
10001a8e:	430b      	orrs	r3, r1
10001a90:	62d3      	str	r3, [r2, #44]	@ 0x2c
10001a92:	4770      	bx	lr
10001a94:	40058000 	.word	0x40058000

10001a98 <rom_func_lookup>:
10001a98:	2300      	movs	r3, #0
10001a9a:	b510      	push	{r4, lr}
10001a9c:	0001      	movs	r1, r0
10001a9e:	8a98      	ldrh	r0, [r3, #20]
10001aa0:	8b1b      	ldrh	r3, [r3, #24]
10001aa2:	4798      	blx	r3
10001aa4:	bd10      	pop	{r4, pc}
10001aa6:	46c0      	nop			@ (mov r8, r8)

10001aa8 <rom_data_lookup>:
10001aa8:	2316      	movs	r3, #22
10001aaa:	b510      	push	{r4, lr}
10001aac:	0001      	movs	r1, r0
10001aae:	8818      	ldrh	r0, [r3, #0]
10001ab0:	885b      	ldrh	r3, [r3, #2]
10001ab2:	4798      	blx	r3
10001ab4:	bd10      	pop	{r4, pc}
10001ab6:	46c0      	nop			@ (mov r8, r8)

10001ab8 <rom_funcs_lookup>:
10001ab8:	b5f8      	push	{r3, r4, r5, r6, r7, lr}
10001aba:	4647      	mov	r7, r8
10001abc:	46ce      	mov	lr, r9
10001abe:	b580      	push	{r7, lr}
10001ac0:	1e0f      	subs	r7, r1, #0
10001ac2:	d018      	beq.n	10001af6 <rom_funcs_lookup+0x3e>
10001ac4:	2314      	movs	r3, #20
10001ac6:	4699      	mov	r9, r3
10001ac8:	3304      	adds	r3, #4
10001aca:	0004      	movs	r4, r0
10001acc:	2500      	movs	r5, #0
10001ace:	2601      	movs	r6, #1
10001ad0:	4698      	mov	r8, r3
10001ad2:	464b      	mov	r3, r9
10001ad4:	8818      	ldrh	r0, [r3, #0]
10001ad6:	4643      	mov	r3, r8
10001ad8:	6821      	ldr	r1, [r4, #0]
10001ada:	881b      	ldrh	r3, [r3, #0]
10001adc:	4798      	blx	r3
10001ade:	c401      	stmia	r4!, {r0}
10001ae0:	1e43      	subs	r3, r0, #1
10001ae2:	4198      	sbcs	r0, r3
10001ae4:	3501      	adds	r5, #1
10001ae6:	4006      	ands	r6, r0
10001ae8:	42af      	cmp	r7, r5
10001aea:	d1f2      	bne.n	10001ad2 <rom_funcs_lookup+0x1a>
10001aec:	0030      	movs	r0, r6
10001aee:	bcc0      	pop	{r6, r7}
10001af0:	46b9      	mov	r9, r7
10001af2:	46b0      	mov	r8, r6
10001af4:	bdf8      	pop	{r3, r4, r5, r6, r7, pc}
10001af6:	2601      	movs	r6, #1
10001af8:	e7f8      	b.n	10001aec <rom_funcs_lookup+0x34>
10001afa:	46c0      	nop			@ (mov r8, r8)

10001afc <rom_reset_usb_boot_extra>:
10001afc:	2300      	movs	r3, #0
10001afe:	b570      	push	{r4, r5, r6, lr}
10001b00:	0004      	movs	r4, r0
10001b02:	000d      	movs	r5, r1
10001b04:	8a98      	ldrh	r0, [r3, #20]
10001b06:	4905      	ldr	r1, [pc, #20]	@ (10001b1c <rom_reset_usb_boot_extra+0x20>)
10001b08:	8b1b      	ldrh	r3, [r3, #24]
10001b0a:	4798      	blx	r3
10001b0c:	0003      	movs	r3, r0
10001b0e:	2000      	movs	r0, #0
10001b10:	2c00      	cmp	r4, #0
10001b12:	db01      	blt.n	10001b18 <rom_reset_usb_boot_extra+0x1c>
10001b14:	3001      	adds	r0, #1
10001b16:	40a0      	lsls	r0, r4
10001b18:	0029      	movs	r1, r5
10001b1a:	4798      	blx	r3
10001b1c:	00004255 	.word	0x00004255

10001b20 <xosc_init>:
10001b20:	23aa      	movs	r3, #170	@ 0xaa
10001b22:	4a06      	ldr	r2, [pc, #24]	@ (10001b3c <xosc_init+0x1c>)
10001b24:	011b      	lsls	r3, r3, #4
10001b26:	6013      	str	r3, [r2, #0]
10001b28:	238d      	movs	r3, #141	@ 0x8d
10001b2a:	005b      	lsls	r3, r3, #1
10001b2c:	60d3      	str	r3, [r2, #12]
10001b2e:	4904      	ldr	r1, [pc, #16]	@ (10001b40 <xosc_init+0x20>)
10001b30:	4b04      	ldr	r3, [pc, #16]	@ (10001b44 <xosc_init+0x24>)
10001b32:	6019      	str	r1, [r3, #0]
10001b34:	6853      	ldr	r3, [r2, #4]
10001b36:	2b00      	cmp	r3, #0
10001b38:	dafc      	bge.n	10001b34 <xosc_init+0x14>
10001b3a:	4770      	bx	lr
10001b3c:	40024000 	.word	0x40024000
10001b40:	00fab000 	.word	0x00fab000
10001b44:	40026000 	.word	0x40026000

10001b48 <first_per_core_initializer>:
10001b48:	4770      	bx	lr
10001b4a:	46c0      	nop			@ (mov r8, r8)

10001b4c <hard_assertion_failure>:
10001b4c:	b510      	push	{r4, lr}
10001b4e:	4801      	ldr	r0, [pc, #4]	@ (10001b54 <hard_assertion_failure+0x8>)
10001b50:	f7fe fe0a 	bl	10000768 <panic>
10001b54:	10006b90 	.word	0x10006b90

10001b58 <runtime_run_initializers>:
10001b58:	b570      	push	{r4, r5, r6, lr}
10001b5a:	4d07      	ldr	r5, [pc, #28]	@ (10001b78 <runtime_run_initializers+0x20>)
10001b5c:	4e07      	ldr	r6, [pc, #28]	@ (10001b7c <runtime_run_initializers+0x24>)
10001b5e:	42b5      	cmp	r5, r6
10001b60:	d209      	bcs.n	10001b76 <runtime_run_initializers+0x1e>
10001b62:	2400      	movs	r4, #0
10001b64:	3e01      	subs	r6, #1
10001b66:	1b76      	subs	r6, r6, r5
10001b68:	08b6      	lsrs	r6, r6, #2
10001b6a:	3601      	adds	r6, #1
10001b6c:	cd08      	ldmia	r5!, {r3}
10001b6e:	3401      	adds	r4, #1
10001b70:	4798      	blx	r3
10001b72:	42b4      	cmp	r4, r6
10001b74:	d1fa      	bne.n	10001b6c <runtime_run_initializers+0x14>
10001b76:	bd70      	pop	{r4, r5, r6, pc}
10001b78:	10006ad8 	.word	0x10006ad8
10001b7c:	10006b14 	.word	0x10006b14

10001b80 <runtime_init_early_resets>:
10001b80:	4b05      	ldr	r3, [pc, #20]	@ (10001b98 <runtime_init_early_resets+0x18>)
10001b82:	4a06      	ldr	r2, [pc, #24]	@ (10001b9c <runtime_init_early_resets+0x1c>)
10001b84:	4906      	ldr	r1, [pc, #24]	@ (10001ba0 <runtime_init_early_resets+0x20>)
10001b86:	601a      	str	r2, [r3, #0]
10001b88:	4a06      	ldr	r2, [pc, #24]	@ (10001ba4 <runtime_init_early_resets+0x24>)
10001b8a:	4b07      	ldr	r3, [pc, #28]	@ (10001ba8 <runtime_init_early_resets+0x28>)
10001b8c:	601a      	str	r2, [r3, #0]
10001b8e:	0010      	movs	r0, r2
10001b90:	680b      	ldr	r3, [r1, #0]
10001b92:	4398      	bics	r0, r3
10001b94:	d1fb      	bne.n	10001b8e <runtime_init_early_resets+0xe>
10001b96:	4770      	bx	lr
10001b98:	4000e000 	.word	0x4000e000
10001b9c:	fefbcdbf 	.word	0xfefbcdbf
10001ba0:	4000c008 	.word	0x4000c008
10001ba4:	003c7ffe 	.word	0x003c7ffe
10001ba8:	4000f000 	.word	0x4000f000

10001bac <runtime_init_usb_power_down>:
10001bac:	4b04      	ldr	r3, [pc, #16]	@ (10001bc0 <runtime_init_usb_power_down+0x14>)
10001bae:	6cdb      	ldr	r3, [r3, #76]	@ 0x4c
10001bb0:	2b00      	cmp	r3, #0
10001bb2:	d103      	bne.n	10001bbc <runtime_init_usb_power_down+0x10>
10001bb4:	2280      	movs	r2, #128	@ 0x80
10001bb6:	4b03      	ldr	r3, [pc, #12]	@ (10001bc4 <runtime_init_usb_power_down+0x18>)
10001bb8:	02d2      	lsls	r2, r2, #11
10001bba:	601a      	str	r2, [r3, #0]
10001bbc:	4770      	bx	lr
10001bbe:	46c0      	nop			@ (mov r8, r8)
10001bc0:	50110000 	.word	0x50110000
10001bc4:	5011204c 	.word	0x5011204c

10001bc8 <runtime_init_post_clock_resets>:
10001bc8:	4a04      	ldr	r2, [pc, #16]	@ (10001bdc <runtime_init_post_clock_resets+0x14>)
10001bca:	4b05      	ldr	r3, [pc, #20]	@ (10001be0 <runtime_init_post_clock_resets+0x18>)
10001bcc:	601a      	str	r2, [r3, #0]
10001bce:	4a05      	ldr	r2, [pc, #20]	@ (10001be4 <runtime_init_post_clock_resets+0x1c>)
10001bd0:	6813      	ldr	r3, [r2, #0]
10001bd2:	01db      	lsls	r3, r3, #7
10001bd4:	3380      	adds	r3, #128	@ 0x80
10001bd6:	d1fb      	bne.n	10001bd0 <runtime_init_post_clock_resets+0x8>
10001bd8:	4770      	bx	lr
10001bda:	46c0      	nop			@ (mov r8, r8)
10001bdc:	01ffffff 	.word	0x01ffffff
10001be0:	4000f000 	.word	0x4000f000
10001be4:	4000c008 	.word	0x4000c008

10001be8 <runtime_init_rp2040_gpio_ie_disable>:
10001be8:	2240      	movs	r2, #64	@ 0x40
10001bea:	4b03      	ldr	r3, [pc, #12]	@ (10001bf8 <runtime_init_rp2040_gpio_ie_disable+0x10>)
10001bec:	679a      	str	r2, [r3, #120]	@ 0x78
10001bee:	675a      	str	r2, [r3, #116]	@ 0x74
10001bf0:	671a      	str	r2, [r3, #112]	@ 0x70
10001bf2:	66da      	str	r2, [r3, #108]	@ 0x6c
10001bf4:	4770      	bx	lr
10001bf6:	46c0      	nop			@ (mov r8, r8)
10001bf8:	4001f000 	.word	0x4001f000

10001bfc <runtime_init_spin_locks_reset>:
10001bfc:	b510      	push	{r4, lr}
10001bfe:	f7fe fe53 	bl	100008a8 <spin_locks_reset>
10001c02:	bd10      	pop	{r4, pc}

10001c04 <runtime_init_install_ram_vector_table>:
10001c04:	b570      	push	{r4, r5, r6, lr}
10001c06:	4927      	ldr	r1, [pc, #156]	@ (10001ca4 <runtime_init_install_ram_vector_table+0xa0>)
10001c08:	4e27      	ldr	r6, [pc, #156]	@ (10001ca8 <runtime_init_install_ram_vector_table+0xa4>)
10001c0a:	4d28      	ldr	r5, [pc, #160]	@ (10001cac <runtime_init_install_ram_vector_table+0xa8>)
10001c0c:	1a76      	subs	r6, r6, r1
10001c0e:	08b4      	lsrs	r4, r6, #2
10001c10:	0022      	movs	r2, r4
10001c12:	2c30      	cmp	r4, #48	@ 0x30
10001c14:	d900      	bls.n	10001c18 <runtime_init_install_ram_vector_table+0x14>
10001c16:	2230      	movs	r2, #48	@ 0x30
10001c18:	0028      	movs	r0, r5
10001c1a:	0092      	lsls	r2, r2, #2
10001c1c:	f000 ff7e 	bl	10002b1c <__wrap___aeabi_memcpy>
10001c20:	2c2f      	cmp	r4, #47	@ 0x2f
10001c22:	d83b      	bhi.n	10001c9c <runtime_init_install_ram_vector_table+0x98>
10001c24:	0023      	movs	r3, r4
10001c26:	3b2a      	subs	r3, #42	@ 0x2a
10001c28:	4a21      	ldr	r2, [pc, #132]	@ (10001cb0 <runtime_init_install_ram_vector_table+0xac>)
10001c2a:	2b05      	cmp	r3, #5
10001c2c:	d91b      	bls.n	10001c66 <runtime_init_install_ram_vector_table+0x62>
10001c2e:	2030      	movs	r0, #48	@ 0x30
10001c30:	19ae      	adds	r6, r5, r6
10001c32:	0771      	lsls	r1, r6, #29
10001c34:	1b00      	subs	r0, r0, r4
10001c36:	0026      	movs	r6, r4
10001c38:	0fcb      	lsrs	r3, r1, #31
10001c3a:	2900      	cmp	r1, #0
10001c3c:	da02      	bge.n	10001c44 <runtime_init_install_ram_vector_table+0x40>
10001c3e:	00a1      	lsls	r1, r4, #2
10001c40:	506a      	str	r2, [r5, r1]
10001c42:	1c66      	adds	r6, r4, #1
10001c44:	1ac0      	subs	r0, r0, r3
10001c46:	18e3      	adds	r3, r4, r3
10001c48:	009b      	lsls	r3, r3, #2
10001c4a:	0841      	lsrs	r1, r0, #1
10001c4c:	18eb      	adds	r3, r5, r3
10001c4e:	00c9      	lsls	r1, r1, #3
10001c50:	18c9      	adds	r1, r1, r3
10001c52:	601a      	str	r2, [r3, #0]
10001c54:	605a      	str	r2, [r3, #4]
10001c56:	3308      	adds	r3, #8
10001c58:	428b      	cmp	r3, r1
10001c5a:	d1fa      	bne.n	10001c52 <runtime_init_install_ram_vector_table+0x4e>
10001c5c:	2301      	movs	r3, #1
10001c5e:	4203      	tst	r3, r0
10001c60:	d01c      	beq.n	10001c9c <runtime_init_install_ram_vector_table+0x98>
10001c62:	4398      	bics	r0, r3
10001c64:	1984      	adds	r4, r0, r6
10001c66:	00a3      	lsls	r3, r4, #2
10001c68:	50ea      	str	r2, [r5, r3]
10001c6a:	1c63      	adds	r3, r4, #1
10001c6c:	2c2f      	cmp	r4, #47	@ 0x2f
10001c6e:	d015      	beq.n	10001c9c <runtime_init_install_ram_vector_table+0x98>
10001c70:	009b      	lsls	r3, r3, #2
10001c72:	50ea      	str	r2, [r5, r3]
10001c74:	1ca3      	adds	r3, r4, #2
10001c76:	2c2e      	cmp	r4, #46	@ 0x2e
10001c78:	d010      	beq.n	10001c9c <runtime_init_install_ram_vector_table+0x98>
10001c7a:	009b      	lsls	r3, r3, #2
10001c7c:	50ea      	str	r2, [r5, r3]
10001c7e:	1ce3      	adds	r3, r4, #3
10001c80:	2c2d      	cmp	r4, #45	@ 0x2d
10001c82:	d00b      	beq.n	10001c9c <runtime_init_install_ram_vector_table+0x98>
10001c84:	009b      	lsls	r3, r3, #2
10001c86:	50ea      	str	r2, [r5, r3]
10001c88:	1d23      	adds	r3, r4, #4
10001c8a:	2c2c      	cmp	r4, #44	@ 0x2c
10001c8c:	d006      	beq.n	10001c9c <runtime_init_install_ram_vector_table+0x98>
10001c8e:	009b      	lsls	r3, r3, #2
10001c90:	50ea      	str	r2, [r5, r3]
10001c92:	1d63      	adds	r3, r4, #5
10001c94:	2c2b      	cmp	r4, #43	@ 0x2b
10001c96:	d001      	beq.n	10001c9c <runtime_init_install_ram_vector_table+0x98>
10001c98:	009b      	lsls	r3, r3, #2
10001c9a:	50ea      	str	r2, [r5, r3]
10001c9c:	4b05      	ldr	r3, [pc, #20]	@ (10001cb4 <runtime_init_install_ram_vector_table+0xb0>)
10001c9e:	609d      	str	r5, [r3, #8]
10001ca0:	bd70      	pop	{r4, r5, r6, pc}
10001ca2:	46c0      	nop			@ (mov r8, r8)
10001ca4:	10000100 	.word	0x10000100
10001ca8:	100001c0 	.word	0x100001c0
10001cac:	20000000 	.word	0x20000000
10001cb0:	100001c1 	.word	0x100001c1
10001cb4:	e000ed00 	.word	0xe000ed00

10001cb8 <runtime_init_clocks>:
10001cb8:	2300      	movs	r3, #0
10001cba:	b510      	push	{r4, lr}
10001cbc:	4c29      	ldr	r4, [pc, #164]	@ (10001d64 <runtime_init_clocks+0xac>)
10001cbe:	b082      	sub	sp, #8
10001cc0:	67a3      	str	r3, [r4, #120]	@ 0x78
10001cc2:	f7ff ff2d 	bl	10001b20 <xosc_init>
10001cc6:	2201      	movs	r2, #1
10001cc8:	4b27      	ldr	r3, [pc, #156]	@ (10001d68 <runtime_init_clocks+0xb0>)
10001cca:	601a      	str	r2, [r3, #0]
10001ccc:	6c63      	ldr	r3, [r4, #68]	@ 0x44
10001cce:	2b01      	cmp	r3, #1
10001cd0:	d1fc      	bne.n	10001ccc <runtime_init_clocks+0x14>
10001cd2:	2203      	movs	r2, #3
10001cd4:	4b25      	ldr	r3, [pc, #148]	@ (10001d6c <runtime_init_clocks+0xb4>)
10001cd6:	601a      	str	r2, [r3, #0]
10001cd8:	4a22      	ldr	r2, [pc, #136]	@ (10001d64 <runtime_init_clocks+0xac>)
10001cda:	6b93      	ldr	r3, [r2, #56]	@ 0x38
10001cdc:	2b01      	cmp	r3, #1
10001cde:	d1fc      	bne.n	10001cda <runtime_init_clocks+0x22>
10001ce0:	3301      	adds	r3, #1
10001ce2:	9300      	str	r3, [sp, #0]
10001ce4:	2101      	movs	r1, #1
10001ce6:	4a22      	ldr	r2, [pc, #136]	@ (10001d70 <runtime_init_clocks+0xb8>)
10001ce8:	4822      	ldr	r0, [pc, #136]	@ (10001d74 <runtime_init_clocks+0xbc>)
10001cea:	3304      	adds	r3, #4
10001cec:	f7ff fe26 	bl	1000193c <pll_init>
10001cf0:	2305      	movs	r3, #5
10001cf2:	2101      	movs	r1, #1
10001cf4:	9300      	str	r3, [sp, #0]
10001cf6:	4a20      	ldr	r2, [pc, #128]	@ (10001d78 <runtime_init_clocks+0xc0>)
10001cf8:	4820      	ldr	r0, [pc, #128]	@ (10001d7c <runtime_init_clocks+0xc4>)
10001cfa:	f7ff fe1f 	bl	1000193c <pll_init>
10001cfe:	2200      	movs	r2, #0
10001d00:	2102      	movs	r1, #2
10001d02:	2004      	movs	r0, #4
10001d04:	4b1e      	ldr	r3, [pc, #120]	@ (10001d80 <runtime_init_clocks+0xc8>)
10001d06:	f7ff fda3 	bl	10001850 <clock_configure_undivided>
10001d0a:	2200      	movs	r2, #0
10001d0c:	2101      	movs	r1, #1
10001d0e:	2005      	movs	r0, #5
10001d10:	4b1c      	ldr	r3, [pc, #112]	@ (10001d84 <runtime_init_clocks+0xcc>)
10001d12:	f7ff fd9d 	bl	10001850 <clock_configure_undivided>
10001d16:	2200      	movs	r2, #0
10001d18:	2100      	movs	r1, #0
10001d1a:	2007      	movs	r0, #7
10001d1c:	4b1a      	ldr	r3, [pc, #104]	@ (10001d88 <runtime_init_clocks+0xd0>)
10001d1e:	f7ff fd97 	bl	10001850 <clock_configure_undivided>
10001d22:	2200      	movs	r2, #0
10001d24:	2100      	movs	r1, #0
10001d26:	2008      	movs	r0, #8
10001d28:	4b17      	ldr	r3, [pc, #92]	@ (10001d88 <runtime_init_clocks+0xd0>)
10001d2a:	f7ff fd91 	bl	10001850 <clock_configure_undivided>
10001d2e:	2380      	movs	r3, #128	@ 0x80
10001d30:	00db      	lsls	r3, r3, #3
10001d32:	9300      	str	r3, [sp, #0]
10001d34:	2200      	movs	r2, #0
10001d36:	2100      	movs	r1, #0
10001d38:	2009      	movs	r0, #9
10001d3a:	4b13      	ldr	r3, [pc, #76]	@ (10001d88 <runtime_init_clocks+0xd0>)
10001d3c:	f7ff fd12 	bl	10001764 <clock_configure_int_divider>
10001d40:	2200      	movs	r2, #0
10001d42:	4b10      	ldr	r3, [pc, #64]	@ (10001d84 <runtime_init_clocks+0xcc>)
10001d44:	2100      	movs	r1, #0
10001d46:	2006      	movs	r0, #6
10001d48:	f7ff fd82 	bl	10001850 <clock_configure_undivided>
10001d4c:	2004      	movs	r0, #4
10001d4e:	f7ff fdef 	bl	10001930 <clock_get_hz>
10001d52:	490e      	ldr	r1, [pc, #56]	@ (10001d8c <runtime_init_clocks+0xd4>)
10001d54:	f000 f84c 	bl	10001df0 <__wrap___aeabi_uidiv>
10001d58:	0001      	movs	r1, r0
10001d5a:	2000      	movs	r0, #0
10001d5c:	f7ff fe94 	bl	10001a88 <tick_start>
10001d60:	b002      	add	sp, #8
10001d62:	bd10      	pop	{r4, pc}
10001d64:	40008000 	.word	0x40008000
10001d68:	4000b03c 	.word	0x4000b03c
10001d6c:	4000b030 	.word	0x4000b030
10001d70:	59682f00 	.word	0x59682f00
10001d74:	40028000 	.word	0x40028000
10001d78:	47868c00 	.word	0x47868c00
10001d7c:	4002c000 	.word	0x4002c000
10001d80:	00b71b00 	.word	0x00b71b00
10001d84:	07735940 	.word	0x07735940
10001d88:	02dc6c00 	.word	0x02dc6c00
10001d8c:	000f4240 	.word	0x000f4240

10001d90 <__aeabi_bits_init>:
10001d90:	4801      	ldr	r0, [pc, #4]	@ (10001d98 <__aeabi_bits_init+0x8>)
10001d92:	2104      	movs	r1, #4
10001d94:	4b01      	ldr	r3, [pc, #4]	@ (10001d9c <__aeabi_bits_init+0xc>)
10001d96:	4718      	bx	r3
10001d98:	20000fd0 	.word	0x20000fd0
10001d9c:	10001ab9 	.word	0x10001ab9

10001da0 <__wrap___aeabi_idiv>:
10001da0:	4a12      	ldr	r2, [pc, #72]	@ (10001dec <divmod_s32s32_savestate+0x18>)
10001da2:	6f93      	ldr	r3, [r2, #120]	@ 0x78
10001da4:	089b      	lsrs	r3, r3, #2
10001da6:	d215      	bcs.n	10001dd4 <divmod_s32s32_savestate>

10001da8 <divmod_s32s32_core>:
10001da8:	6690      	str	r0, [r2, #104]	@ 0x68
10001daa:	66d1      	str	r1, [r2, #108]	@ 0x6c
10001dac:	2900      	cmp	r1, #0
10001dae:	d005      	beq.n	10001dbc <divmod_s32s32_core+0x14>
10001db0:	e7ff      	b.n	10001db2 <divmod_s32s32_core+0xa>
10001db2:	e7ff      	b.n	10001db4 <divmod_s32s32_core+0xc>
10001db4:	e7ff      	b.n	10001db6 <divmod_s32s32_core+0xe>
10001db6:	6f51      	ldr	r1, [r2, #116]	@ 0x74
10001db8:	6f10      	ldr	r0, [r2, #112]	@ 0x70
10001dba:	4770      	bx	lr
10001dbc:	b504      	push	{r2, lr}
10001dbe:	2180      	movs	r1, #128	@ 0x80
10001dc0:	0609      	lsls	r1, r1, #24
10001dc2:	17c2      	asrs	r2, r0, #31
10001dc4:	4051      	eors	r1, r2
10001dc6:	2800      	cmp	r0, #0
10001dc8:	d000      	beq.n	10001dcc <divmod_s32s32_core+0x24>
10001dca:	43c8      	mvns	r0, r1
10001dcc:	f004 fe4c 	bl	10006a68 <____aeabi_idiv0_veneer>
10001dd0:	2100      	movs	r1, #0
10001dd2:	bd04      	pop	{r2, pc}

10001dd4 <divmod_s32s32_savestate>:
10001dd4:	b5f0      	push	{r4, r5, r6, r7, lr}
10001dd6:	6e14      	ldr	r4, [r2, #96]	@ 0x60
10001dd8:	6e55      	ldr	r5, [r2, #100]	@ 0x64
10001dda:	6f57      	ldr	r7, [r2, #116]	@ 0x74
10001ddc:	6f16      	ldr	r6, [r2, #112]	@ 0x70
10001dde:	f7ff ffe3 	bl	10001da8 <divmod_s32s32_core>
10001de2:	6614      	str	r4, [r2, #96]	@ 0x60
10001de4:	6655      	str	r5, [r2, #100]	@ 0x64
10001de6:	6757      	str	r7, [r2, #116]	@ 0x74
10001de8:	6716      	str	r6, [r2, #112]	@ 0x70
10001dea:	bdf0      	pop	{r4, r5, r6, r7, pc}
10001dec:	d0000000 	.word	0xd0000000

10001df0 <__wrap___aeabi_uidiv>:
10001df0:	4a11      	ldr	r2, [pc, #68]	@ (10001e38 <divmod_u32u32_savestate+0x18>)
10001df2:	6f93      	ldr	r3, [r2, #120]	@ 0x78
10001df4:	089b      	lsrs	r3, r3, #2
10001df6:	d213      	bcs.n	10001e20 <divmod_u32u32_savestate>

10001df8 <divmod_u32u32_core>:
10001df8:	6610      	str	r0, [r2, #96]	@ 0x60
10001dfa:	6651      	str	r1, [r2, #100]	@ 0x64
10001dfc:	2900      	cmp	r1, #0
10001dfe:	d005      	beq.n	10001e0c <divmod_u32u32_core+0x14>
10001e00:	e7ff      	b.n	10001e02 <divmod_u32u32_core+0xa>
10001e02:	e7ff      	b.n	10001e04 <divmod_u32u32_core+0xc>
10001e04:	e7ff      	b.n	10001e06 <divmod_u32u32_core+0xe>
10001e06:	6f51      	ldr	r1, [r2, #116]	@ 0x74
10001e08:	6f10      	ldr	r0, [r2, #112]	@ 0x70
10001e0a:	4770      	bx	lr
10001e0c:	b504      	push	{r2, lr}
10001e0e:	2800      	cmp	r0, #0
10001e10:	d001      	beq.n	10001e16 <divmod_u32u32_core+0x1e>
10001e12:	2000      	movs	r0, #0
10001e14:	43c0      	mvns	r0, r0
10001e16:	f004 fe27 	bl	10006a68 <____aeabi_idiv0_veneer>
10001e1a:	2100      	movs	r1, #0
10001e1c:	bd04      	pop	{r2, pc}
10001e1e:	46c0      	nop			@ (mov r8, r8)

10001e20 <divmod_u32u32_savestate>:
10001e20:	b5f0      	push	{r4, r5, r6, r7, lr}
10001e22:	6e14      	ldr	r4, [r2, #96]	@ 0x60
10001e24:	6e55      	ldr	r5, [r2, #100]	@ 0x64
10001e26:	6f57      	ldr	r7, [r2, #116]	@ 0x74
10001e28:	6f16      	ldr	r6, [r2, #112]	@ 0x70
10001e2a:	f7ff ffe5 	bl	10001df8 <divmod_u32u32_core>
10001e2e:	6614      	str	r4, [r2, #96]	@ 0x60
10001e30:	6655      	str	r5, [r2, #100]	@ 0x64
10001e32:	6757      	str	r7, [r2, #116]	@ 0x74
10001e34:	6716      	str	r6, [r2, #112]	@ 0x70
10001e36:	bdf0      	pop	{r4, r5, r6, r7, pc}
10001e38:	d0000000 	.word	0xd0000000

10001e3c <__wrap___aeabi_ldivmod>:
10001e3c:	4694      	mov	ip, r2
10001e3e:	4a4a      	ldr	r2, [pc, #296]	@ (10001f68 <udiv0+0x1a>)
10001e40:	6f92      	ldr	r2, [r2, #120]	@ 0x78
10001e42:	0892      	lsrs	r2, r2, #2
10001e44:	4662      	mov	r2, ip
10001e46:	d201      	bcs.n	10001e4c <divmod_s64s64_savestate>
10001e48:	e028      	b.n	10001e9c <divmod_s64s64_unsafe>
10001e4a:	46c0      	nop			@ (mov r8, r8)

10001e4c <divmod_s64s64_savestate>:
10001e4c:	b5f0      	push	{r4, r5, r6, r7, lr}
10001e4e:	4e46      	ldr	r6, [pc, #280]	@ (10001f68 <udiv0+0x1a>)
10001e50:	6e34      	ldr	r4, [r6, #96]	@ 0x60
10001e52:	6e75      	ldr	r5, [r6, #100]	@ 0x64
10001e54:	6f77      	ldr	r7, [r6, #116]	@ 0x74
10001e56:	6f36      	ldr	r6, [r6, #112]	@ 0x70
10001e58:	f000 f820 	bl	10001e9c <divmod_s64s64_unsafe>
10001e5c:	4694      	mov	ip, r2
10001e5e:	4a42      	ldr	r2, [pc, #264]	@ (10001f68 <udiv0+0x1a>)
10001e60:	6614      	str	r4, [r2, #96]	@ 0x60
10001e62:	6655      	str	r5, [r2, #100]	@ 0x64
10001e64:	6757      	str	r7, [r2, #116]	@ 0x74
10001e66:	6716      	str	r6, [r2, #112]	@ 0x70
10001e68:	4662      	mov	r2, ip
10001e6a:	bdf0      	pop	{r4, r5, r6, r7, pc}

10001e6c <__wrap___aeabi_uldivmod>:
10001e6c:	4694      	mov	ip, r2
10001e6e:	4a3e      	ldr	r2, [pc, #248]	@ (10001f68 <udiv0+0x1a>)
10001e70:	6f92      	ldr	r2, [r2, #120]	@ 0x78
10001e72:	0892      	lsrs	r2, r2, #2
10001e74:	4662      	mov	r2, ip
10001e76:	d201      	bcs.n	10001e7c <divmod_u64u64_savestate>
10001e78:	e054      	b.n	10001f24 <divmod_u64u64_unsafe>
10001e7a:	46c0      	nop			@ (mov r8, r8)

10001e7c <divmod_u64u64_savestate>:
10001e7c:	b5f0      	push	{r4, r5, r6, r7, lr}
10001e7e:	4e3a      	ldr	r6, [pc, #232]	@ (10001f68 <udiv0+0x1a>)
10001e80:	6e34      	ldr	r4, [r6, #96]	@ 0x60
10001e82:	6e75      	ldr	r5, [r6, #100]	@ 0x64
10001e84:	6f77      	ldr	r7, [r6, #116]	@ 0x74
10001e86:	6f36      	ldr	r6, [r6, #112]	@ 0x70
10001e88:	f000 f84c 	bl	10001f24 <divmod_u64u64_unsafe>
10001e8c:	4694      	mov	ip, r2
10001e8e:	4a36      	ldr	r2, [pc, #216]	@ (10001f68 <udiv0+0x1a>)
10001e90:	6614      	str	r4, [r2, #96]	@ 0x60
10001e92:	6655      	str	r5, [r2, #100]	@ 0x64
10001e94:	6757      	str	r7, [r2, #116]	@ 0x74
10001e96:	6716      	str	r6, [r2, #112]	@ 0x70
10001e98:	4662      	mov	r2, ip
10001e9a:	bdf0      	pop	{r4, r5, r6, r7, pc}

10001e9c <divmod_s64s64_unsafe>:
10001e9c:	2b00      	cmp	r3, #0
10001e9e:	db24      	blt.n	10001eea <l46_1+0x26>
10001ea0:	d011      	beq.n	10001ec6 <l46_1+0x2>
10001ea2:	2900      	cmp	r1, #0
10001ea4:	da3e      	bge.n	10001f24 <divmod_u64u64_unsafe>
10001ea6:	b500      	push	{lr}
10001ea8:	43c9      	mvns	r1, r1
10001eaa:	4240      	negs	r0, r0
10001eac:	d100      	bne.n	10001eb0 <l44_1>
10001eae:	3101      	adds	r1, #1

10001eb0 <l44_1>:
10001eb0:	f000 f838 	bl	10001f24 <divmod_u64u64_unsafe>
10001eb4:	43c9      	mvns	r1, r1
10001eb6:	4240      	negs	r0, r0
10001eb8:	d100      	bne.n	10001ebc <l45_1>
10001eba:	3101      	adds	r1, #1

10001ebc <l45_1>:
10001ebc:	43db      	mvns	r3, r3
10001ebe:	4252      	negs	r2, r2
10001ec0:	d100      	bne.n	10001ec4 <l46_1>
10001ec2:	3301      	adds	r3, #1

10001ec4 <l46_1>:
10001ec4:	bd00      	pop	{pc}
10001ec6:	2a00      	cmp	r2, #0
10001ec8:	d1eb      	bne.n	10001ea2 <divmod_s64s64_unsafe+0x6>
10001eca:	2800      	cmp	r0, #0
10001ecc:	d101      	bne.n	10001ed2 <l46_1+0xe>
10001ece:	2900      	cmp	r1, #0
10001ed0:	d005      	beq.n	10001ede <l46_1+0x1a>
10001ed2:	2000      	movs	r0, #0
10001ed4:	0fc9      	lsrs	r1, r1, #31
10001ed6:	07c9      	lsls	r1, r1, #31
10001ed8:	d101      	bne.n	10001ede <l46_1+0x1a>
10001eda:	43c0      	mvns	r0, r0
10001edc:	0841      	lsrs	r1, r0, #1
10001ede:	b500      	push	{lr}
10001ee0:	f004 fdaa 	bl	10006a38 <____aeabi_ldiv0_veneer>
10001ee4:	2200      	movs	r2, #0
10001ee6:	2300      	movs	r3, #0
10001ee8:	bd00      	pop	{pc}
10001eea:	b500      	push	{lr}
10001eec:	2900      	cmp	r1, #0
10001eee:	db0a      	blt.n	10001f06 <l48_1+0x2>
10001ef0:	43db      	mvns	r3, r3
10001ef2:	4252      	negs	r2, r2
10001ef4:	d100      	bne.n	10001ef8 <l47_1>
10001ef6:	3301      	adds	r3, #1

10001ef8 <l47_1>:
10001ef8:	f000 f814 	bl	10001f24 <divmod_u64u64_unsafe>
10001efc:	43c9      	mvns	r1, r1
10001efe:	4240      	negs	r0, r0
10001f00:	d100      	bne.n	10001f04 <l48_1>
10001f02:	3101      	adds	r1, #1

10001f04 <l48_1>:
10001f04:	bd00      	pop	{pc}
10001f06:	43c9      	mvns	r1, r1
10001f08:	4240      	negs	r0, r0
10001f0a:	d100      	bne.n	10001f0e <l49_1>
10001f0c:	3101      	adds	r1, #1

10001f0e <l49_1>:
10001f0e:	43db      	mvns	r3, r3
10001f10:	4252      	negs	r2, r2
10001f12:	d100      	bne.n	10001f16 <l50_1>
10001f14:	3301      	adds	r3, #1

10001f16 <l50_1>:
10001f16:	f000 f805 	bl	10001f24 <divmod_u64u64_unsafe>
10001f1a:	43db      	mvns	r3, r3
10001f1c:	4252      	negs	r2, r2
10001f1e:	d100      	bne.n	10001f22 <l51_1>
10001f20:	3301      	adds	r3, #1

10001f22 <l51_1>:
10001f22:	bd00      	pop	{pc}

10001f24 <divmod_u64u64_unsafe>:
10001f24:	2900      	cmp	r1, #0
10001f26:	d123      	bne.n	10001f70 <y64>
10001f28:	2b00      	cmp	r3, #0
10001f2a:	d118      	bne.n	10001f5e <udiv0+0x10>
10001f2c:	2a00      	cmp	r2, #0
10001f2e:	d00c      	beq.n	10001f4a <divmod_u64u64_unsafe+0x26>
10001f30:	46bc      	mov	ip, r7
10001f32:	4f0d      	ldr	r7, [pc, #52]	@ (10001f68 <udiv0+0x1a>)
10001f34:	6638      	str	r0, [r7, #96]	@ 0x60
10001f36:	667a      	str	r2, [r7, #100]	@ 0x64
10001f38:	2100      	movs	r1, #0
10001f3a:	2300      	movs	r3, #0
10001f3c:	e7ff      	b.n	10001f3e <divmod_u64u64_unsafe+0x1a>
10001f3e:	e7ff      	b.n	10001f40 <divmod_u64u64_unsafe+0x1c>
10001f40:	e7ff      	b.n	10001f42 <divmod_u64u64_unsafe+0x1e>
10001f42:	6f7a      	ldr	r2, [r7, #116]	@ 0x74
10001f44:	6f38      	ldr	r0, [r7, #112]	@ 0x70
10001f46:	4667      	mov	r7, ip
10001f48:	4770      	bx	lr
10001f4a:	2800      	cmp	r0, #0
10001f4c:	d001      	beq.n	10001f52 <udiv0+0x4>

10001f4e <udiv0>:
10001f4e:	4807      	ldr	r0, [pc, #28]	@ (10001f6c <udiv0+0x1e>)
10001f50:	0001      	movs	r1, r0
10001f52:	b500      	push	{lr}
10001f54:	f004 fd70 	bl	10006a38 <____aeabi_ldiv0_veneer>
10001f58:	2200      	movs	r2, #0
10001f5a:	2300      	movs	r3, #0
10001f5c:	bd00      	pop	{pc}
10001f5e:	0002      	movs	r2, r0
10001f60:	000b      	movs	r3, r1
10001f62:	2000      	movs	r0, #0
10001f64:	2100      	movs	r1, #0
10001f66:	4770      	bx	lr
10001f68:	d0000000 	.word	0xd0000000
10001f6c:	ffffffff 	.word	0xffffffff

10001f70 <y64>:
10001f70:	2b00      	cmp	r3, #0
10001f72:	d000      	beq.n	10001f76 <y64+0x6>
10001f74:	e0bf      	b.n	100020f6 <y64_x48>
10001f76:	0c13      	lsrs	r3, r2, #16
10001f78:	d128      	bne.n	10001fcc <y64_x32>
10001f7a:	2a00      	cmp	r2, #0
10001f7c:	d0e7      	beq.n	10001f4e <udiv0>
10001f7e:	b480      	push	{r7}
10001f80:	4f11      	ldr	r7, [pc, #68]	@ (10001fc8 <y64+0x58>)
10001f82:	6639      	str	r1, [r7, #96]	@ 0x60
10001f84:	667a      	str	r2, [r7, #100]	@ 0x64
10001f86:	e7ff      	b.n	10001f88 <y64+0x18>
10001f88:	e7ff      	b.n	10001f8a <y64+0x1a>
10001f8a:	b430      	push	{r4, r5}
10001f8c:	0c04      	lsrs	r4, r0, #16
10001f8e:	6f7b      	ldr	r3, [r7, #116]	@ 0x74
10001f90:	6f39      	ldr	r1, [r7, #112]	@ 0x70
10001f92:	041b      	lsls	r3, r3, #16
10001f94:	4323      	orrs	r3, r4
10001f96:	663b      	str	r3, [r7, #96]	@ 0x60
10001f98:	667a      	str	r2, [r7, #100]	@ 0x64
10001f9a:	e7ff      	b.n	10001f9c <y64+0x2c>
10001f9c:	e7ff      	b.n	10001f9e <y64+0x2e>
10001f9e:	e7ff      	b.n	10001fa0 <y64+0x30>
10001fa0:	46c0      	nop			@ (mov r8, r8)
10001fa2:	b284      	uxth	r4, r0
10001fa4:	6f7b      	ldr	r3, [r7, #116]	@ 0x74
10001fa6:	6f3d      	ldr	r5, [r7, #112]	@ 0x70
10001fa8:	041b      	lsls	r3, r3, #16
10001faa:	4323      	orrs	r3, r4
10001fac:	663b      	str	r3, [r7, #96]	@ 0x60
10001fae:	667a      	str	r2, [r7, #100]	@ 0x64
10001fb0:	e7ff      	b.n	10001fb2 <y64+0x42>
10001fb2:	e7ff      	b.n	10001fb4 <y64+0x44>
10001fb4:	46c0      	nop			@ (mov r8, r8)
10001fb6:	2300      	movs	r3, #0
10001fb8:	042c      	lsls	r4, r5, #16
10001fba:	0c2d      	lsrs	r5, r5, #16
10001fbc:	6f7a      	ldr	r2, [r7, #116]	@ 0x74
10001fbe:	6f38      	ldr	r0, [r7, #112]	@ 0x70
10001fc0:	1900      	adds	r0, r0, r4
10001fc2:	4169      	adcs	r1, r5
10001fc4:	bcb0      	pop	{r4, r5, r7}
10001fc6:	4770      	bx	lr
10001fc8:	d0000000 	.word	0xd0000000

10001fcc <y64_x32>:
10001fcc:	b5f0      	push	{r4, r5, r6, r7, lr}
10001fce:	4694      	mov	ip, r2
10001fd0:	2500      	movs	r5, #0
10001fd2:	0e14      	lsrs	r4, r2, #24
10001fd4:	d101      	bne.n	10001fda <y64_x32+0xe>
10001fd6:	0212      	lsls	r2, r2, #8
10001fd8:	3508      	adds	r5, #8
10001fda:	0f14      	lsrs	r4, r2, #28
10001fdc:	d101      	bne.n	10001fe2 <y64_x32+0x16>
10001fde:	0112      	lsls	r2, r2, #4
10001fe0:	3504      	adds	r5, #4
10001fe2:	0f94      	lsrs	r4, r2, #30
10001fe4:	d101      	bne.n	10001fea <y64_x32+0x1e>
10001fe6:	0092      	lsls	r2, r2, #2
10001fe8:	3502      	adds	r5, #2
10001fea:	0fd4      	lsrs	r4, r2, #31
10001fec:	d101      	bne.n	10001ff2 <y64_x32+0x26>
10001fee:	0052      	lsls	r2, r2, #1
10001ff0:	3501      	adds	r5, #1
10001ff2:	0bd4      	lsrs	r4, r2, #15
10001ff4:	3401      	adds	r4, #1
10001ff6:	4f25      	ldr	r7, [pc, #148]	@ (1000208c <y64_x32+0xc0>)
10001ff8:	667c      	str	r4, [r7, #100]	@ 0x64
10001ffa:	4c25      	ldr	r4, [pc, #148]	@ (10002090 <y64_x32+0xc4>)
10001ffc:	663c      	str	r4, [r7, #96]	@ 0x60
10001ffe:	0c0e      	lsrs	r6, r1, #16
10002000:	b293      	uxth	r3, r2
10002002:	e7ff      	b.n	10002004 <y64_x32+0x38>
10002004:	e7ff      	b.n	10002006 <y64_x32+0x3a>
10002006:	e7ff      	b.n	10002008 <y64_x32+0x3c>
10002008:	6f3c      	ldr	r4, [r7, #112]	@ 0x70
1000200a:	4366      	muls	r6, r4
1000200c:	0c36      	lsrs	r6, r6, #16
1000200e:	0377      	lsls	r7, r6, #13
10002010:	46be      	mov	lr, r7
10002012:	4373      	muls	r3, r6
10002014:	0bdf      	lsrs	r7, r3, #15
10002016:	045b      	lsls	r3, r3, #17
10002018:	1ac0      	subs	r0, r0, r3
1000201a:	41b9      	sbcs	r1, r7
1000201c:	0c13      	lsrs	r3, r2, #16
1000201e:	4373      	muls	r3, r6
10002020:	18db      	adds	r3, r3, r3
10002022:	1ac9      	subs	r1, r1, r3
10002024:	08ce      	lsrs	r6, r1, #3
10002026:	4366      	muls	r6, r4
10002028:	0c36      	lsrs	r6, r6, #16
1000202a:	44b6      	add	lr, r6
1000202c:	b293      	uxth	r3, r2
1000202e:	4373      	muls	r3, r6
10002030:	0f1f      	lsrs	r7, r3, #28
10002032:	011b      	lsls	r3, r3, #4
10002034:	1ac0      	subs	r0, r0, r3
10002036:	41b9      	sbcs	r1, r7
10002038:	0c13      	lsrs	r3, r2, #16
1000203a:	4373      	muls	r3, r6
1000203c:	0b1f      	lsrs	r7, r3, #12
1000203e:	051b      	lsls	r3, r3, #20
10002040:	1ac0      	subs	r0, r0, r3
10002042:	41b9      	sbcs	r1, r7
10002044:	0d86      	lsrs	r6, r0, #22
10002046:	028f      	lsls	r7, r1, #10
10002048:	433e      	orrs	r6, r7
1000204a:	4366      	muls	r6, r4
1000204c:	0c36      	lsrs	r6, r6, #16
1000204e:	2d09      	cmp	r5, #9
10002050:	db24      	blt.n	1000209c <last0>
10002052:	0a52      	lsrs	r2, r2, #9
10002054:	4372      	muls	r2, r6
10002056:	1a80      	subs	r0, r0, r2
10002058:	0377      	lsls	r7, r6, #13
1000205a:	0a46      	lsrs	r6, r0, #9
1000205c:	4366      	muls	r6, r4
1000205e:	0c36      	lsrs	r6, r6, #16
10002060:	2316      	movs	r3, #22
10002062:	1b5b      	subs	r3, r3, r5
10002064:	40de      	lsrs	r6, r3
10002066:	40df      	lsrs	r7, r3
10002068:	19bf      	adds	r7, r7, r6
1000206a:	4664      	mov	r4, ip
1000206c:	4366      	muls	r6, r4
1000206e:	1b82      	subs	r2, r0, r6
10002070:	4670      	mov	r0, lr
10002072:	3504      	adds	r5, #4
10002074:	3306      	adds	r3, #6
10002076:	0001      	movs	r1, r0
10002078:	40d9      	lsrs	r1, r3
1000207a:	40a8      	lsls	r0, r5
1000207c:	19c0      	adds	r0, r0, r7
1000207e:	d300      	bcc.n	10002082 <y64_x32+0xb6>
10002080:	3101      	adds	r1, #1
10002082:	42a2      	cmp	r2, r4
10002084:	d206      	bcs.n	10002094 <y64_x32+0xc8>
10002086:	2300      	movs	r3, #0
10002088:	bdf0      	pop	{r4, r5, r6, r7, pc}
1000208a:	0000      	.short	0x0000
1000208c:	d0000000 	.word	0xd0000000
10002090:	ffffffff 	.word	0xffffffff
10002094:	1b12      	subs	r2, r2, r4
10002096:	3001      	adds	r0, #1
10002098:	d3f3      	bcc.n	10002082 <y64_x32+0xb6>
1000209a:	e7f1      	b.n	10002080 <y64_x32+0xb4>

1000209c <last0>:
1000209c:	2709      	movs	r7, #9
1000209e:	1b7f      	subs	r7, r7, r5
100020a0:	40fe      	lsrs	r6, r7
100020a2:	4664      	mov	r4, ip
100020a4:	b2a2      	uxth	r2, r4
100020a6:	4372      	muls	r2, r6
100020a8:	1a80      	subs	r0, r0, r2
100020aa:	d200      	bcs.n	100020ae <last0+0x12>
100020ac:	3901      	subs	r1, #1
100020ae:	0c22      	lsrs	r2, r4, #16
100020b0:	4372      	muls	r2, r6
100020b2:	0c13      	lsrs	r3, r2, #16
100020b4:	0412      	lsls	r2, r2, #16
100020b6:	1a82      	subs	r2, r0, r2
100020b8:	4199      	sbcs	r1, r3
100020ba:	000b      	movs	r3, r1
100020bc:	4670      	mov	r0, lr
100020be:	3504      	adds	r5, #4
100020c0:	3713      	adds	r7, #19
100020c2:	0001      	movs	r1, r0
100020c4:	40f9      	lsrs	r1, r7
100020c6:	40a8      	lsls	r0, r5
100020c8:	1980      	adds	r0, r0, r6
100020ca:	d300      	bcc.n	100020ce <last0+0x32>
100020cc:	3101      	adds	r1, #1
100020ce:	2b00      	cmp	r3, #0
100020d0:	d102      	bne.n	100020d8 <last0+0x3c>
100020d2:	42a2      	cmp	r2, r4
100020d4:	d20a      	bcs.n	100020ec <last0+0x50>
100020d6:	bdf0      	pop	{r4, r5, r6, r7, pc}
100020d8:	3001      	adds	r0, #1
100020da:	d300      	bcc.n	100020de <last0+0x42>
100020dc:	3101      	adds	r1, #1
100020de:	1b12      	subs	r2, r2, r4
100020e0:	d2fa      	bcs.n	100020d8 <last0+0x3c>
100020e2:	3b01      	subs	r3, #1
100020e4:	d1f8      	bne.n	100020d8 <last0+0x3c>
100020e6:	42a2      	cmp	r2, r4
100020e8:	d200      	bcs.n	100020ec <last0+0x50>
100020ea:	bdf0      	pop	{r4, r5, r6, r7, pc}
100020ec:	3001      	adds	r0, #1
100020ee:	d300      	bcc.n	100020f2 <last0+0x56>
100020f0:	3101      	adds	r1, #1
100020f2:	1b12      	subs	r2, r2, r4
100020f4:	e7f7      	b.n	100020e6 <last0+0x4a>

100020f6 <y64_x48>:
100020f6:	b5f0      	push	{r4, r5, r6, r7, lr}
100020f8:	0c1c      	lsrs	r4, r3, #16
100020fa:	d000      	beq.n	100020fe <y64_x48+0x8>
100020fc:	e080      	b.n	10002200 <y64_x64>
100020fe:	b40c      	push	{r2, r3}
10002100:	2500      	movs	r5, #0
10002102:	0a1c      	lsrs	r4, r3, #8
10002104:	d104      	bne.n	10002110 <y64_x48+0x1a>
10002106:	021b      	lsls	r3, r3, #8
10002108:	0e16      	lsrs	r6, r2, #24
1000210a:	4333      	orrs	r3, r6
1000210c:	0212      	lsls	r2, r2, #8
1000210e:	3508      	adds	r5, #8
10002110:	0b1c      	lsrs	r4, r3, #12
10002112:	d104      	bne.n	1000211e <y64_x48+0x28>
10002114:	011b      	lsls	r3, r3, #4
10002116:	0f16      	lsrs	r6, r2, #28
10002118:	4333      	orrs	r3, r6
1000211a:	0112      	lsls	r2, r2, #4
1000211c:	3504      	adds	r5, #4
1000211e:	0b9c      	lsrs	r4, r3, #14
10002120:	d104      	bne.n	1000212c <y64_x48+0x36>
10002122:	009b      	lsls	r3, r3, #2
10002124:	0f96      	lsrs	r6, r2, #30
10002126:	4333      	orrs	r3, r6
10002128:	0092      	lsls	r2, r2, #2
1000212a:	3502      	adds	r5, #2
1000212c:	0bdc      	lsrs	r4, r3, #15
1000212e:	d102      	bne.n	10002136 <y64_x48+0x40>
10002130:	1892      	adds	r2, r2, r2
10002132:	415b      	adcs	r3, r3
10002134:	3501      	adds	r5, #1
10002136:	001c      	movs	r4, r3
10002138:	1897      	adds	r7, r2, r2
1000213a:	4164      	adcs	r4, r4
1000213c:	3401      	adds	r4, #1
1000213e:	4f46      	ldr	r7, [pc, #280]	@ (10002258 <y64_x64+0x58>)
10002140:	667c      	str	r4, [r7, #100]	@ 0x64
10002142:	4c46      	ldr	r4, [pc, #280]	@ (1000225c <y64_x64+0x5c>)
10002144:	663c      	str	r4, [r7, #96]	@ 0x60
10002146:	0c0e      	lsrs	r6, r1, #16
10002148:	e7ff      	b.n	1000214a <y64_x48+0x54>
1000214a:	e7ff      	b.n	1000214c <y64_x48+0x56>
1000214c:	e7ff      	b.n	1000214e <y64_x48+0x58>
1000214e:	46c0      	nop			@ (mov r8, r8)
10002150:	6f3c      	ldr	r4, [r7, #112]	@ 0x70
10002152:	4366      	muls	r6, r4
10002154:	0c36      	lsrs	r6, r6, #16
10002156:	0377      	lsls	r7, r6, #13
10002158:	46be      	mov	lr, r7
1000215a:	b297      	uxth	r7, r2
1000215c:	4377      	muls	r7, r6
1000215e:	1bc0      	subs	r0, r0, r7
10002160:	d200      	bcs.n	10002164 <y64_x48+0x6e>
10002162:	3901      	subs	r1, #1
10002164:	1bc0      	subs	r0, r0, r7
10002166:	d200      	bcs.n	1000216a <y64_x48+0x74>
10002168:	3901      	subs	r1, #1
1000216a:	b29f      	uxth	r7, r3
1000216c:	4377      	muls	r7, r6
1000216e:	1bc9      	subs	r1, r1, r7
10002170:	1bc9      	subs	r1, r1, r7
10002172:	0c17      	lsrs	r7, r2, #16
10002174:	4377      	muls	r7, r6
10002176:	047e      	lsls	r6, r7, #17
10002178:	0bff      	lsrs	r7, r7, #15
1000217a:	1b80      	subs	r0, r0, r6
1000217c:	41b9      	sbcs	r1, r7
1000217e:	08ce      	lsrs	r6, r1, #3
10002180:	4366      	muls	r6, r4
10002182:	0c36      	lsrs	r6, r6, #16
10002184:	2d0c      	cmp	r5, #12
10002186:	db33      	blt.n	100021f0 <last1>
10002188:	44b6      	add	lr, r6
1000218a:	0b12      	lsrs	r2, r2, #12
1000218c:	051f      	lsls	r7, r3, #20
1000218e:	433a      	orrs	r2, r7
10002190:	0b1b      	lsrs	r3, r3, #12
10002192:	b297      	uxth	r7, r2
10002194:	4377      	muls	r7, r6
10002196:	1bc0      	subs	r0, r0, r7
10002198:	d200      	bcs.n	1000219c <y64_x48+0xa6>
1000219a:	3901      	subs	r1, #1
1000219c:	b29f      	uxth	r7, r3
1000219e:	4377      	muls	r7, r6
100021a0:	1bc9      	subs	r1, r1, r7
100021a2:	0c17      	lsrs	r7, r2, #16
100021a4:	4377      	muls	r7, r6
100021a6:	043e      	lsls	r6, r7, #16
100021a8:	0c3f      	lsrs	r7, r7, #16
100021aa:	1b80      	subs	r0, r0, r6
100021ac:	41b9      	sbcs	r1, r7
100021ae:	0d86      	lsrs	r6, r0, #22
100021b0:	028f      	lsls	r7, r1, #10
100021b2:	433e      	orrs	r6, r7
100021b4:	4366      	muls	r6, r4
100021b6:	2729      	movs	r7, #41	@ 0x29
100021b8:	1b7f      	subs	r7, r7, r5
100021ba:	40fe      	lsrs	r6, r7
100021bc:	3d0c      	subs	r5, #12
100021be:	4677      	mov	r7, lr
100021c0:	40af      	lsls	r7, r5
100021c2:	19bf      	adds	r7, r7, r6
100021c4:	bc30      	pop	{r4, r5}
100021c6:	b2a2      	uxth	r2, r4
100021c8:	b2ab      	uxth	r3, r5
100021ca:	4372      	muls	r2, r6
100021cc:	4373      	muls	r3, r6
100021ce:	1a80      	subs	r0, r0, r2
100021d0:	4199      	sbcs	r1, r3
100021d2:	0c22      	lsrs	r2, r4, #16
100021d4:	4372      	muls	r2, r6
100021d6:	0c13      	lsrs	r3, r2, #16
100021d8:	0412      	lsls	r2, r2, #16
100021da:	1a80      	subs	r0, r0, r2
100021dc:	4199      	sbcs	r1, r3
100021de:	0002      	movs	r2, r0
100021e0:	000b      	movs	r3, r1
100021e2:	3701      	adds	r7, #1
100021e4:	1b00      	subs	r0, r0, r4
100021e6:	41a9      	sbcs	r1, r5
100021e8:	d2f9      	bcs.n	100021de <y64_x48+0xe8>
100021ea:	1e78      	subs	r0, r7, #1
100021ec:	2100      	movs	r1, #0
100021ee:	bdf0      	pop	{r4, r5, r6, r7, pc}

100021f0 <last1>:
100021f0:	270c      	movs	r7, #12
100021f2:	1b7f      	subs	r7, r7, r5
100021f4:	40fe      	lsrs	r6, r7
100021f6:	4677      	mov	r7, lr
100021f8:	0b7f      	lsrs	r7, r7, #13
100021fa:	40af      	lsls	r7, r5
100021fc:	19ff      	adds	r7, r7, r7
100021fe:	e7e0      	b.n	100021c2 <y64_x48+0xcc>

10002200 <y64_x64>:
10002200:	2400      	movs	r4, #0
10002202:	1c5d      	adds	r5, r3, #1
10002204:	d007      	beq.n	10002216 <y64_x64+0x16>
10002206:	4f14      	ldr	r7, [pc, #80]	@ (10002258 <y64_x64+0x58>)
10002208:	667d      	str	r5, [r7, #100]	@ 0x64
1000220a:	6639      	str	r1, [r7, #96]	@ 0x60
1000220c:	e7ff      	b.n	1000220e <y64_x64+0xe>
1000220e:	e7ff      	b.n	10002210 <y64_x64+0x10>
10002210:	e7ff      	b.n	10002212 <y64_x64+0x12>
10002212:	e7ff      	b.n	10002214 <y64_x64+0x14>
10002214:	6f3c      	ldr	r4, [r7, #112]	@ 0x70
10002216:	b295      	uxth	r5, r2
10002218:	b29e      	uxth	r6, r3
1000221a:	4365      	muls	r5, r4
1000221c:	4366      	muls	r6, r4
1000221e:	1b40      	subs	r0, r0, r5
10002220:	41b1      	sbcs	r1, r6
10002222:	0c15      	lsrs	r5, r2, #16
10002224:	0c1e      	lsrs	r6, r3, #16
10002226:	4365      	muls	r5, r4
10002228:	4366      	muls	r6, r4
1000222a:	0436      	lsls	r6, r6, #16
1000222c:	0c2f      	lsrs	r7, r5, #16
1000222e:	433e      	orrs	r6, r7
10002230:	042d      	lsls	r5, r5, #16
10002232:	1b40      	subs	r0, r0, r5
10002234:	41b1      	sbcs	r1, r6
10002236:	4299      	cmp	r1, r3
10002238:	d204      	bcs.n	10002244 <y64_x64+0x44>
1000223a:	0002      	movs	r2, r0
1000223c:	000b      	movs	r3, r1
1000223e:	0020      	movs	r0, r4
10002240:	2100      	movs	r1, #0
10002242:	bdf0      	pop	{r4, r5, r6, r7, pc}
10002244:	d101      	bne.n	1000224a <y64_x64+0x4a>
10002246:	4290      	cmp	r0, r2
10002248:	d3f7      	bcc.n	1000223a <y64_x64+0x3a>
1000224a:	1a80      	subs	r0, r0, r2
1000224c:	4199      	sbcs	r1, r3
1000224e:	3401      	adds	r4, #1
10002250:	4299      	cmp	r1, r3
10002252:	d3f2      	bcc.n	1000223a <y64_x64+0x3a>
10002254:	e7f6      	b.n	10002244 <y64_x64+0x44>
10002256:	0000      	.short	0x0000
10002258:	d0000000 	.word	0xd0000000
1000225c:	ffffffff 	.word	0xffffffff

10002260 <__wrap___aeabi_drsub>:
10002260:	4048      	eors	r0, r1
10002262:	4041      	eors	r1, r0
10002264:	4048      	eors	r0, r1

10002266 <__wrap___aeabi_dsub>:
10002266:	b418      	push	{r3, r4}
10002268:	4b1b      	ldr	r3, [pc, #108]	@ (100022d8 <__wrap___aeabi_dmul+0x12>)
1000226a:	685b      	ldr	r3, [r3, #4]
1000226c:	46fc      	mov	ip, pc
1000226e:	9301      	str	r3, [sp, #4]
10002270:	bd08      	pop	{r3, pc}
10002272:	df04      	.short	0xdf04
10002274:	1000250b 	.word	0x1000250b

10002278 <__wrap___aeabi_dadd>:
10002278:	b418      	push	{r3, r4}
1000227a:	4b17      	ldr	r3, [pc, #92]	@ (100022d8 <__wrap___aeabi_dmul+0x12>)
1000227c:	681b      	ldr	r3, [r3, #0]
1000227e:	46fc      	mov	ip, pc
10002280:	9301      	str	r3, [sp, #4]
10002282:	bd08      	pop	{r3, pc}
10002284:	2515df00 	.word	0x2515df00
10002288:	1000      	.short	0x1000

1000228a <__wrap___aeabi_ddiv>:
1000228a:	4694      	mov	ip, r2
1000228c:	4a13      	ldr	r2, [pc, #76]	@ (100022dc <__wrap___aeabi_dmul+0x16>)
1000228e:	6f92      	ldr	r2, [r2, #120]	@ 0x78
10002290:	0892      	lsrs	r2, r2, #2
10002292:	d209      	bcs.n	100022a8 <ddiv_save_state>
10002294:	4662      	mov	r2, ip

10002296 <ddiv_shim_call>:
10002296:	b418      	push	{r3, r4}
10002298:	4b0f      	ldr	r3, [pc, #60]	@ (100022d8 <__wrap___aeabi_dmul+0x12>)
1000229a:	68db      	ldr	r3, [r3, #12]
1000229c:	46fc      	mov	ip, pc
1000229e:	9301      	str	r3, [sp, #4]
100022a0:	bd08      	pop	{r3, pc}
100022a2:	df0c      	.short	0xdf0c
100022a4:	100027cd 	.word	0x100027cd

100022a8 <ddiv_save_state>:
100022a8:	4a0c      	ldr	r2, [pc, #48]	@ (100022dc <__wrap___aeabi_dmul+0x16>)
100022aa:	b5f0      	push	{r4, r5, r6, r7, lr}
100022ac:	6e14      	ldr	r4, [r2, #96]	@ 0x60
100022ae:	6e55      	ldr	r5, [r2, #100]	@ 0x64
100022b0:	6f57      	ldr	r7, [r2, #116]	@ 0x74
100022b2:	6f16      	ldr	r6, [r2, #112]	@ 0x70
100022b4:	4662      	mov	r2, ip
100022b6:	f7ff ffee 	bl	10002296 <ddiv_shim_call>
100022ba:	4a08      	ldr	r2, [pc, #32]	@ (100022dc <__wrap___aeabi_dmul+0x16>)
100022bc:	6614      	str	r4, [r2, #96]	@ 0x60
100022be:	6655      	str	r5, [r2, #100]	@ 0x64
100022c0:	6757      	str	r7, [r2, #116]	@ 0x74
100022c2:	6716      	str	r6, [r2, #112]	@ 0x70
100022c4:	bdf0      	pop	{r4, r5, r6, r7, pc}

100022c6 <__wrap___aeabi_dmul>:
100022c6:	b418      	push	{r3, r4}
100022c8:	4b03      	ldr	r3, [pc, #12]	@ (100022d8 <__wrap___aeabi_dmul+0x12>)
100022ca:	689b      	ldr	r3, [r3, #8]
100022cc:	46fc      	mov	ip, pc
100022ce:	9301      	str	r3, [sp, #4]
100022d0:	bd08      	pop	{r3, pc}
100022d2:	df08      	.short	0xdf08
100022d4:	10002671 	.word	0x10002671
100022d8:	20001280 	.word	0x20001280
100022dc:	d0000000 	.word	0xd0000000

100022e0 <__wrap___aeabi_cdrcmple>:
100022e0:	b5ff      	push	{r0, r1, r2, r3, r4, r5, r6, r7, lr}
100022e2:	4050      	eors	r0, r2
100022e4:	4042      	eors	r2, r0
100022e6:	4050      	eors	r0, r2
100022e8:	4059      	eors	r1, r3
100022ea:	404b      	eors	r3, r1
100022ec:	4059      	eors	r1, r3
100022ee:	e000      	b.n	100022f2 <__aeabi_dfcmple_guts>

100022f0 <__wrap___aeabi_cdcmpeq>:
100022f0:	b5ff      	push	{r0, r1, r2, r3, r4, r5, r6, r7, lr}

100022f2 <__aeabi_dfcmple_guts>:
100022f2:	4f15      	ldr	r7, [pc, #84]	@ (10002348 <__aeabi_dfcmple_guts+0x56>)
100022f4:	004c      	lsls	r4, r1, #1
100022f6:	0d64      	lsrs	r4, r4, #21
100022f8:	d003      	beq.n	10002302 <__aeabi_dfcmple_guts+0x10>
100022fa:	42bc      	cmp	r4, r7
100022fc:	d104      	bne.n	10002308 <__aeabi_dfcmple_guts+0x16>
100022fe:	030c      	lsls	r4, r1, #12
10002300:	d814      	bhi.n	1000232c <__aeabi_dfcmple_guts+0x3a>
10002302:	2000      	movs	r0, #0
10002304:	0d09      	lsrs	r1, r1, #20
10002306:	0509      	lsls	r1, r1, #20
10002308:	005c      	lsls	r4, r3, #1
1000230a:	0d64      	lsrs	r4, r4, #21
1000230c:	d003      	beq.n	10002316 <__aeabi_dfcmple_guts+0x24>
1000230e:	42bc      	cmp	r4, r7
10002310:	d104      	bne.n	1000231c <__aeabi_dfcmple_guts+0x2a>
10002312:	031c      	lsls	r4, r3, #12
10002314:	d80a      	bhi.n	1000232c <__aeabi_dfcmple_guts+0x3a>
10002316:	2200      	movs	r2, #0
10002318:	0d1b      	lsrs	r3, r3, #20
1000231a:	051b      	lsls	r3, r3, #20
1000231c:	2601      	movs	r6, #1
1000231e:	404b      	eors	r3, r1
10002320:	d409      	bmi.n	10002336 <__aeabi_dfcmple_guts+0x44>
10002322:	404b      	eors	r3, r1
10002324:	d503      	bpl.n	1000232e <__aeabi_dfcmple_guts+0x3c>
10002326:	428b      	cmp	r3, r1
10002328:	d100      	bne.n	1000232c <__aeabi_dfcmple_guts+0x3a>
1000232a:	4282      	cmp	r2, r0
1000232c:	bdff      	pop	{r0, r1, r2, r3, r4, r5, r6, r7, pc}
1000232e:	4299      	cmp	r1, r3
10002330:	d1fc      	bne.n	1000232c <__aeabi_dfcmple_guts+0x3a>
10002332:	4290      	cmp	r0, r2
10002334:	bdff      	pop	{r0, r1, r2, r3, r4, r5, r6, r7, pc}
10002336:	430b      	orrs	r3, r1
10002338:	18db      	adds	r3, r3, r3
1000233a:	4303      	orrs	r3, r0
1000233c:	4313      	orrs	r3, r2
1000233e:	d0f5      	beq.n	1000232c <__aeabi_dfcmple_guts+0x3a>
10002340:	43c9      	mvns	r1, r1
10002342:	1849      	adds	r1, r1, r1
10002344:	bdff      	pop	{r0, r1, r2, r3, r4, r5, r6, r7, pc}
10002346:	0000      	.short	0x0000
10002348:	000007ff 	.word	0x000007ff

1000234c <__wrap___aeabi_dcmplt>:
1000234c:	b500      	push	{lr}
1000234e:	f7ff ffcf 	bl	100022f0 <__wrap___aeabi_cdcmpeq>
10002352:	4180      	sbcs	r0, r0
10002354:	bd00      	pop	{pc}
10002356:	46c0      	nop			@ (mov r8, r8)

10002358 <__wrap___aeabi_dcmple>:
10002358:	b500      	push	{lr}
1000235a:	f7ff ffc9 	bl	100022f0 <__wrap___aeabi_cdcmpeq>
1000235e:	d901      	bls.n	10002364 <__wrap___aeabi_dcmple+0xc>
10002360:	2000      	movs	r0, #0
10002362:	bd00      	pop	{pc}
10002364:	2001      	movs	r0, #1
10002366:	bd00      	pop	{pc}

10002368 <__wrap___aeabi_dcmpge>:
10002368:	b500      	push	{lr}
1000236a:	f7ff ffb9 	bl	100022e0 <__wrap___aeabi_cdrcmple>
1000236e:	d901      	bls.n	10002374 <__wrap___aeabi_dcmpge+0xc>
10002370:	2000      	movs	r0, #0
10002372:	bd00      	pop	{pc}
10002374:	2001      	movs	r0, #1
10002376:	bd00      	pop	{pc}

10002378 <__wrap___aeabi_dcmpgt>:
10002378:	b500      	push	{lr}
1000237a:	f7ff ffb1 	bl	100022e0 <__wrap___aeabi_cdrcmple>
1000237e:	4180      	sbcs	r0, r0
10002380:	bd00      	pop	{pc}

10002382 <__wrap___aeabi_dcmpun>:
10002382:	2001      	movs	r0, #1
10002384:	0540      	lsls	r0, r0, #21
10002386:	004a      	lsls	r2, r1, #1
10002388:	1812      	adds	r2, r2, r0
1000238a:	d804      	bhi.n	10002396 <__wrap___aeabi_dcmpun+0x14>
1000238c:	005a      	lsls	r2, r3, #1
1000238e:	1812      	adds	r2, r2, r0
10002390:	d801      	bhi.n	10002396 <__wrap___aeabi_dcmpun+0x14>
10002392:	2000      	movs	r0, #0
10002394:	4770      	bx	lr
10002396:	2001      	movs	r0, #1
10002398:	4770      	bx	lr
	...

1000239c <__wrap___aeabi_ui2d>:
1000239c:	2100      	movs	r1, #0
1000239e:	2800      	cmp	r0, #0
100023a0:	d105      	bne.n	100023ae <__wrap___aeabi_i2d+0xa>
100023a2:	4770      	bx	lr

100023a4 <__wrap___aeabi_i2d>:
100023a4:	17c1      	asrs	r1, r0, #31
100023a6:	4048      	eors	r0, r1
100023a8:	1a40      	subs	r0, r0, r1
100023aa:	d0fa      	beq.n	100023a2 <__wrap___aeabi_ui2d+0x6>
100023ac:	07c9      	lsls	r1, r1, #31
100023ae:	b513      	push	{r0, r1, r4, lr}
100023b0:	4b06      	ldr	r3, [pc, #24]	@ (100023cc <__wrap___aeabi_i2d+0x28>)
100023b2:	681b      	ldr	r3, [r3, #0]
100023b4:	4798      	blx	r3
100023b6:	bc0c      	pop	{r2, r3}
100023b8:	1c44      	adds	r4, r0, #1
100023ba:	40a2      	lsls	r2, r4
100023bc:	0510      	lsls	r0, r2, #20
100023be:	0b12      	lsrs	r2, r2, #12
100023c0:	4903      	ldr	r1, [pc, #12]	@ (100023d0 <__wrap___aeabi_i2d+0x2c>)
100023c2:	1b09      	subs	r1, r1, r4
100023c4:	0509      	lsls	r1, r1, #20
100023c6:	4319      	orrs	r1, r3
100023c8:	4311      	orrs	r1, r2
100023ca:	bd10      	pop	{r4, pc}
100023cc:	20001c30 	.word	0x20001c30
100023d0:	0000041f 	.word	0x0000041f

100023d4 <__wrap___aeabi_d2iz>:
100023d4:	b510      	push	{r4, lr}
100023d6:	004c      	lsls	r4, r1, #1
100023d8:	0d62      	lsrs	r2, r4, #21
100023da:	2380      	movs	r3, #128	@ 0x80
100023dc:	18d2      	adds	r2, r2, r3
100023de:	00db      	lsls	r3, r3, #3
100023e0:	1ad2      	subs	r2, r2, r3
100023e2:	055b      	lsls	r3, r3, #21
100023e4:	2a7e      	cmp	r2, #126	@ 0x7e
100023e6:	dd10      	ble.n	1000240a <__wrap___aeabi_d2iz+0x36>
100023e8:	3a9e      	subs	r2, #158	@ 0x9e
100023ea:	da13      	bge.n	10002414 <__wrap___aeabi_d2iz+0x40>
100023ec:	17cc      	asrs	r4, r1, #31
100023ee:	0309      	lsls	r1, r1, #12
100023f0:	0849      	lsrs	r1, r1, #1
100023f2:	4319      	orrs	r1, r3
100023f4:	4252      	negs	r2, r2
100023f6:	40d1      	lsrs	r1, r2
100023f8:	0064      	lsls	r4, r4, #1
100023fa:	3401      	adds	r4, #1
100023fc:	3215      	adds	r2, #21
100023fe:	2a20      	cmp	r2, #32
10002400:	da05      	bge.n	1000240e <__wrap___aeabi_d2iz+0x3a>
10002402:	40d0      	lsrs	r0, r2
10002404:	4308      	orrs	r0, r1
10002406:	4360      	muls	r0, r4
10002408:	bd10      	pop	{r4, pc}
1000240a:	2000      	movs	r0, #0
1000240c:	bd10      	pop	{r4, pc}
1000240e:	4608      	mov	r0, r1
10002410:	4360      	muls	r0, r4
10002412:	bd10      	pop	{r4, pc}
10002414:	0fc8      	lsrs	r0, r1, #31
10002416:	18c0      	adds	r0, r0, r3
10002418:	3801      	subs	r0, #1
1000241a:	bd10      	pop	{r4, pc}

1000241c <__wrap___aeabi_d2uiz>:
1000241c:	b418      	push	{r3, r4}
1000241e:	4b04      	ldr	r3, [pc, #16]	@ (10002430 <__wrap___aeabi_d2uiz+0x14>)
10002420:	6a5b      	ldr	r3, [r3, #36]	@ 0x24
10002422:	46fc      	mov	ip, pc
10002424:	9301      	str	r3, [sp, #4]
10002426:	bd08      	pop	{r3, pc}
10002428:	297ddf24 	.word	0x297ddf24
1000242c:	00001000 	.word	0x00001000
10002430:	20001280 	.word	0x20001280

10002434 <__aeabi_double_init>:
10002434:	2313      	movs	r3, #19
10002436:	b570      	push	{r4, r5, r6, lr}
10002438:	781d      	ldrb	r5, [r3, #0]
1000243a:	2d01      	cmp	r5, #1
1000243c:	d019      	beq.n	10002472 <__aeabi_double_init+0x3e>
1000243e:	dd14      	ble.n	1000246a <__aeabi_double_init+0x36>
10002440:	481f      	ldr	r0, [pc, #124]	@ (100024c0 <__aeabi_double_init+0x8c>)
10002442:	f7ff fb31 	bl	10001aa8 <rom_data_lookup>
10002446:	0006      	movs	r6, r0
10002448:	481e      	ldr	r0, [pc, #120]	@ (100024c4 <__aeabi_double_init+0x90>)
1000244a:	f7ff fb2d 	bl	10001aa8 <rom_data_lookup>
1000244e:	4c1e      	ldr	r4, [pc, #120]	@ (100024c8 <__aeabi_double_init+0x94>)
10002450:	2280      	movs	r2, #128	@ 0x80
10002452:	0031      	movs	r1, r6
10002454:	0020      	movs	r0, r4
10002456:	f000 fb61 	bl	10002b1c <__wrap___aeabi_memcpy>
1000245a:	2d02      	cmp	r5, #2
1000245c:	d02d      	beq.n	100024ba <__aeabi_double_init+0x86>
1000245e:	481b      	ldr	r0, [pc, #108]	@ (100024cc <__aeabi_double_init+0x98>)
10002460:	f7ff fb1a 	bl	10001a98 <rom_func_lookup>
10002464:	4b1a      	ldr	r3, [pc, #104]	@ (100024d0 <__aeabi_double_init+0x9c>)
10002466:	6018      	str	r0, [r3, #0]
10002468:	bd70      	pop	{r4, r5, r6, pc}
1000246a:	4b1a      	ldr	r3, [pc, #104]	@ (100024d4 <__aeabi_double_init+0xa0>)
1000246c:	4c16      	ldr	r4, [pc, #88]	@ (100024c8 <__aeabi_double_init+0x94>)
1000246e:	64a3      	str	r3, [r4, #72]	@ 0x48
10002470:	e7f5      	b.n	1000245e <__aeabi_double_init+0x2a>
10002472:	4b18      	ldr	r3, [pc, #96]	@ (100024d4 <__aeabi_double_init+0xa0>)
10002474:	4c14      	ldr	r4, [pc, #80]	@ (100024c8 <__aeabi_double_init+0x94>)
10002476:	6023      	str	r3, [r4, #0]
10002478:	6063      	str	r3, [r4, #4]
1000247a:	60a3      	str	r3, [r4, #8]
1000247c:	60e3      	str	r3, [r4, #12]
1000247e:	6123      	str	r3, [r4, #16]
10002480:	6163      	str	r3, [r4, #20]
10002482:	61a3      	str	r3, [r4, #24]
10002484:	61e3      	str	r3, [r4, #28]
10002486:	6223      	str	r3, [r4, #32]
10002488:	6263      	str	r3, [r4, #36]	@ 0x24
1000248a:	62a3      	str	r3, [r4, #40]	@ 0x28
1000248c:	62e3      	str	r3, [r4, #44]	@ 0x2c
1000248e:	6323      	str	r3, [r4, #48]	@ 0x30
10002490:	6363      	str	r3, [r4, #52]	@ 0x34
10002492:	63a3      	str	r3, [r4, #56]	@ 0x38
10002494:	63e3      	str	r3, [r4, #60]	@ 0x3c
10002496:	6423      	str	r3, [r4, #64]	@ 0x40
10002498:	6463      	str	r3, [r4, #68]	@ 0x44
1000249a:	64a3      	str	r3, [r4, #72]	@ 0x48
1000249c:	64e3      	str	r3, [r4, #76]	@ 0x4c
1000249e:	6523      	str	r3, [r4, #80]	@ 0x50
100024a0:	6563      	str	r3, [r4, #84]	@ 0x54
100024a2:	65a3      	str	r3, [r4, #88]	@ 0x58
100024a4:	65e3      	str	r3, [r4, #92]	@ 0x5c
100024a6:	6623      	str	r3, [r4, #96]	@ 0x60
100024a8:	6663      	str	r3, [r4, #100]	@ 0x64
100024aa:	66a3      	str	r3, [r4, #104]	@ 0x68
100024ac:	66e3      	str	r3, [r4, #108]	@ 0x6c
100024ae:	6723      	str	r3, [r4, #112]	@ 0x70
100024b0:	6763      	str	r3, [r4, #116]	@ 0x74
100024b2:	67a3      	str	r3, [r4, #120]	@ 0x78
100024b4:	67e3      	str	r3, [r4, #124]	@ 0x7c
100024b6:	64a3      	str	r3, [r4, #72]	@ 0x48
100024b8:	e7d1      	b.n	1000245e <__aeabi_double_init+0x2a>
100024ba:	4b06      	ldr	r3, [pc, #24]	@ (100024d4 <__aeabi_double_init+0xa0>)
100024bc:	64a3      	str	r3, [r4, #72]	@ 0x48
100024be:	e7ce      	b.n	1000245e <__aeabi_double_init+0x2a>
100024c0:	00004453 	.word	0x00004453
100024c4:	00004653 	.word	0x00004653
100024c8:	20001280 	.word	0x20001280
100024cc:	0000334c 	.word	0x0000334c
100024d0:	20001c30 	.word	0x20001c30
100024d4:	100024d9 	.word	0x100024d9

100024d8 <double_table_shim_on_use_helper>:
100024d8:	b507      	push	{r0, r1, r2, lr}
100024da:	4660      	mov	r0, ip
100024dc:	8801      	ldrh	r1, [r0, #0]
100024de:	0a0a      	lsrs	r2, r1, #8
100024e0:	3002      	adds	r0, #2
100024e2:	2adf      	cmp	r2, #223	@ 0xdf
100024e4:	d1fa      	bne.n	100024dc <double_table_shim_on_use_helper+0x4>
100024e6:	b2c9      	uxtb	r1, r1
100024e8:	0882      	lsrs	r2, r0, #2
100024ea:	d304      	bcc.n	100024f6 <double_table_shim_on_use_helper+0x1e>
100024ec:	8802      	ldrh	r2, [r0, #0]
100024ee:	8840      	ldrh	r0, [r0, #2]
100024f0:	0400      	lsls	r0, r0, #16
100024f2:	4310      	orrs	r0, r2
100024f4:	e000      	b.n	100024f8 <double_table_shim_on_use_helper+0x20>
100024f6:	6800      	ldr	r0, [r0, #0]
100024f8:	4a01      	ldr	r2, [pc, #4]	@ (10002500 <double_table_shim_on_use_helper+0x28>)
100024fa:	5050      	str	r0, [r2, r1]
100024fc:	9003      	str	r0, [sp, #12]
100024fe:	bd07      	pop	{r0, r1, r2, pc}
10002500:	20001280 	.word	0x20001280

10002504 <drsub_shim>:
10002504:	b40f      	push	{r0, r1, r2, r3}
10002506:	bc03      	pop	{r0, r1}
10002508:	bc0c      	pop	{r2, r3}

1000250a <dsub_shim>:
1000250a:	b5f0      	push	{r4, r5, r6, r7, lr}
1000250c:	2401      	movs	r4, #1
1000250e:	07e4      	lsls	r4, r4, #31
10002510:	4063      	eors	r3, r4
10002512:	e000      	b.n	10002516 <da_entry>

10002514 <dadd_shim>:
10002514:	b5f0      	push	{r4, r5, r6, r7, lr}

10002516 <da_entry>:
10002516:	0d0c      	lsrs	r4, r1, #20
10002518:	0fcf      	lsrs	r7, r1, #31
1000251a:	1e66      	subs	r6, r4, #1
1000251c:	0536      	lsls	r6, r6, #20
1000251e:	1b89      	subs	r1, r1, r6
10002520:	0564      	lsls	r4, r4, #21
10002522:	d303      	bcc.n	1000252c <l8_1>
10002524:	43c9      	mvns	r1, r1
10002526:	4240      	negs	r0, r0
10002528:	d300      	bcc.n	1000252c <l8_1>
1000252a:	3101      	adds	r1, #1

1000252c <l8_1>:
1000252c:	0d64      	lsrs	r4, r4, #21
1000252e:	d003      	beq.n	10002538 <l8_2>
10002530:	1c66      	adds	r6, r4, #1
10002532:	0af6      	lsrs	r6, r6, #11
10002534:	d007      	beq.n	10002546 <l8_3>
10002536:	1be4      	subs	r4, r4, r7

10002538 <l8_2>:
10002538:	2000      	movs	r0, #0
1000253a:	007f      	lsls	r7, r7, #1
1000253c:	1c79      	adds	r1, r7, #1
1000253e:	0789      	lsls	r1, r1, #30
10002540:	1289      	asrs	r1, r1, #10
10002542:	3c80      	subs	r4, #128	@ 0x80
10002544:	0324      	lsls	r4, r4, #12

10002546 <l8_3>:
10002546:	0d1d      	lsrs	r5, r3, #20
10002548:	0fdf      	lsrs	r7, r3, #31
1000254a:	1e6e      	subs	r6, r5, #1
1000254c:	0536      	lsls	r6, r6, #20
1000254e:	1b9b      	subs	r3, r3, r6
10002550:	056d      	lsls	r5, r5, #21
10002552:	d303      	bcc.n	1000255c <l9_1>
10002554:	43db      	mvns	r3, r3
10002556:	4252      	negs	r2, r2
10002558:	d300      	bcc.n	1000255c <l9_1>
1000255a:	3301      	adds	r3, #1

1000255c <l9_1>:
1000255c:	0d6d      	lsrs	r5, r5, #21
1000255e:	d003      	beq.n	10002568 <l9_2>
10002560:	1c6e      	adds	r6, r5, #1
10002562:	0af6      	lsrs	r6, r6, #11
10002564:	d007      	beq.n	10002576 <l9_3>
10002566:	1bed      	subs	r5, r5, r7

10002568 <l9_2>:
10002568:	2200      	movs	r2, #0
1000256a:	007f      	lsls	r7, r7, #1
1000256c:	1c7b      	adds	r3, r7, #1
1000256e:	079b      	lsls	r3, r3, #30
10002570:	129b      	asrs	r3, r3, #10
10002572:	3d80      	subs	r5, #128	@ 0x80
10002574:	032d      	lsls	r5, r5, #12

10002576 <l9_3>:
10002576:	1b2f      	subs	r7, r5, r4
10002578:	1b66      	subs	r6, r4, r5
1000257a:	d458      	bmi.n	1000262e <da_ygtx>
1000257c:	46a4      	mov	ip, r4
1000257e:	2e20      	cmp	r6, #32
10002580:	da46      	bge.n	10002610 <da_xrgty>
10002582:	3720      	adds	r7, #32
10002584:	0014      	movs	r4, r2
10002586:	40bc      	lsls	r4, r7

10002588 <da_xgty0>:
10002588:	001d      	movs	r5, r3
1000258a:	40bd      	lsls	r5, r7
1000258c:	40f2      	lsrs	r2, r6
1000258e:	4133      	asrs	r3, r6
10002590:	432a      	orrs	r2, r5

10002592 <da_add>:
10002592:	1880      	adds	r0, r0, r2
10002594:	4159      	adcs	r1, r3

10002596 <da_pack>:
10002596:	0fcb      	lsrs	r3, r1, #31
10002598:	d005      	beq.n	100025a6 <da_pack+0x10>
1000259a:	43c9      	mvns	r1, r1
1000259c:	43c0      	mvns	r0, r0
1000259e:	2200      	movs	r2, #0
100025a0:	4264      	negs	r4, r4
100025a2:	4150      	adcs	r0, r2
100025a4:	4151      	adcs	r1, r2
100025a6:	4662      	mov	r2, ip
100025a8:	0d4d      	lsrs	r5, r1, #21
100025aa:	d128      	bne.n	100025fe <da_0>
100025ac:	0d0d      	lsrs	r5, r1, #20
100025ae:	d107      	bne.n	100025c0 <da_1>
100025b0:	2800      	cmp	r0, #0
100025b2:	d01f      	beq.n	100025f4 <da_5>

100025b4 <da_2>:
100025b4:	1924      	adds	r4, r4, r4
100025b6:	4140      	adcs	r0, r0
100025b8:	4149      	adcs	r1, r1
100025ba:	3a01      	subs	r2, #1
100025bc:	0d0d      	lsrs	r5, r1, #20
100025be:	d0f9      	beq.n	100025b4 <da_2>

100025c0 <da_1>:
100025c0:	0064      	lsls	r4, r4, #1
100025c2:	d306      	bcc.n	100025d2 <da_3>

100025c4 <da_4>:
100025c4:	3001      	adds	r0, #1
100025c6:	d300      	bcc.n	100025ca <da_4+0x6>
100025c8:	3101      	adds	r1, #1
100025ca:	2c00      	cmp	r4, #0
100025cc:	d101      	bne.n	100025d2 <da_3>
100025ce:	0840      	lsrs	r0, r0, #1
100025d0:	0040      	lsls	r0, r0, #1

100025d2 <da_3>:
100025d2:	3a01      	subs	r2, #1
100025d4:	d40b      	bmi.n	100025ee <da_6>
100025d6:	1c94      	adds	r4, r2, #2
100025d8:	0ae4      	lsrs	r4, r4, #11
100025da:	d104      	bne.n	100025e6 <da_7>
100025dc:	0512      	lsls	r2, r2, #20
100025de:	4411      	add	r1, r2
100025e0:	07db      	lsls	r3, r3, #31
100025e2:	4419      	add	r1, r3
100025e4:	bdf0      	pop	{r4, r5, r6, r7, pc}

100025e6 <da_7>:
100025e6:	07d9      	lsls	r1, r3, #31
100025e8:	4b20      	ldr	r3, [pc, #128]	@ (1000266c <da_xmgty+0x4>)
100025ea:	4319      	orrs	r1, r3
100025ec:	e000      	b.n	100025f0 <da_6+0x2>

100025ee <da_6>:
100025ee:	07d9      	lsls	r1, r3, #31
100025f0:	2000      	movs	r0, #0
100025f2:	bdf0      	pop	{r4, r5, r6, r7, pc}

100025f4 <da_5>:
100025f4:	2900      	cmp	r1, #0
100025f6:	d1dd      	bne.n	100025b4 <da_2>
100025f8:	2c00      	cmp	r4, #0
100025fa:	d1db      	bne.n	100025b4 <da_2>
100025fc:	bdf0      	pop	{r4, r5, r6, r7, pc}

100025fe <da_0>:
100025fe:	3201      	adds	r2, #1
10002600:	07c6      	lsls	r6, r0, #31
10002602:	0840      	lsrs	r0, r0, #1
10002604:	07cd      	lsls	r5, r1, #31
10002606:	4328      	orrs	r0, r5
10002608:	0849      	lsrs	r1, r1, #1
1000260a:	2e00      	cmp	r6, #0
1000260c:	d0e1      	beq.n	100025d2 <da_3>
1000260e:	e7d9      	b.n	100025c4 <da_4>

10002610 <da_xrgty>:
10002610:	2e3c      	cmp	r6, #60	@ 0x3c
10002612:	da29      	bge.n	10002668 <da_xmgty>
10002614:	3e20      	subs	r6, #32
10002616:	3740      	adds	r7, #64	@ 0x40
10002618:	0014      	movs	r4, r2
1000261a:	40bc      	lsls	r4, r7
1000261c:	d000      	beq.n	10002620 <da_xrgty+0x10>
1000261e:	2401      	movs	r4, #1
10002620:	40f2      	lsrs	r2, r6
10002622:	4314      	orrs	r4, r2
10002624:	001a      	movs	r2, r3
10002626:	40bb      	lsls	r3, r7
10002628:	431c      	orrs	r4, r3
1000262a:	17d3      	asrs	r3, r2, #31
1000262c:	e7ac      	b.n	10002588 <da_xgty0>

1000262e <da_ygtx>:
1000262e:	46ac      	mov	ip, r5
10002630:	2f20      	cmp	r7, #32
10002632:	da08      	bge.n	10002646 <da_yrgtx>
10002634:	3620      	adds	r6, #32
10002636:	0004      	movs	r4, r0
10002638:	40b4      	lsls	r4, r6

1000263a <da_ygtx0>:
1000263a:	000d      	movs	r5, r1
1000263c:	40b5      	lsls	r5, r6
1000263e:	40f8      	lsrs	r0, r7
10002640:	4139      	asrs	r1, r7
10002642:	4328      	orrs	r0, r5
10002644:	e7a5      	b.n	10002592 <da_add>

10002646 <da_yrgtx>:
10002646:	2f3c      	cmp	r7, #60	@ 0x3c
10002648:	da0c      	bge.n	10002664 <da_ymgtx>
1000264a:	3f20      	subs	r7, #32
1000264c:	3640      	adds	r6, #64	@ 0x40
1000264e:	0004      	movs	r4, r0
10002650:	40b4      	lsls	r4, r6
10002652:	d000      	beq.n	10002656 <da_yrgtx+0x10>
10002654:	2401      	movs	r4, #1
10002656:	40f8      	lsrs	r0, r7
10002658:	4304      	orrs	r4, r0
1000265a:	0008      	movs	r0, r1
1000265c:	40b1      	lsls	r1, r6
1000265e:	430c      	orrs	r4, r1
10002660:	17c1      	asrs	r1, r0, #31
10002662:	e7ea      	b.n	1000263a <da_ygtx0>

10002664 <da_ymgtx>:
10002664:	0010      	movs	r0, r2
10002666:	0019      	movs	r1, r3

10002668 <da_xmgty>:
10002668:	2400      	movs	r4, #0
1000266a:	e794      	b.n	10002596 <da_pack>
1000266c:	7ff00000 	.word	0x7ff00000

10002670 <dmul_shim>:
10002670:	b5f0      	push	{r4, r5, r6, r7, lr}
10002672:	0d0c      	lsrs	r4, r1, #20
10002674:	1e66      	subs	r6, r4, #1
10002676:	0536      	lsls	r6, r6, #20
10002678:	1b89      	subs	r1, r1, r6
1000267a:	0ae6      	lsrs	r6, r4, #11
1000267c:	0564      	lsls	r4, r4, #21
1000267e:	0d64      	lsrs	r4, r4, #21
10002680:	d002      	beq.n	10002688 <l12_1>
10002682:	1c65      	adds	r5, r4, #1
10002684:	0aed      	lsrs	r5, r5, #11
10002686:	d004      	beq.n	10002692 <l12_2>

10002688 <l12_1>:
10002688:	2000      	movs	r0, #0
1000268a:	2101      	movs	r1, #1
1000268c:	0509      	lsls	r1, r1, #20
1000268e:	3c80      	subs	r4, #128	@ 0x80
10002690:	0324      	lsls	r4, r4, #12

10002692 <l12_2>:
10002692:	46a4      	mov	ip, r4
10002694:	0d1c      	lsrs	r4, r3, #20
10002696:	1e67      	subs	r7, r4, #1
10002698:	053f      	lsls	r7, r7, #20
1000269a:	1bdb      	subs	r3, r3, r7
1000269c:	0ae7      	lsrs	r7, r4, #11
1000269e:	0564      	lsls	r4, r4, #21
100026a0:	0d64      	lsrs	r4, r4, #21
100026a2:	d002      	beq.n	100026aa <l13_1>
100026a4:	1c65      	adds	r5, r4, #1
100026a6:	0aed      	lsrs	r5, r5, #11
100026a8:	d004      	beq.n	100026b4 <l13_2>

100026aa <l13_1>:
100026aa:	2200      	movs	r2, #0
100026ac:	2301      	movs	r3, #1
100026ae:	051b      	lsls	r3, r3, #20
100026b0:	3c80      	subs	r4, #128	@ 0x80
100026b2:	0324      	lsls	r4, r4, #12

100026b4 <l13_2>:
100026b4:	4077      	eors	r7, r6
100026b6:	4464      	add	r4, ip
100026b8:	b497      	push	{r0, r1, r2, r4, r7}
100026ba:	b284      	uxth	r4, r0
100026bc:	b296      	uxth	r6, r2
100026be:	4374      	muls	r4, r6
100026c0:	0c07      	lsrs	r7, r0, #16
100026c2:	437e      	muls	r6, r7
100026c4:	0c15      	lsrs	r5, r2, #16
100026c6:	436f      	muls	r7, r5
100026c8:	b280      	uxth	r0, r0
100026ca:	4368      	muls	r0, r5
100026cc:	1836      	adds	r6, r6, r0
100026ce:	d302      	bcc.n	100026d6 <l14_1>
100026d0:	2001      	movs	r0, #1
100026d2:	0400      	lsls	r0, r0, #16
100026d4:	183f      	adds	r7, r7, r0

100026d6 <l14_1>:
100026d6:	0430      	lsls	r0, r6, #16
100026d8:	0c35      	lsrs	r5, r6, #16
100026da:	1900      	adds	r0, r0, r4
100026dc:	417d      	adcs	r5, r7
100026de:	4684      	mov	ip, r0
100026e0:	b288      	uxth	r0, r1
100026e2:	b29a      	uxth	r2, r3
100026e4:	4350      	muls	r0, r2
100026e6:	0c0c      	lsrs	r4, r1, #16
100026e8:	4362      	muls	r2, r4
100026ea:	0c1f      	lsrs	r7, r3, #16
100026ec:	437c      	muls	r4, r7
100026ee:	b28e      	uxth	r6, r1
100026f0:	437e      	muls	r6, r7
100026f2:	1992      	adds	r2, r2, r6
100026f4:	d302      	bcc.n	100026fc <l15_1>
100026f6:	2601      	movs	r6, #1
100026f8:	0436      	lsls	r6, r6, #16
100026fa:	19a4      	adds	r4, r4, r6

100026fc <l15_1>:
100026fc:	0416      	lsls	r6, r2, #16
100026fe:	0c17      	lsrs	r7, r2, #16
10002700:	1836      	adds	r6, r6, r0
10002702:	4167      	adcs	r7, r4
10002704:	bc01      	pop	{r0}
10002706:	b281      	uxth	r1, r0
10002708:	b29a      	uxth	r2, r3
1000270a:	4351      	muls	r1, r2
1000270c:	0c04      	lsrs	r4, r0, #16
1000270e:	4362      	muls	r2, r4
10002710:	0c1b      	lsrs	r3, r3, #16
10002712:	435c      	muls	r4, r3
10002714:	b280      	uxth	r0, r0
10002716:	4358      	muls	r0, r3
10002718:	1812      	adds	r2, r2, r0
1000271a:	d302      	bcc.n	10002722 <l16_1>
1000271c:	2001      	movs	r0, #1
1000271e:	0400      	lsls	r0, r0, #16
10002720:	1824      	adds	r4, r4, r0

10002722 <l16_1>:
10002722:	0410      	lsls	r0, r2, #16
10002724:	0c13      	lsrs	r3, r2, #16
10002726:	1840      	adds	r0, r0, r1
10002728:	4163      	adcs	r3, r4
1000272a:	182d      	adds	r5, r5, r0
1000272c:	415e      	adcs	r6, r3
1000272e:	2000      	movs	r0, #0
10002730:	4147      	adcs	r7, r0
10002732:	bc06      	pop	{r1, r2}
10002734:	b288      	uxth	r0, r1
10002736:	b293      	uxth	r3, r2
10002738:	4358      	muls	r0, r3
1000273a:	0c0c      	lsrs	r4, r1, #16
1000273c:	4363      	muls	r3, r4
1000273e:	0c12      	lsrs	r2, r2, #16
10002740:	4354      	muls	r4, r2
10002742:	b289      	uxth	r1, r1
10002744:	4351      	muls	r1, r2
10002746:	185b      	adds	r3, r3, r1
10002748:	d302      	bcc.n	10002750 <l17_1>
1000274a:	2101      	movs	r1, #1
1000274c:	0409      	lsls	r1, r1, #16
1000274e:	1864      	adds	r4, r4, r1

10002750 <l17_1>:
10002750:	0419      	lsls	r1, r3, #16
10002752:	0c1a      	lsrs	r2, r3, #16
10002754:	1809      	adds	r1, r1, r0
10002756:	4162      	adcs	r2, r4
10002758:	186d      	adds	r5, r5, r1
1000275a:	4156      	adcs	r6, r2
1000275c:	2000      	movs	r0, #0
1000275e:	4147      	adcs	r7, r0
10002760:	bc18      	pop	{r3, r4}
10002762:	02f9      	lsls	r1, r7, #11
10002764:	0d72      	lsrs	r2, r6, #21
10002766:	4311      	orrs	r1, r2
10002768:	02f0      	lsls	r0, r6, #11
1000276a:	0d6a      	lsrs	r2, r5, #21
1000276c:	4310      	orrs	r0, r2
1000276e:	02ed      	lsls	r5, r5, #11
10002770:	0d0a      	lsrs	r2, r1, #20
10002772:	d103      	bne.n	1000277c <l17_1+0x2c>
10002774:	196d      	adds	r5, r5, r5
10002776:	4140      	adcs	r0, r0
10002778:	4149      	adcs	r1, r1
1000277a:	3b01      	subs	r3, #1
1000277c:	4e12      	ldr	r6, [pc, #72]	@ (100027c8 <dm_1+0xa>)
1000277e:	1b9b      	subs	r3, r3, r6
10002780:	0076      	lsls	r6, r6, #1
10002782:	42b3      	cmp	r3, r6
10002784:	d20e      	bcs.n	100027a4 <dm_0>
10002786:	006d      	lsls	r5, r5, #1
10002788:	d307      	bcc.n	1000279a <l17_1+0x4a>
1000278a:	3001      	adds	r0, #1
1000278c:	2600      	movs	r6, #0
1000278e:	4171      	adcs	r1, r6
10002790:	4666      	mov	r6, ip
10002792:	4335      	orrs	r5, r6
10002794:	d101      	bne.n	1000279a <l17_1+0x4a>
10002796:	0840      	lsrs	r0, r0, #1
10002798:	0040      	lsls	r0, r0, #1
1000279a:	051b      	lsls	r3, r3, #20
1000279c:	18c9      	adds	r1, r1, r3

1000279e <dm_2>:
1000279e:	07e4      	lsls	r4, r4, #31
100027a0:	4421      	add	r1, r4
100027a2:	bdf0      	pop	{r4, r5, r6, r7, pc}

100027a4 <dm_0>:
100027a4:	da0b      	bge.n	100027be <dm_1>
100027a6:	3301      	adds	r3, #1
100027a8:	d106      	bne.n	100027b8 <dm_0+0x14>
100027aa:	3001      	adds	r0, #1
100027ac:	d104      	bne.n	100027b8 <dm_0+0x14>
100027ae:	3101      	adds	r1, #1
100027b0:	0d4f      	lsrs	r7, r1, #21
100027b2:	d001      	beq.n	100027b8 <dm_0+0x14>
100027b4:	0849      	lsrs	r1, r1, #1
100027b6:	e7f2      	b.n	1000279e <dm_2>
100027b8:	07e1      	lsls	r1, r4, #31
100027ba:	2000      	movs	r0, #0
100027bc:	bdf0      	pop	{r4, r5, r6, r7, pc}

100027be <dm_1>:
100027be:	3601      	adds	r6, #1
100027c0:	0531      	lsls	r1, r6, #20
100027c2:	2000      	movs	r0, #0
100027c4:	e7eb      	b.n	1000279e <dm_2>
100027c6:	0000      	.short	0x0000
100027c8:	000003ff 	.word	0x000003ff

100027cc <ddiv_shim>:
100027cc:	b5f0      	push	{r4, r5, r6, r7, lr}

100027ce <ddiv0>:
100027ce:	0d1c      	lsrs	r4, r3, #20
100027d0:	1e67      	subs	r7, r4, #1
100027d2:	053f      	lsls	r7, r7, #20
100027d4:	1bdb      	subs	r3, r3, r7
100027d6:	0ae7      	lsrs	r7, r4, #11
100027d8:	0564      	lsls	r4, r4, #21
100027da:	0d64      	lsrs	r4, r4, #21
100027dc:	d002      	beq.n	100027e4 <l20_1>
100027de:	1c66      	adds	r6, r4, #1
100027e0:	0af6      	lsrs	r6, r6, #11
100027e2:	d004      	beq.n	100027ee <l20_2>

100027e4 <l20_1>:
100027e4:	2200      	movs	r2, #0
100027e6:	2301      	movs	r3, #1
100027e8:	051b      	lsls	r3, r3, #20
100027ea:	3c80      	subs	r4, #128	@ 0x80
100027ec:	0324      	lsls	r4, r4, #12

100027ee <l20_2>:
100027ee:	25d0      	movs	r5, #208	@ 0xd0
100027f0:	062d      	lsls	r5, r5, #24
100027f2:	2600      	movs	r6, #0
100027f4:	43f6      	mvns	r6, r6
100027f6:	662e      	str	r6, [r5, #96]	@ 0x60
100027f8:	091e      	lsrs	r6, r3, #4
100027fa:	666e      	str	r6, [r5, #100]	@ 0x64
100027fc:	0fce      	lsrs	r6, r1, #31
100027fe:	19f6      	adds	r6, r6, r7
10002800:	46b4      	mov	ip, r6
10002802:	0049      	lsls	r1, r1, #1
10002804:	0d4f      	lsrs	r7, r1, #21
10002806:	d002      	beq.n	1000280e <l20_2+0x20>
10002808:	1c7e      	adds	r6, r7, #1
1000280a:	0af6      	lsrs	r6, r6, #11
1000280c:	d003      	beq.n	10002816 <l20_2+0x28>
1000280e:	2000      	movs	r0, #0
10002810:	2100      	movs	r1, #0
10002812:	3f40      	subs	r7, #64	@ 0x40
10002814:	033f      	lsls	r7, r7, #12
10002816:	1b3e      	subs	r6, r7, r4
10002818:	00b6      	lsls	r6, r6, #2
1000281a:	44b4      	add	ip, r6
1000281c:	3f01      	subs	r7, #1
1000281e:	057f      	lsls	r7, r7, #21
10002820:	1bc9      	subs	r1, r1, r7
10002822:	0849      	lsrs	r1, r1, #1
10002824:	6f2e      	ldr	r6, [r5, #112]	@ 0x70
10002826:	3601      	adds	r6, #1
10002828:	0876      	lsrs	r6, r6, #1
1000282a:	029c      	lsls	r4, r3, #10
1000282c:	0d95      	lsrs	r5, r2, #22
1000282e:	4325      	orrs	r5, r4
10002830:	4375      	muls	r5, r6
10002832:	13ed      	asrs	r5, r5, #15
10002834:	4375      	muls	r5, r6
10002836:	13ad      	asrs	r5, r5, #14
10002838:	3501      	adds	r5, #1
1000283a:	106d      	asrs	r5, r5, #1
1000283c:	03f6      	lsls	r6, r6, #15
1000283e:	1b76      	subs	r6, r6, r5
10002840:	b40c      	push	{r2, r3}
10002842:	02cc      	lsls	r4, r1, #11
10002844:	0d45      	lsrs	r5, r0, #21
10002846:	432c      	orrs	r4, r5
10002848:	b2a2      	uxth	r2, r4
1000284a:	b2b3      	uxth	r3, r6
1000284c:	435a      	muls	r2, r3
1000284e:	0c27      	lsrs	r7, r4, #16
10002850:	437b      	muls	r3, r7
10002852:	0c35      	lsrs	r5, r6, #16
10002854:	436f      	muls	r7, r5
10002856:	b2a4      	uxth	r4, r4
10002858:	436c      	muls	r4, r5
1000285a:	191b      	adds	r3, r3, r4
1000285c:	d302      	bcc.n	10002864 <l21_1>
1000285e:	2401      	movs	r4, #1
10002860:	0424      	lsls	r4, r4, #16
10002862:	193f      	adds	r7, r7, r4

10002864 <l21_1>:
10002864:	041c      	lsls	r4, r3, #16
10002866:	0c1d      	lsrs	r5, r3, #16
10002868:	18a4      	adds	r4, r4, r2
1000286a:	417d      	adcs	r5, r7
1000286c:	1924      	adds	r4, r4, r4
1000286e:	416d      	adcs	r5, r5
10002870:	9a00      	ldr	r2, [sp, #0]
10002872:	b291      	uxth	r1, r2
10002874:	b2ac      	uxth	r4, r5
10002876:	4361      	muls	r1, r4
10002878:	0c17      	lsrs	r7, r2, #16
1000287a:	437c      	muls	r4, r7
1000287c:	0c2b      	lsrs	r3, r5, #16
1000287e:	435f      	muls	r7, r3
10002880:	b292      	uxth	r2, r2
10002882:	435a      	muls	r2, r3
10002884:	18a4      	adds	r4, r4, r2
10002886:	d302      	bcc.n	1000288e <l22_1>
10002888:	2201      	movs	r2, #1
1000288a:	0412      	lsls	r2, r2, #16
1000288c:	18bf      	adds	r7, r7, r2

1000288e <l22_1>:
1000288e:	0422      	lsls	r2, r4, #16
10002890:	0c23      	lsrs	r3, r4, #16
10002892:	1852      	adds	r2, r2, r1
10002894:	417b      	adcs	r3, r7
10002896:	9c01      	ldr	r4, [sp, #4]
10002898:	436c      	muls	r4, r5
1000289a:	191b      	adds	r3, r3, r4
1000289c:	0e52      	lsrs	r2, r2, #25
1000289e:	01d9      	lsls	r1, r3, #7
100028a0:	430a      	orrs	r2, r1
100028a2:	0144      	lsls	r4, r0, #5
100028a4:	1aa0      	subs	r0, r4, r2
100028a6:	b281      	uxth	r1, r0
100028a8:	b2b2      	uxth	r2, r6
100028aa:	4351      	muls	r1, r2
100028ac:	1403      	asrs	r3, r0, #16
100028ae:	435a      	muls	r2, r3
100028b0:	0c36      	lsrs	r6, r6, #16
100028b2:	4373      	muls	r3, r6
100028b4:	b287      	uxth	r7, r0
100028b6:	4377      	muls	r7, r6
100028b8:	17d6      	asrs	r6, r2, #31
100028ba:	19d2      	adds	r2, r2, r7
100028bc:	2700      	movs	r7, #0
100028be:	417e      	adcs	r6, r7
100028c0:	0436      	lsls	r6, r6, #16
100028c2:	199b      	adds	r3, r3, r6
100028c4:	0417      	lsls	r7, r2, #16
100028c6:	0c16      	lsrs	r6, r2, #16
100028c8:	187f      	adds	r7, r7, r1
100028ca:	415e      	adcs	r6, r3
100028cc:	1673      	asrs	r3, r6, #25
100028ce:	18ed      	adds	r5, r5, r3
100028d0:	01f3      	lsls	r3, r6, #7
100028d2:	2600      	movs	r6, #0
100028d4:	3380      	adds	r3, #128	@ 0x80
100028d6:	4175      	adcs	r5, r6
100028d8:	0fa9      	lsrs	r1, r5, #30
100028da:	d106      	bne.n	100028ea <dd_0>
100028dc:	0064      	lsls	r4, r4, #1
100028de:	0a69      	lsrs	r1, r5, #9
100028e0:	05e8      	lsls	r0, r5, #23
100028e2:	0a5b      	lsrs	r3, r3, #9
100028e4:	4318      	orrs	r0, r3
100028e6:	d209      	bcs.n	100028fc <dd_1>
100028e8:	e02f      	b.n	1000294a <dd_2>

100028ea <dd_0>:
100028ea:	2204      	movs	r2, #4
100028ec:	4494      	add	ip, r2
100028ee:	3380      	adds	r3, #128	@ 0x80
100028f0:	4175      	adcs	r5, r6
100028f2:	0aa9      	lsrs	r1, r5, #10
100028f4:	05a8      	lsls	r0, r5, #22
100028f6:	0a9b      	lsrs	r3, r3, #10
100028f8:	4318      	orrs	r0, r3
100028fa:	d326      	bcc.n	1000294a <dd_2>

100028fc <dd_1>:
100028fc:	4140      	adcs	r0, r0
100028fe:	4149      	adcs	r1, r1
10002900:	0424      	lsls	r4, r4, #16
10002902:	9a00      	ldr	r2, [sp, #0]
10002904:	9b01      	ldr	r3, [sp, #4]
10002906:	000d      	movs	r5, r1
10002908:	4355      	muls	r5, r2
1000290a:	1b64      	subs	r4, r4, r5
1000290c:	4343      	muls	r3, r0
1000290e:	1ae4      	subs	r4, r4, r3
10002910:	b295      	uxth	r5, r2
10002912:	b286      	uxth	r6, r0
10002914:	4375      	muls	r5, r6
10002916:	0c17      	lsrs	r7, r2, #16
10002918:	437e      	muls	r6, r7
1000291a:	0c03      	lsrs	r3, r0, #16
1000291c:	435f      	muls	r7, r3
1000291e:	b292      	uxth	r2, r2
10002920:	435a      	muls	r2, r3
10002922:	18b6      	adds	r6, r6, r2
10002924:	d302      	bcc.n	1000292c <l24_1>
10002926:	2201      	movs	r2, #1
10002928:	0412      	lsls	r2, r2, #16
1000292a:	18bf      	adds	r7, r7, r2

1000292c <l24_1>:
1000292c:	0432      	lsls	r2, r6, #16
1000292e:	0c33      	lsrs	r3, r6, #16
10002930:	1952      	adds	r2, r2, r5
10002932:	417b      	adcs	r3, r7
10002934:	4252      	negs	r2, r2
10002936:	419c      	sbcs	r4, r3
10002938:	2c00      	cmp	r4, #0
1000293a:	d402      	bmi.n	10002942 <l24_1+0x16>
1000293c:	2200      	movs	r2, #0
1000293e:	3001      	adds	r0, #1
10002940:	4151      	adcs	r1, r2
10002942:	0840      	lsrs	r0, r0, #1
10002944:	07ca      	lsls	r2, r1, #31
10002946:	4310      	orrs	r0, r2
10002948:	0849      	lsrs	r1, r1, #1

1000294a <dd_2>:
1000294a:	b002      	add	sp, #8
1000294c:	4662      	mov	r2, ip
1000294e:	07d7      	lsls	r7, r2, #31
10002950:	1092      	asrs	r2, r2, #2
10002952:	4b08      	ldr	r3, [pc, #32]	@ (10002974 <dd_4+0x6>)
10002954:	18d2      	adds	r2, r2, r3
10002956:	4b08      	ldr	r3, [pc, #32]	@ (10002978 <dd_4+0xa>)
10002958:	429a      	cmp	r2, r3
1000295a:	d203      	bcs.n	10002964 <dd_3>
1000295c:	0512      	lsls	r2, r2, #20
1000295e:	1889      	adds	r1, r1, r2

10002960 <dd_5>:
10002960:	19c9      	adds	r1, r1, r7
10002962:	bdf0      	pop	{r4, r5, r6, r7, pc}

10002964 <dd_3>:
10002964:	2000      	movs	r0, #0
10002966:	2a00      	cmp	r2, #0
10002968:	dc01      	bgt.n	1000296e <dd_4>
1000296a:	0039      	movs	r1, r7
1000296c:	bdf0      	pop	{r4, r5, r6, r7, pc}

1000296e <dd_4>:
1000296e:	3301      	adds	r3, #1
10002970:	0519      	lsls	r1, r3, #20
10002972:	e7f5      	b.n	10002960 <dd_5>
10002974:	000003fd 	.word	0x000003fd
10002978:	000007fe 	.word	0x000007fe

1000297c <double2uint_shim>:
1000297c:	2200      	movs	r2, #0

1000297e <double2ufix_shim>:
1000297e:	b500      	push	{lr}
10002980:	3220      	adds	r2, #32
10002982:	f000 f804 	bl	1000298e <double2ufix64_shim>
10002986:	0008      	movs	r0, r1
10002988:	bd00      	pop	{pc}
	...

1000298c <double2uint64_shim>:
1000298c:	2200      	movs	r2, #0

1000298e <double2ufix64_shim>:
1000298e:	150b      	asrs	r3, r1, #20
10002990:	d40a      	bmi.n	100029a8 <ret_dzero>

10002992 <d2fix>:
10002992:	b510      	push	{r4, lr}
10002994:	4694      	mov	ip, r2
10002996:	f000 f831 	bl	100029fc <dunpacks>
1000299a:	1414      	asrs	r4, r2, #16
1000299c:	3401      	adds	r4, #1
1000299e:	da00      	bge.n	100029a2 <d2fix+0x10>
100029a0:	2100      	movs	r1, #0
100029a2:	17cb      	asrs	r3, r1, #31
100029a4:	4c14      	ldr	r4, [pc, #80]	@ (100029f8 <d2fix_a+0x4a>)
100029a6:	4720      	bx	r4

100029a8 <ret_dzero>:
100029a8:	2000      	movs	r0, #0
100029aa:	2100      	movs	r1, #0
100029ac:	4770      	bx	lr

100029ae <d2fix_a>:
100029ae:	4462      	add	r2, ip
100029b0:	3a34      	subs	r2, #52	@ 0x34
100029b2:	d40c      	bmi.n	100029ce <d2fix_a+0x20>
100029b4:	2a0c      	cmp	r2, #12
100029b6:	da07      	bge.n	100029c8 <d2fix_a+0x1a>
100029b8:	0004      	movs	r4, r0
100029ba:	4091      	lsls	r1, r2
100029bc:	4090      	lsls	r0, r2
100029be:	4252      	negs	r2, r2
100029c0:	3220      	adds	r2, #32
100029c2:	40d4      	lsrs	r4, r2
100029c4:	4321      	orrs	r1, r4
100029c6:	bd10      	pop	{r4, pc}
100029c8:	43d8      	mvns	r0, r3
100029ca:	43d9      	mvns	r1, r3
100029cc:	bd10      	pop	{r4, pc}
100029ce:	3220      	adds	r2, #32
100029d0:	d407      	bmi.n	100029e2 <d2fix_a+0x34>
100029d2:	460c      	mov	r4, r1
100029d4:	4094      	lsls	r4, r2
100029d6:	4252      	negs	r2, r2
100029d8:	3220      	adds	r2, #32
100029da:	4111      	asrs	r1, r2
100029dc:	40d0      	lsrs	r0, r2
100029de:	4320      	orrs	r0, r4
100029e0:	bd10      	pop	{r4, pc}
100029e2:	0008      	movs	r0, r1
100029e4:	17c9      	asrs	r1, r1, #31
100029e6:	3220      	adds	r2, #32
100029e8:	d403      	bmi.n	100029f2 <d2fix_a+0x44>
100029ea:	4252      	negs	r2, r2
100029ec:	3220      	adds	r2, #32
100029ee:	4110      	asrs	r0, r2
100029f0:	bd10      	pop	{r4, pc}
100029f2:	0018      	movs	r0, r3
100029f4:	0019      	movs	r1, r3
100029f6:	bd10      	pop	{r4, pc}
100029f8:	100029af 	.word	0x100029af

100029fc <dunpacks>:
100029fc:	0d0a      	lsrs	r2, r1, #20
100029fe:	0fcc      	lsrs	r4, r1, #31
10002a00:	1e53      	subs	r3, r2, #1
10002a02:	051b      	lsls	r3, r3, #20
10002a04:	1ac9      	subs	r1, r1, r3
10002a06:	0552      	lsls	r2, r2, #21
10002a08:	d303      	bcc.n	10002a12 <l60_1>
10002a0a:	43c9      	mvns	r1, r1
10002a0c:	4240      	negs	r0, r0
10002a0e:	d300      	bcc.n	10002a12 <l60_1>
10002a10:	3101      	adds	r1, #1

10002a12 <l60_1>:
10002a12:	0d52      	lsrs	r2, r2, #21
10002a14:	d003      	beq.n	10002a1e <l60_2>
10002a16:	1c53      	adds	r3, r2, #1
10002a18:	0adb      	lsrs	r3, r3, #11
10002a1a:	d007      	beq.n	10002a2c <l60_3>
10002a1c:	1b12      	subs	r2, r2, r4

10002a1e <l60_2>:
10002a1e:	2000      	movs	r0, #0
10002a20:	0064      	lsls	r4, r4, #1
10002a22:	1c61      	adds	r1, r4, #1
10002a24:	0789      	lsls	r1, r1, #30
10002a26:	1289      	asrs	r1, r1, #10
10002a28:	3a80      	subs	r2, #128	@ 0x80
10002a2a:	0312      	lsls	r2, r2, #12

10002a2c <l60_3>:
10002a2c:	4b01      	ldr	r3, [pc, #4]	@ (10002a34 <l60_3+0x8>)
10002a2e:	1ad2      	subs	r2, r2, r3
10002a30:	4770      	bx	lr
10002a32:	0000      	.short	0x0000
10002a34:	000003ff 	.word	0x000003ff

10002a38 <__wrap___aeabi_lmul>:
10002a38:	4351      	muls	r1, r2
10002a3a:	4343      	muls	r3, r0
10002a3c:	18c9      	adds	r1, r1, r3
10002a3e:	468c      	mov	ip, r1
10002a40:	0c11      	lsrs	r1, r2, #16
10002a42:	b283      	uxth	r3, r0
10002a44:	434b      	muls	r3, r1
10002a46:	b410      	push	{r4}
10002a48:	0c04      	lsrs	r4, r0, #16
10002a4a:	4361      	muls	r1, r4
10002a4c:	b292      	uxth	r2, r2
10002a4e:	b280      	uxth	r0, r0
10002a50:	4350      	muls	r0, r2
10002a52:	4362      	muls	r2, r4
10002a54:	041c      	lsls	r4, r3, #16
10002a56:	0c1b      	lsrs	r3, r3, #16
10002a58:	1900      	adds	r0, r0, r4
10002a5a:	bc10      	pop	{r4}
10002a5c:	4159      	adcs	r1, r3
10002a5e:	0413      	lsls	r3, r2, #16
10002a60:	0c12      	lsrs	r2, r2, #16
10002a62:	18c0      	adds	r0, r0, r3
10002a64:	4151      	adcs	r1, r2
10002a66:	4461      	add	r1, ip
10002a68:	4770      	bx	lr
	...

10002a6c <__aeabi_float_init>:
10002a6c:	2313      	movs	r3, #19
10002a6e:	b510      	push	{r4, lr}
10002a70:	781c      	ldrb	r4, [r3, #0]
10002a72:	4813      	ldr	r0, [pc, #76]	@ (10002ac0 <__aeabi_float_init+0x54>)
10002a74:	f7ff f818 	bl	10001aa8 <rom_data_lookup>
10002a78:	2c01      	cmp	r4, #1
10002a7a:	d00b      	beq.n	10002a94 <__aeabi_float_init+0x28>
10002a7c:	dd04      	ble.n	10002a88 <__aeabi_float_init+0x1c>
10002a7e:	0001      	movs	r1, r0
10002a80:	2280      	movs	r2, #128	@ 0x80
10002a82:	4810      	ldr	r0, [pc, #64]	@ (10002ac4 <__aeabi_float_init+0x58>)
10002a84:	f000 f84a 	bl	10002b1c <__wrap___aeabi_memcpy>
10002a88:	480f      	ldr	r0, [pc, #60]	@ (10002ac8 <__aeabi_float_init+0x5c>)
10002a8a:	f7ff f805 	bl	10001a98 <rom_func_lookup>
10002a8e:	4b0f      	ldr	r3, [pc, #60]	@ (10002acc <__aeabi_float_init+0x60>)
10002a90:	6018      	str	r0, [r3, #0]
10002a92:	bd10      	pop	{r4, pc}
10002a94:	4c0b      	ldr	r4, [pc, #44]	@ (10002ac4 <__aeabi_float_init+0x58>)
10002a96:	0001      	movs	r1, r0
10002a98:	2254      	movs	r2, #84	@ 0x54
10002a9a:	0020      	movs	r0, r4
10002a9c:	f000 f83e 	bl	10002b1c <__wrap___aeabi_memcpy>
10002aa0:	4b0b      	ldr	r3, [pc, #44]	@ (10002ad0 <__aeabi_float_init+0x64>)
10002aa2:	6563      	str	r3, [r4, #84]	@ 0x54
10002aa4:	65a3      	str	r3, [r4, #88]	@ 0x58
10002aa6:	65e3      	str	r3, [r4, #92]	@ 0x5c
10002aa8:	6623      	str	r3, [r4, #96]	@ 0x60
10002aaa:	6663      	str	r3, [r4, #100]	@ 0x64
10002aac:	66a3      	str	r3, [r4, #104]	@ 0x68
10002aae:	66e3      	str	r3, [r4, #108]	@ 0x6c
10002ab0:	6723      	str	r3, [r4, #112]	@ 0x70
10002ab2:	6763      	str	r3, [r4, #116]	@ 0x74
10002ab4:	67a3      	str	r3, [r4, #120]	@ 0x78
10002ab6:	67e3      	str	r3, [r4, #124]	@ 0x7c
10002ab8:	6223      	str	r3, [r4, #32]
10002aba:	61e3      	str	r3, [r4, #28]
10002abc:	e7e4      	b.n	10002a88 <__aeabi_float_init+0x1c>
10002abe:	46c0      	nop			@ (mov r8, r8)
10002ac0:	00004653 	.word	0x00004653
10002ac4:	20001380 	.word	0x20001380
10002ac8:	0000334c 	.word	0x0000334c
10002acc:	20001c30 	.word	0x20001c30
10002ad0:	10002ad5 	.word	0x10002ad5

10002ad4 <float_table_shim_on_use_helper>:
10002ad4:	b507      	push	{r0, r1, r2, lr}
10002ad6:	4660      	mov	r0, ip
10002ad8:	8801      	ldrh	r1, [r0, #0]
10002ada:	0a0a      	lsrs	r2, r1, #8
10002adc:	3002      	adds	r0, #2
10002ade:	2adf      	cmp	r2, #223	@ 0xdf
10002ae0:	d1fa      	bne.n	10002ad8 <float_table_shim_on_use_helper+0x4>
10002ae2:	b2c9      	uxtb	r1, r1
10002ae4:	0882      	lsrs	r2, r0, #2
10002ae6:	d304      	bcc.n	10002af2 <float_table_shim_on_use_helper+0x1e>
10002ae8:	8802      	ldrh	r2, [r0, #0]
10002aea:	8840      	ldrh	r0, [r0, #2]
10002aec:	0400      	lsls	r0, r0, #16
10002aee:	4310      	orrs	r0, r2
10002af0:	e000      	b.n	10002af4 <float_table_shim_on_use_helper+0x20>
10002af2:	6800      	ldr	r0, [r0, #0]
10002af4:	4a01      	ldr	r2, [pc, #4]	@ (10002afc <float_table_shim_on_use_helper+0x28>)
10002af6:	5050      	str	r0, [r2, r1]
10002af8:	9003      	str	r0, [sp, #12]
10002afa:	bd07      	pop	{r0, r1, r2, pc}
10002afc:	20001380 	.word	0x20001380

10002b00 <__aeabi_mem_init>:
10002b00:	4801      	ldr	r0, [pc, #4]	@ (10002b08 <__aeabi_mem_init+0x8>)
10002b02:	2104      	movs	r1, #4
10002b04:	4b01      	ldr	r3, [pc, #4]	@ (10002b0c <__aeabi_mem_init+0xc>)
10002b06:	4718      	bx	r3
10002b08:	20000fe0 	.word	0x20000fe0
10002b0c:	10001ab9 	.word	0x10001ab9

10002b10 <__wrap_memset>:
10002b10:	4b01      	ldr	r3, [pc, #4]	@ (10002b18 <__wrap_memset+0x8>)
10002b12:	681b      	ldr	r3, [r3, #0]
10002b14:	4718      	bx	r3
10002b16:	0000      	.short	0x0000
10002b18:	20000fe0 	.word	0x20000fe0

10002b1c <__wrap___aeabi_memcpy>:
10002b1c:	4b01      	ldr	r3, [pc, #4]	@ (10002b24 <__wrap___aeabi_memcpy+0x8>)
10002b1e:	685b      	ldr	r3, [r3, #4]
10002b20:	4718      	bx	r3
10002b22:	0000      	.short	0x0000
10002b24:	20000fe0 	.word	0x20000fe0

10002b28 <_out_null>:
10002b28:	4770      	bx	lr
10002b2a:	46c0      	nop			@ (mov r8, r8)

10002b2c <_out_rev>:
10002b2c:	b5f8      	push	{r3, r4, r5, r6, r7, lr}
10002b2e:	46de      	mov	lr, fp
10002b30:	4657      	mov	r7, sl
10002b32:	464e      	mov	r6, r9
10002b34:	4645      	mov	r5, r8
10002b36:	b5e0      	push	{r5, r6, r7, lr}
10002b38:	4699      	mov	r9, r3
10002b3a:	9b0d      	ldr	r3, [sp, #52]	@ 0x34
10002b3c:	0007      	movs	r7, r0
10002b3e:	4688      	mov	r8, r1
10002b40:	4693      	mov	fp, r2
10002b42:	079b      	lsls	r3, r3, #30
10002b44:	d028      	beq.n	10002b98 <_out_rev+0x6c>
10002b46:	9b0b      	ldr	r3, [sp, #44]	@ 0x2c
10002b48:	2b00      	cmp	r3, #0
10002b4a:	d03c      	beq.n	10002bc6 <_out_rev+0x9a>
10002b4c:	0016      	movs	r6, r2
10002b4e:	9c0b      	ldr	r4, [sp, #44]	@ 0x2c
10002b50:	9d0a      	ldr	r5, [sp, #40]	@ 0x28
10002b52:	1936      	adds	r6, r6, r4
10002b54:	1b32      	subs	r2, r6, r4
10002b56:	3c01      	subs	r4, #1
10002b58:	464b      	mov	r3, r9
10002b5a:	4641      	mov	r1, r8
10002b5c:	5d28      	ldrb	r0, [r5, r4]
10002b5e:	47b8      	blx	r7
10002b60:	2c00      	cmp	r4, #0
10002b62:	d1f7      	bne.n	10002b54 <_out_rev+0x28>
10002b64:	0035      	movs	r5, r6
10002b66:	9b0d      	ldr	r3, [sp, #52]	@ 0x34
10002b68:	079b      	lsls	r3, r3, #30
10002b6a:	d50e      	bpl.n	10002b8a <_out_rev+0x5e>
10002b6c:	465b      	mov	r3, fp
10002b6e:	1aec      	subs	r4, r5, r3
10002b70:	9b0c      	ldr	r3, [sp, #48]	@ 0x30
10002b72:	42a3      	cmp	r3, r4
10002b74:	d909      	bls.n	10002b8a <_out_rev+0x5e>
10002b76:	001e      	movs	r6, r3
10002b78:	002a      	movs	r2, r5
10002b7a:	464b      	mov	r3, r9
10002b7c:	4641      	mov	r1, r8
10002b7e:	2020      	movs	r0, #32
10002b80:	3401      	adds	r4, #1
10002b82:	47b8      	blx	r7
10002b84:	3501      	adds	r5, #1
10002b86:	42b4      	cmp	r4, r6
10002b88:	d3f6      	bcc.n	10002b78 <_out_rev+0x4c>
10002b8a:	0028      	movs	r0, r5
10002b8c:	bcf0      	pop	{r4, r5, r6, r7}
10002b8e:	46bb      	mov	fp, r7
10002b90:	46b2      	mov	sl, r6
10002b92:	46a9      	mov	r9, r5
10002b94:	46a0      	mov	r8, r4
10002b96:	bdf8      	pop	{r3, r4, r5, r6, r7, pc}
10002b98:	9b0b      	ldr	r3, [sp, #44]	@ 0x2c
10002b9a:	9a0c      	ldr	r2, [sp, #48]	@ 0x30
10002b9c:	4293      	cmp	r3, r2
10002b9e:	d214      	bcs.n	10002bca <_out_rev+0x9e>
10002ba0:	0013      	movs	r3, r2
10002ba2:	465d      	mov	r5, fp
10002ba4:	000c      	movs	r4, r1
10002ba6:	9a0b      	ldr	r2, [sp, #44]	@ 0x2c
10002ba8:	1a9e      	subs	r6, r3, r2
10002baa:	1976      	adds	r6, r6, r5
10002bac:	002a      	movs	r2, r5
10002bae:	464b      	mov	r3, r9
10002bb0:	3501      	adds	r5, #1
10002bb2:	0021      	movs	r1, r4
10002bb4:	2020      	movs	r0, #32
10002bb6:	47b8      	blx	r7
10002bb8:	42b5      	cmp	r5, r6
10002bba:	d1f7      	bne.n	10002bac <_out_rev+0x80>
10002bbc:	9b0b      	ldr	r3, [sp, #44]	@ 0x2c
10002bbe:	46a0      	mov	r8, r4
10002bc0:	2b00      	cmp	r3, #0
10002bc2:	d1c4      	bne.n	10002b4e <_out_rev+0x22>
10002bc4:	e7e1      	b.n	10002b8a <_out_rev+0x5e>
10002bc6:	0015      	movs	r5, r2
10002bc8:	e7cd      	b.n	10002b66 <_out_rev+0x3a>
10002bca:	465e      	mov	r6, fp
10002bcc:	2b00      	cmp	r3, #0
10002bce:	d1be      	bne.n	10002b4e <_out_rev+0x22>
10002bd0:	465d      	mov	r5, fp
10002bd2:	e7da      	b.n	10002b8a <_out_rev+0x5e>

10002bd4 <_ntoa_format>:
10002bd4:	b5f0      	push	{r4, r5, r6, r7, lr}
10002bd6:	464f      	mov	r7, r9
10002bd8:	46d6      	mov	lr, sl
10002bda:	4646      	mov	r6, r8
10002bdc:	b5c0      	push	{r6, r7, lr}
10002bde:	b084      	sub	sp, #16
10002be0:	469c      	mov	ip, r3
10002be2:	ab0e      	add	r3, sp, #56	@ 0x38
10002be4:	781f      	ldrb	r7, [r3, #0]
10002be6:	9b12      	ldr	r3, [sp, #72]	@ 0x48
10002be8:	4691      	mov	r9, r2
10002bea:	46ba      	mov	sl, r7
10002bec:	9c0d      	ldr	r4, [sp, #52]	@ 0x34
10002bee:	9e10      	ldr	r6, [sp, #64]	@ 0x40
10002bf0:	9d11      	ldr	r5, [sp, #68]	@ 0x44
10002bf2:	079b      	lsls	r3, r3, #30
10002bf4:	d44c      	bmi.n	10002c90 <_ntoa_format+0xbc>
10002bf6:	2d00      	cmp	r5, #0
10002bf8:	d141      	bne.n	10002c7e <_ntoa_format+0xaa>
10002bfa:	42b4      	cmp	r4, r6
10002bfc:	d248      	bcs.n	10002c90 <_ntoa_format+0xbc>
10002bfe:	2301      	movs	r3, #1
10002c00:	9f12      	ldr	r7, [sp, #72]	@ 0x48
10002c02:	401f      	ands	r7, r3
10002c04:	46b8      	mov	r8, r7
10002c06:	9b0c      	ldr	r3, [sp, #48]	@ 0x30
10002c08:	1e5f      	subs	r7, r3, #1
10002c0a:	2330      	movs	r3, #48	@ 0x30
10002c0c:	e003      	b.n	10002c16 <_ntoa_format+0x42>
10002c0e:	3401      	adds	r4, #1
10002c10:	553b      	strb	r3, [r7, r4]
10002c12:	42a6      	cmp	r6, r4
10002c14:	d901      	bls.n	10002c1a <_ntoa_format+0x46>
10002c16:	2c20      	cmp	r4, #32
10002c18:	d1f9      	bne.n	10002c0e <_ntoa_format+0x3a>
10002c1a:	4643      	mov	r3, r8
10002c1c:	2b00      	cmp	r3, #0
10002c1e:	d100      	bne.n	10002c22 <_ntoa_format+0x4e>
10002c20:	e087      	b.n	10002d32 <_ntoa_format+0x15e>
10002c22:	9b0c      	ldr	r3, [sp, #48]	@ 0x30
10002c24:	1e5f      	subs	r7, r3, #1
10002c26:	2330      	movs	r3, #48	@ 0x30
10002c28:	42a5      	cmp	r5, r4
10002c2a:	d804      	bhi.n	10002c36 <_ntoa_format+0x62>
10002c2c:	e030      	b.n	10002c90 <_ntoa_format+0xbc>
10002c2e:	3401      	adds	r4, #1
10002c30:	553b      	strb	r3, [r7, r4]
10002c32:	42ac      	cmp	r4, r5
10002c34:	d02c      	beq.n	10002c90 <_ntoa_format+0xbc>
10002c36:	2c20      	cmp	r4, #32
10002c38:	d1f9      	bne.n	10002c2e <_ntoa_format+0x5a>
10002c3a:	9b12      	ldr	r3, [sp, #72]	@ 0x48
10002c3c:	06db      	lsls	r3, r3, #27
10002c3e:	d50d      	bpl.n	10002c5c <_ntoa_format+0x88>
10002c40:	9b12      	ldr	r3, [sp, #72]	@ 0x48
10002c42:	055b      	lsls	r3, r3, #21
10002c44:	d457      	bmi.n	10002cf6 <_ntoa_format+0x122>
10002c46:	42a6      	cmp	r6, r4
10002c48:	d067      	beq.n	10002d1a <_ntoa_format+0x146>
10002c4a:	42a5      	cmp	r5, r4
10002c4c:	d065      	beq.n	10002d1a <_ntoa_format+0x146>
10002c4e:	9b0f      	ldr	r3, [sp, #60]	@ 0x3c
10002c50:	2b10      	cmp	r3, #16
10002c52:	d053      	beq.n	10002cfc <_ntoa_format+0x128>
10002c54:	2b02      	cmp	r3, #2
10002c56:	d05b      	beq.n	10002d10 <_ntoa_format+0x13c>
10002c58:	2c20      	cmp	r4, #32
10002c5a:	d136      	bne.n	10002cca <_ntoa_format+0xf6>
10002c5c:	2320      	movs	r3, #32
10002c5e:	9c12      	ldr	r4, [sp, #72]	@ 0x48
10002c60:	9301      	str	r3, [sp, #4]
10002c62:	9b0c      	ldr	r3, [sp, #48]	@ 0x30
10002c64:	464a      	mov	r2, r9
10002c66:	9300      	str	r3, [sp, #0]
10002c68:	9403      	str	r4, [sp, #12]
10002c6a:	4663      	mov	r3, ip
10002c6c:	9502      	str	r5, [sp, #8]
10002c6e:	f7ff ff5d 	bl	10002b2c <_out_rev>
10002c72:	b004      	add	sp, #16
10002c74:	bce0      	pop	{r5, r6, r7}
10002c76:	46ba      	mov	sl, r7
10002c78:	46b1      	mov	r9, r6
10002c7a:	46a8      	mov	r8, r5
10002c7c:	bdf0      	pop	{r4, r5, r6, r7, pc}
10002c7e:	2301      	movs	r3, #1
10002c80:	9a12      	ldr	r2, [sp, #72]	@ 0x48
10002c82:	4013      	ands	r3, r2
10002c84:	4698      	mov	r8, r3
10002c86:	2301      	movs	r3, #1
10002c88:	4213      	tst	r3, r2
10002c8a:	d12d      	bne.n	10002ce8 <_ntoa_format+0x114>
10002c8c:	42b4      	cmp	r4, r6
10002c8e:	d3ba      	bcc.n	10002c06 <_ntoa_format+0x32>
10002c90:	9b12      	ldr	r3, [sp, #72]	@ 0x48
10002c92:	06db      	lsls	r3, r3, #27
10002c94:	d51e      	bpl.n	10002cd4 <_ntoa_format+0x100>
10002c96:	9b12      	ldr	r3, [sp, #72]	@ 0x48
10002c98:	055b      	lsls	r3, r3, #21
10002c9a:	d4d8      	bmi.n	10002c4e <_ntoa_format+0x7a>
10002c9c:	2c00      	cmp	r4, #0
10002c9e:	d1d2      	bne.n	10002c46 <_ntoa_format+0x72>
10002ca0:	9b0f      	ldr	r3, [sp, #60]	@ 0x3c
10002ca2:	2b10      	cmp	r3, #16
10002ca4:	d060      	beq.n	10002d68 <_ntoa_format+0x194>
10002ca6:	9b0f      	ldr	r3, [sp, #60]	@ 0x3c
10002ca8:	2b02      	cmp	r3, #2
10002caa:	d071      	beq.n	10002d90 <_ntoa_format+0x1bc>
10002cac:	2330      	movs	r3, #48	@ 0x30
10002cae:	2401      	movs	r4, #1
10002cb0:	9a0c      	ldr	r2, [sp, #48]	@ 0x30
10002cb2:	7013      	strb	r3, [r2, #0]
10002cb4:	4653      	mov	r3, sl
10002cb6:	2b00      	cmp	r3, #0
10002cb8:	d111      	bne.n	10002cde <_ntoa_format+0x10a>
10002cba:	9b12      	ldr	r3, [sp, #72]	@ 0x48
10002cbc:	075b      	lsls	r3, r3, #29
10002cbe:	d540      	bpl.n	10002d42 <_ntoa_format+0x16e>
10002cc0:	262b      	movs	r6, #43	@ 0x2b
10002cc2:	9a0c      	ldr	r2, [sp, #48]	@ 0x30
10002cc4:	1c63      	adds	r3, r4, #1
10002cc6:	5516      	strb	r6, [r2, r4]
10002cc8:	e7c9      	b.n	10002c5e <_ntoa_format+0x8a>
10002cca:	0023      	movs	r3, r4
10002ccc:	3401      	adds	r4, #1
10002cce:	2630      	movs	r6, #48	@ 0x30
10002cd0:	9a0c      	ldr	r2, [sp, #48]	@ 0x30
10002cd2:	54d6      	strb	r6, [r2, r3]
10002cd4:	2c20      	cmp	r4, #32
10002cd6:	d0c1      	beq.n	10002c5c <_ntoa_format+0x88>
10002cd8:	4653      	mov	r3, sl
10002cda:	2b00      	cmp	r3, #0
10002cdc:	d0ed      	beq.n	10002cba <_ntoa_format+0xe6>
10002cde:	262d      	movs	r6, #45	@ 0x2d
10002ce0:	9a0c      	ldr	r2, [sp, #48]	@ 0x30
10002ce2:	1c63      	adds	r3, r4, #1
10002ce4:	5516      	strb	r6, [r2, r4]
10002ce6:	e7ba      	b.n	10002c5e <_ntoa_format+0x8a>
10002ce8:	2f00      	cmp	r7, #0
10002cea:	d034      	beq.n	10002d56 <_ntoa_format+0x182>
10002cec:	3d01      	subs	r5, #1
10002cee:	42b4      	cmp	r4, r6
10002cf0:	d200      	bcs.n	10002cf4 <_ntoa_format+0x120>
10002cf2:	e788      	b.n	10002c06 <_ntoa_format+0x32>
10002cf4:	e795      	b.n	10002c22 <_ntoa_format+0x4e>
10002cf6:	9b0f      	ldr	r3, [sp, #60]	@ 0x3c
10002cf8:	2b10      	cmp	r3, #16
10002cfa:	d1af      	bne.n	10002c5c <_ntoa_format+0x88>
10002cfc:	9b12      	ldr	r3, [sp, #72]	@ 0x48
10002cfe:	069b      	lsls	r3, r3, #26
10002d00:	d53c      	bpl.n	10002d7c <_ntoa_format+0x1a8>
10002d02:	2c20      	cmp	r4, #32
10002d04:	d0aa      	beq.n	10002c5c <_ntoa_format+0x88>
10002d06:	2358      	movs	r3, #88	@ 0x58
10002d08:	9a0c      	ldr	r2, [sp, #48]	@ 0x30
10002d0a:	5513      	strb	r3, [r2, r4]
10002d0c:	3401      	adds	r4, #1
10002d0e:	e7a3      	b.n	10002c58 <_ntoa_format+0x84>
10002d10:	2c20      	cmp	r4, #32
10002d12:	d0a3      	beq.n	10002c5c <_ntoa_format+0x88>
10002d14:	0023      	movs	r3, r4
10002d16:	3401      	adds	r4, #1
10002d18:	e007      	b.n	10002d2a <_ntoa_format+0x156>
10002d1a:	1e63      	subs	r3, r4, #1
10002d1c:	2c01      	cmp	r4, #1
10002d1e:	d0bf      	beq.n	10002ca0 <_ntoa_format+0xcc>
10002d20:	9a0f      	ldr	r2, [sp, #60]	@ 0x3c
10002d22:	2a10      	cmp	r2, #16
10002d24:	d036      	beq.n	10002d94 <_ntoa_format+0x1c0>
10002d26:	2a02      	cmp	r2, #2
10002d28:	d1d1      	bne.n	10002cce <_ntoa_format+0xfa>
10002d2a:	2662      	movs	r6, #98	@ 0x62
10002d2c:	9a0c      	ldr	r2, [sp, #48]	@ 0x30
10002d2e:	54d6      	strb	r6, [r2, r3]
10002d30:	e792      	b.n	10002c58 <_ntoa_format+0x84>
10002d32:	9b12      	ldr	r3, [sp, #72]	@ 0x48
10002d34:	06db      	lsls	r3, r3, #27
10002d36:	d5cd      	bpl.n	10002cd4 <_ntoa_format+0x100>
10002d38:	9b12      	ldr	r3, [sp, #72]	@ 0x48
10002d3a:	055b      	lsls	r3, r3, #21
10002d3c:	d400      	bmi.n	10002d40 <_ntoa_format+0x16c>
10002d3e:	e782      	b.n	10002c46 <_ntoa_format+0x72>
10002d40:	e785      	b.n	10002c4e <_ntoa_format+0x7a>
10002d42:	9a12      	ldr	r2, [sp, #72]	@ 0x48
10002d44:	0023      	movs	r3, r4
10002d46:	0716      	lsls	r6, r2, #28
10002d48:	d400      	bmi.n	10002d4c <_ntoa_format+0x178>
10002d4a:	e788      	b.n	10002c5e <_ntoa_format+0x8a>
10002d4c:	2620      	movs	r6, #32
10002d4e:	9a0c      	ldr	r2, [sp, #48]	@ 0x30
10002d50:	3301      	adds	r3, #1
10002d52:	5516      	strb	r6, [r2, r4]
10002d54:	e783      	b.n	10002c5e <_ntoa_format+0x8a>
10002d56:	230c      	movs	r3, #12
10002d58:	4013      	ands	r3, r2
10002d5a:	1e5f      	subs	r7, r3, #1
10002d5c:	41bb      	sbcs	r3, r7
10002d5e:	1aed      	subs	r5, r5, r3
10002d60:	42b4      	cmp	r4, r6
10002d62:	d200      	bcs.n	10002d66 <_ntoa_format+0x192>
10002d64:	e74f      	b.n	10002c06 <_ntoa_format+0x32>
10002d66:	e75c      	b.n	10002c22 <_ntoa_format+0x4e>
10002d68:	9b12      	ldr	r3, [sp, #72]	@ 0x48
10002d6a:	069b      	lsls	r3, r3, #26
10002d6c:	d40e      	bmi.n	10002d8c <_ntoa_format+0x1b8>
10002d6e:	2378      	movs	r3, #120	@ 0x78
10002d70:	9a0c      	ldr	r2, [sp, #48]	@ 0x30
10002d72:	2402      	movs	r4, #2
10002d74:	7013      	strb	r3, [r2, #0]
10002d76:	2330      	movs	r3, #48	@ 0x30
10002d78:	7053      	strb	r3, [r2, #1]
10002d7a:	e79b      	b.n	10002cb4 <_ntoa_format+0xe0>
10002d7c:	2c20      	cmp	r4, #32
10002d7e:	d100      	bne.n	10002d82 <_ntoa_format+0x1ae>
10002d80:	e76c      	b.n	10002c5c <_ntoa_format+0x88>
10002d82:	2378      	movs	r3, #120	@ 0x78
10002d84:	9a0c      	ldr	r2, [sp, #48]	@ 0x30
10002d86:	5513      	strb	r3, [r2, r4]
10002d88:	3401      	adds	r4, #1
10002d8a:	e765      	b.n	10002c58 <_ntoa_format+0x84>
10002d8c:	2358      	movs	r3, #88	@ 0x58
10002d8e:	e7ef      	b.n	10002d70 <_ntoa_format+0x19c>
10002d90:	3360      	adds	r3, #96	@ 0x60
10002d92:	e7ed      	b.n	10002d70 <_ntoa_format+0x19c>
10002d94:	9a0c      	ldr	r2, [sp, #48]	@ 0x30
10002d96:	1ea6      	subs	r6, r4, #2
10002d98:	18b6      	adds	r6, r6, r2
10002d9a:	9a12      	ldr	r2, [sp, #72]	@ 0x48
10002d9c:	0692      	lsls	r2, r2, #26
10002d9e:	d502      	bpl.n	10002da6 <_ntoa_format+0x1d2>
10002da0:	2258      	movs	r2, #88	@ 0x58
10002da2:	7032      	strb	r2, [r6, #0]
10002da4:	e793      	b.n	10002cce <_ntoa_format+0xfa>
10002da6:	2278      	movs	r2, #120	@ 0x78
10002da8:	7032      	strb	r2, [r6, #0]
10002daa:	e790      	b.n	10002cce <_ntoa_format+0xfa>

10002dac <_out_char>:
10002dac:	b510      	push	{r4, lr}
10002dae:	2800      	cmp	r0, #0
10002db0:	d100      	bne.n	10002db4 <_out_char+0x8>
10002db2:	bd10      	pop	{r4, pc}
10002db4:	f001 fba8 	bl	10004508 <__wrap_putchar>
10002db8:	e7fb      	b.n	10002db2 <_out_char+0x6>
10002dba:	46c0      	nop			@ (mov r8, r8)

10002dbc <_out_fct>:
10002dbc:	b510      	push	{r4, lr}
10002dbe:	2800      	cmp	r0, #0
10002dc0:	d003      	beq.n	10002dca <_out_fct+0xe>
10002dc2:	684a      	ldr	r2, [r1, #4]
10002dc4:	680b      	ldr	r3, [r1, #0]
10002dc6:	0011      	movs	r1, r2
10002dc8:	4798      	blx	r3
10002dca:	bd10      	pop	{r4, pc}

10002dcc <_ftoa>:
10002dcc:	b5f0      	push	{r4, r5, r6, r7, lr}
10002dce:	464e      	mov	r6, r9
10002dd0:	46de      	mov	lr, fp
10002dd2:	4657      	mov	r7, sl
10002dd4:	4645      	mov	r5, r8
10002dd6:	b5e0      	push	{r5, r6, r7, lr}
10002dd8:	b095      	sub	sp, #84	@ 0x54
10002dda:	4683      	mov	fp, r0
10002ddc:	4689      	mov	r9, r1
10002dde:	4692      	mov	sl, r2
10002de0:	4698      	mov	r8, r3
10002de2:	9a1e      	ldr	r2, [sp, #120]	@ 0x78
10002de4:	9b1f      	ldr	r3, [sp, #124]	@ 0x7c
10002de6:	0010      	movs	r0, r2
10002de8:	0019      	movs	r1, r3
10002dea:	9e20      	ldr	r6, [sp, #128]	@ 0x80
10002dec:	f7ff fac9 	bl	10002382 <__wrap___aeabi_dcmpun>
10002df0:	2800      	cmp	r0, #0
10002df2:	d000      	beq.n	10002df6 <_ftoa+0x2a>
10002df4:	e1d2      	b.n	1000319c <_ftoa+0x3d0>
10002df6:	981e      	ldr	r0, [sp, #120]	@ 0x78
10002df8:	991f      	ldr	r1, [sp, #124]	@ 0x7c
10002dfa:	2201      	movs	r2, #1
10002dfc:	4bc4      	ldr	r3, [pc, #784]	@ (10003110 <_ftoa+0x344>)
10002dfe:	4252      	negs	r2, r2
10002e00:	f7ff faa4 	bl	1000234c <__wrap___aeabi_dcmplt>
10002e04:	2800      	cmp	r0, #0
10002e06:	d000      	beq.n	10002e0a <_ftoa+0x3e>
10002e08:	e101      	b.n	1000300e <_ftoa+0x242>
10002e0a:	981e      	ldr	r0, [sp, #120]	@ 0x78
10002e0c:	991f      	ldr	r1, [sp, #124]	@ 0x7c
10002e0e:	2201      	movs	r2, #1
10002e10:	4bc0      	ldr	r3, [pc, #768]	@ (10003114 <_ftoa+0x348>)
10002e12:	4252      	negs	r2, r2
10002e14:	f7ff fab0 	bl	10002378 <__wrap___aeabi_dcmpgt>
10002e18:	2800      	cmp	r0, #0
10002e1a:	d000      	beq.n	10002e1e <_ftoa+0x52>
10002e1c:	e0d6      	b.n	10002fcc <_ftoa+0x200>
10002e1e:	981e      	ldr	r0, [sp, #120]	@ 0x78
10002e20:	991f      	ldr	r1, [sp, #124]	@ 0x7c
10002e22:	2200      	movs	r2, #0
10002e24:	4bbc      	ldr	r3, [pc, #752]	@ (10003118 <_ftoa+0x34c>)
10002e26:	f7ff faa7 	bl	10002378 <__wrap___aeabi_dcmpgt>
10002e2a:	2800      	cmp	r0, #0
10002e2c:	d000      	beq.n	10002e30 <_ftoa+0x64>
10002e2e:	e0b5      	b.n	10002f9c <_ftoa+0x1d0>
10002e30:	981e      	ldr	r0, [sp, #120]	@ 0x78
10002e32:	991f      	ldr	r1, [sp, #124]	@ 0x7c
10002e34:	2200      	movs	r2, #0
10002e36:	4bb9      	ldr	r3, [pc, #740]	@ (1000311c <_ftoa+0x350>)
10002e38:	f7ff fa88 	bl	1000234c <__wrap___aeabi_dcmplt>
10002e3c:	2800      	cmp	r0, #0
10002e3e:	d000      	beq.n	10002e42 <_ftoa+0x76>
10002e40:	e0ac      	b.n	10002f9c <_ftoa+0x1d0>
10002e42:	981e      	ldr	r0, [sp, #120]	@ 0x78
10002e44:	991f      	ldr	r1, [sp, #124]	@ 0x7c
10002e46:	2200      	movs	r2, #0
10002e48:	2300      	movs	r3, #0
10002e4a:	f7ff fa7f 	bl	1000234c <__wrap___aeabi_dcmplt>
10002e4e:	2800      	cmp	r0, #0
10002e50:	d000      	beq.n	10002e54 <_ftoa+0x88>
10002e52:	e0d1      	b.n	10002ff8 <_ftoa+0x22c>
10002e54:	2300      	movs	r3, #0
10002e56:	930b      	str	r3, [sp, #44]	@ 0x2c
10002e58:	9b22      	ldr	r3, [sp, #136]	@ 0x88
10002e5a:	055b      	lsls	r3, r3, #21
10002e5c:	d400      	bmi.n	10002e60 <_ftoa+0x94>
10002e5e:	2606      	movs	r6, #6
10002e60:	2400      	movs	r4, #0
10002e62:	2330      	movs	r3, #48	@ 0x30
10002e64:	e006      	b.n	10002e74 <_ftoa+0xa8>
10002e66:	aa06      	add	r2, sp, #24
10002e68:	3401      	adds	r4, #1
10002e6a:	3217      	adds	r2, #23
10002e6c:	5513      	strb	r3, [r2, r4]
10002e6e:	3e01      	subs	r6, #1
10002e70:	2c20      	cmp	r4, #32
10002e72:	d001      	beq.n	10002e78 <_ftoa+0xac>
10002e74:	2e09      	cmp	r6, #9
10002e76:	d8f6      	bhi.n	10002e66 <_ftoa+0x9a>
10002e78:	981e      	ldr	r0, [sp, #120]	@ 0x78
10002e7a:	991f      	ldr	r1, [sp, #124]	@ 0x7c
10002e7c:	f7ff faaa 	bl	100023d4 <__wrap___aeabi_d2iz>
10002e80:	4ba7      	ldr	r3, [pc, #668]	@ (10003120 <_ftoa+0x354>)
10002e82:	00f2      	lsls	r2, r6, #3
10002e84:	189b      	adds	r3, r3, r2
10002e86:	cb0c      	ldmia	r3, {r2, r3}
10002e88:	0005      	movs	r5, r0
10002e8a:	9208      	str	r2, [sp, #32]
10002e8c:	9309      	str	r3, [sp, #36]	@ 0x24
10002e8e:	f7ff fa89 	bl	100023a4 <__wrap___aeabi_i2d>
10002e92:	0002      	movs	r2, r0
10002e94:	000b      	movs	r3, r1
10002e96:	981e      	ldr	r0, [sp, #120]	@ 0x78
10002e98:	991f      	ldr	r1, [sp, #124]	@ 0x7c
10002e9a:	f7ff f9e4 	bl	10002266 <__wrap___aeabi_dsub>
10002e9e:	9a08      	ldr	r2, [sp, #32]
10002ea0:	9b09      	ldr	r3, [sp, #36]	@ 0x24
10002ea2:	f7ff fa10 	bl	100022c6 <__wrap___aeabi_dmul>
10002ea6:	9006      	str	r0, [sp, #24]
10002ea8:	9107      	str	r1, [sp, #28]
10002eaa:	f7ff fab7 	bl	1000241c <__wrap___aeabi_d2uiz>
10002eae:	0007      	movs	r7, r0
10002eb0:	f7ff fa74 	bl	1000239c <__wrap___aeabi_ui2d>
10002eb4:	0002      	movs	r2, r0
10002eb6:	000b      	movs	r3, r1
10002eb8:	9806      	ldr	r0, [sp, #24]
10002eba:	9907      	ldr	r1, [sp, #28]
10002ebc:	f7ff f9d3 	bl	10002266 <__wrap___aeabi_dsub>
10002ec0:	2200      	movs	r2, #0
10002ec2:	4b98      	ldr	r3, [pc, #608]	@ (10003124 <_ftoa+0x358>)
10002ec4:	9006      	str	r0, [sp, #24]
10002ec6:	9107      	str	r1, [sp, #28]
10002ec8:	f7ff fa56 	bl	10002378 <__wrap___aeabi_dcmpgt>
10002ecc:	2800      	cmp	r0, #0
10002ece:	d100      	bne.n	10002ed2 <_ftoa+0x106>
10002ed0:	e0e9      	b.n	100030a6 <_ftoa+0x2da>
10002ed2:	3701      	adds	r7, #1
10002ed4:	0038      	movs	r0, r7
10002ed6:	f7ff fa61 	bl	1000239c <__wrap___aeabi_ui2d>
10002eda:	0002      	movs	r2, r0
10002edc:	000b      	movs	r3, r1
10002ede:	9808      	ldr	r0, [sp, #32]
10002ee0:	9909      	ldr	r1, [sp, #36]	@ 0x24
10002ee2:	f7ff fa39 	bl	10002358 <__wrap___aeabi_dcmple>
10002ee6:	2800      	cmp	r0, #0
10002ee8:	d001      	beq.n	10002eee <_ftoa+0x122>
10002eea:	2700      	movs	r7, #0
10002eec:	3501      	adds	r5, #1
10002eee:	2e00      	cmp	r6, #0
10002ef0:	d100      	bne.n	10002ef4 <_ftoa+0x128>
10002ef2:	e0b7      	b.n	10003064 <_ftoa+0x298>
10002ef4:	9506      	str	r5, [sp, #24]
10002ef6:	e013      	b.n	10002f20 <_ftoa+0x154>
10002ef8:	2317      	movs	r3, #23
10002efa:	aa06      	add	r2, sp, #24
10002efc:	189b      	adds	r3, r3, r2
10002efe:	210a      	movs	r1, #10
10002f00:	0038      	movs	r0, r7
10002f02:	3401      	adds	r4, #1
10002f04:	191d      	adds	r5, r3, r4
10002f06:	f7fe ff73 	bl	10001df0 <__wrap___aeabi_uidiv>
10002f0a:	3130      	adds	r1, #48	@ 0x30
10002f0c:	7029      	strb	r1, [r5, #0]
10002f0e:	0038      	movs	r0, r7
10002f10:	210a      	movs	r1, #10
10002f12:	3e01      	subs	r6, #1
10002f14:	f7fe ff6c 	bl	10001df0 <__wrap___aeabi_uidiv>
10002f18:	2f09      	cmp	r7, #9
10002f1a:	d800      	bhi.n	10002f1e <_ftoa+0x152>
10002f1c:	e0e1      	b.n	100030e2 <_ftoa+0x316>
10002f1e:	0007      	movs	r7, r0
10002f20:	2c20      	cmp	r4, #32
10002f22:	d1e9      	bne.n	10002ef8 <_ftoa+0x12c>
10002f24:	9d06      	ldr	r5, [sp, #24]
10002f26:	2420      	movs	r4, #32
10002f28:	ab0c      	add	r3, sp, #48	@ 0x30
10002f2a:	9306      	str	r3, [sp, #24]
10002f2c:	2717      	movs	r7, #23
10002f2e:	ab06      	add	r3, sp, #24
10002f30:	18ff      	adds	r7, r7, r3
10002f32:	e00d      	b.n	10002f50 <_ftoa+0x184>
10002f34:	0028      	movs	r0, r5
10002f36:	210a      	movs	r1, #10
10002f38:	f7fe ff32 	bl	10001da0 <__wrap___aeabi_idiv>
10002f3c:	3401      	adds	r4, #1
10002f3e:	3130      	adds	r1, #48	@ 0x30
10002f40:	0028      	movs	r0, r5
10002f42:	5539      	strb	r1, [r7, r4]
10002f44:	210a      	movs	r1, #10
10002f46:	f7fe ff2b 	bl	10001da0 <__wrap___aeabi_idiv>
10002f4a:	1e05      	subs	r5, r0, #0
10002f4c:	d100      	bne.n	10002f50 <_ftoa+0x184>
10002f4e:	e0b7      	b.n	100030c0 <_ftoa+0x2f4>
10002f50:	2c20      	cmp	r4, #32
10002f52:	d1ef      	bne.n	10002f34 <_ftoa+0x168>
10002f54:	2303      	movs	r3, #3
10002f56:	9a22      	ldr	r2, [sp, #136]	@ 0x88
10002f58:	4013      	ands	r3, r2
10002f5a:	2b01      	cmp	r3, #1
10002f5c:	d117      	bne.n	10002f8e <_ftoa+0x1c2>
10002f5e:	9b21      	ldr	r3, [sp, #132]	@ 0x84
10002f60:	2b00      	cmp	r3, #0
10002f62:	d014      	beq.n	10002f8e <_ftoa+0x1c2>
10002f64:	9b0b      	ldr	r3, [sp, #44]	@ 0x2c
10002f66:	2b00      	cmp	r3, #0
10002f68:	d100      	bne.n	10002f6c <_ftoa+0x1a0>
10002f6a:	e0e3      	b.n	10003134 <_ftoa+0x368>
10002f6c:	9b21      	ldr	r3, [sp, #132]	@ 0x84
10002f6e:	3b01      	subs	r3, #1
10002f70:	9321      	str	r3, [sp, #132]	@ 0x84
10002f72:	2b20      	cmp	r3, #32
10002f74:	d90b      	bls.n	10002f8e <_ftoa+0x1c2>
10002f76:	2330      	movs	r3, #48	@ 0x30
10002f78:	9a21      	ldr	r2, [sp, #132]	@ 0x84
10002f7a:	e006      	b.n	10002f8a <_ftoa+0x1be>
10002f7c:	a906      	add	r1, sp, #24
10002f7e:	3401      	adds	r4, #1
10002f80:	3117      	adds	r1, #23
10002f82:	550b      	strb	r3, [r1, r4]
10002f84:	4294      	cmp	r4, r2
10002f86:	d300      	bcc.n	10002f8a <_ftoa+0x1be>
10002f88:	e0a0      	b.n	100030cc <_ftoa+0x300>
10002f8a:	2c20      	cmp	r4, #32
10002f8c:	d1f6      	bne.n	10002f7c <_ftoa+0x1b0>
10002f8e:	9b22      	ldr	r3, [sp, #136]	@ 0x88
10002f90:	9401      	str	r4, [sp, #4]
10002f92:	9303      	str	r3, [sp, #12]
10002f94:	9b21      	ldr	r3, [sp, #132]	@ 0x84
10002f96:	9302      	str	r3, [sp, #8]
10002f98:	9b06      	ldr	r3, [sp, #24]
10002f9a:	e021      	b.n	10002fe0 <_ftoa+0x214>
10002f9c:	9b22      	ldr	r3, [sp, #136]	@ 0x88
10002f9e:	4652      	mov	r2, sl
10002fa0:	9304      	str	r3, [sp, #16]
10002fa2:	9b21      	ldr	r3, [sp, #132]	@ 0x84
10002fa4:	4649      	mov	r1, r9
10002fa6:	9303      	str	r3, [sp, #12]
10002fa8:	4658      	mov	r0, fp
10002faa:	9b1e      	ldr	r3, [sp, #120]	@ 0x78
10002fac:	9c1f      	ldr	r4, [sp, #124]	@ 0x7c
10002fae:	9602      	str	r6, [sp, #8]
10002fb0:	9300      	str	r3, [sp, #0]
10002fb2:	9401      	str	r4, [sp, #4]
10002fb4:	4643      	mov	r3, r8
10002fb6:	f000 f943 	bl	10003240 <_etoa>
10002fba:	0004      	movs	r4, r0
10002fbc:	0020      	movs	r0, r4
10002fbe:	b015      	add	sp, #84	@ 0x54
10002fc0:	bcf0      	pop	{r4, r5, r6, r7}
10002fc2:	46bb      	mov	fp, r7
10002fc4:	46b2      	mov	sl, r6
10002fc6:	46a9      	mov	r9, r5
10002fc8:	46a0      	mov	r8, r4
10002fca:	bdf0      	pop	{r4, r5, r6, r7, pc}
10002fcc:	9b22      	ldr	r3, [sp, #136]	@ 0x88
10002fce:	075b      	lsls	r3, r3, #29
10002fd0:	d40f      	bmi.n	10002ff2 <_ftoa+0x226>
10002fd2:	2203      	movs	r2, #3
10002fd4:	4b54      	ldr	r3, [pc, #336]	@ (10003128 <_ftoa+0x35c>)
10002fd6:	9922      	ldr	r1, [sp, #136]	@ 0x88
10002fd8:	9201      	str	r2, [sp, #4]
10002fda:	9103      	str	r1, [sp, #12]
10002fdc:	9921      	ldr	r1, [sp, #132]	@ 0x84
10002fde:	9102      	str	r1, [sp, #8]
10002fe0:	9300      	str	r3, [sp, #0]
10002fe2:	4652      	mov	r2, sl
10002fe4:	4643      	mov	r3, r8
10002fe6:	4649      	mov	r1, r9
10002fe8:	4658      	mov	r0, fp
10002fea:	f7ff fd9f 	bl	10002b2c <_out_rev>
10002fee:	0004      	movs	r4, r0
10002ff0:	e7e4      	b.n	10002fbc <_ftoa+0x1f0>
10002ff2:	2204      	movs	r2, #4
10002ff4:	4b4d      	ldr	r3, [pc, #308]	@ (1000312c <_ftoa+0x360>)
10002ff6:	e7ee      	b.n	10002fd6 <_ftoa+0x20a>
10002ff8:	9a1e      	ldr	r2, [sp, #120]	@ 0x78
10002ffa:	9b1f      	ldr	r3, [sp, #124]	@ 0x7c
10002ffc:	2000      	movs	r0, #0
10002ffe:	2100      	movs	r1, #0
10003000:	f7ff f931 	bl	10002266 <__wrap___aeabi_dsub>
10003004:	2301      	movs	r3, #1
10003006:	901e      	str	r0, [sp, #120]	@ 0x78
10003008:	911f      	str	r1, [sp, #124]	@ 0x7c
1000300a:	930b      	str	r3, [sp, #44]	@ 0x2c
1000300c:	e724      	b.n	10002e58 <_ftoa+0x8c>
1000300e:	2302      	movs	r3, #2
10003010:	9a22      	ldr	r2, [sp, #136]	@ 0x88
10003012:	4654      	mov	r4, sl
10003014:	401a      	ands	r2, r3
10003016:	9b22      	ldr	r3, [sp, #136]	@ 0x88
10003018:	9206      	str	r2, [sp, #24]
1000301a:	079b      	lsls	r3, r3, #30
1000301c:	d100      	bne.n	10003020 <_ftoa+0x254>
1000301e:	e0ac      	b.n	1000317a <_ftoa+0x3ae>
10003020:	0026      	movs	r6, r4
10003022:	4d43      	ldr	r5, [pc, #268]	@ (10003130 <_ftoa+0x364>)
10003024:	9408      	str	r4, [sp, #32]
10003026:	1f2f      	subs	r7, r5, #4
10003028:	0032      	movs	r2, r6
1000302a:	78e8      	ldrb	r0, [r5, #3]
1000302c:	4643      	mov	r3, r8
1000302e:	4649      	mov	r1, r9
10003030:	3d01      	subs	r5, #1
10003032:	47d8      	blx	fp
10003034:	3601      	adds	r6, #1
10003036:	42bd      	cmp	r5, r7
10003038:	d1f6      	bne.n	10003028 <_ftoa+0x25c>
1000303a:	9c08      	ldr	r4, [sp, #32]
1000303c:	9b06      	ldr	r3, [sp, #24]
1000303e:	3404      	adds	r4, #4
10003040:	2b00      	cmp	r3, #0
10003042:	d0bb      	beq.n	10002fbc <_ftoa+0x1f0>
10003044:	4657      	mov	r7, sl
10003046:	9a21      	ldr	r2, [sp, #132]	@ 0x84
10003048:	1be3      	subs	r3, r4, r7
1000304a:	429a      	cmp	r2, r3
1000304c:	d9b6      	bls.n	10002fbc <_ftoa+0x1f0>
1000304e:	0015      	movs	r5, r2
10003050:	0022      	movs	r2, r4
10003052:	4643      	mov	r3, r8
10003054:	4649      	mov	r1, r9
10003056:	2020      	movs	r0, #32
10003058:	3401      	adds	r4, #1
1000305a:	47d8      	blx	fp
1000305c:	1be3      	subs	r3, r4, r7
1000305e:	42ab      	cmp	r3, r5
10003060:	d3f6      	bcc.n	10003050 <_ftoa+0x284>
10003062:	e7ab      	b.n	10002fbc <_ftoa+0x1f0>
10003064:	0028      	movs	r0, r5
10003066:	f7ff f99d 	bl	100023a4 <__wrap___aeabi_i2d>
1000306a:	0002      	movs	r2, r0
1000306c:	000b      	movs	r3, r1
1000306e:	981e      	ldr	r0, [sp, #120]	@ 0x78
10003070:	991f      	ldr	r1, [sp, #124]	@ 0x7c
10003072:	f7ff f8f8 	bl	10002266 <__wrap___aeabi_dsub>
10003076:	4b2b      	ldr	r3, [pc, #172]	@ (10003124 <_ftoa+0x358>)
10003078:	2200      	movs	r2, #0
1000307a:	0006      	movs	r6, r0
1000307c:	000f      	movs	r7, r1
1000307e:	f7ff f965 	bl	1000234c <__wrap___aeabi_dcmplt>
10003082:	ab0c      	add	r3, sp, #48	@ 0x30
10003084:	9306      	str	r3, [sp, #24]
10003086:	2800      	cmp	r0, #0
10003088:	d000      	beq.n	1000308c <_ftoa+0x2c0>
1000308a:	e74f      	b.n	10002f2c <_ftoa+0x160>
1000308c:	2200      	movs	r2, #0
1000308e:	0030      	movs	r0, r6
10003090:	0039      	movs	r1, r7
10003092:	4b24      	ldr	r3, [pc, #144]	@ (10003124 <_ftoa+0x358>)
10003094:	f7ff f970 	bl	10002378 <__wrap___aeabi_dcmpgt>
10003098:	2800      	cmp	r0, #0
1000309a:	d000      	beq.n	1000309e <_ftoa+0x2d2>
1000309c:	e746      	b.n	10002f2c <_ftoa+0x160>
1000309e:	2301      	movs	r3, #1
100030a0:	3501      	adds	r5, #1
100030a2:	439d      	bics	r5, r3
100030a4:	e742      	b.n	10002f2c <_ftoa+0x160>
100030a6:	2200      	movs	r2, #0
100030a8:	9806      	ldr	r0, [sp, #24]
100030aa:	9907      	ldr	r1, [sp, #28]
100030ac:	4b1d      	ldr	r3, [pc, #116]	@ (10003124 <_ftoa+0x358>)
100030ae:	f7ff f94d 	bl	1000234c <__wrap___aeabi_dcmplt>
100030b2:	2800      	cmp	r0, #0
100030b4:	d000      	beq.n	100030b8 <_ftoa+0x2ec>
100030b6:	e71a      	b.n	10002eee <_ftoa+0x122>
100030b8:	2f00      	cmp	r7, #0
100030ba:	d159      	bne.n	10003170 <_ftoa+0x3a4>
100030bc:	3701      	adds	r7, #1
100030be:	e716      	b.n	10002eee <_ftoa+0x122>
100030c0:	2303      	movs	r3, #3
100030c2:	9a22      	ldr	r2, [sp, #136]	@ 0x88
100030c4:	4013      	ands	r3, r2
100030c6:	2b01      	cmp	r3, #1
100030c8:	d100      	bne.n	100030cc <_ftoa+0x300>
100030ca:	e0a6      	b.n	1000321a <_ftoa+0x44e>
100030cc:	2c20      	cmp	r4, #32
100030ce:	d100      	bne.n	100030d2 <_ftoa+0x306>
100030d0:	e75d      	b.n	10002f8e <_ftoa+0x1c2>
100030d2:	9b0b      	ldr	r3, [sp, #44]	@ 0x2c
100030d4:	2b00      	cmp	r3, #0
100030d6:	d03a      	beq.n	1000314e <_ftoa+0x382>
100030d8:	232d      	movs	r3, #45	@ 0x2d
100030da:	9a06      	ldr	r2, [sp, #24]
100030dc:	5513      	strb	r3, [r2, r4]
100030de:	3401      	adds	r4, #1
100030e0:	e755      	b.n	10002f8e <_ftoa+0x1c2>
100030e2:	9d06      	ldr	r5, [sp, #24]
100030e4:	2c20      	cmp	r4, #32
100030e6:	d100      	bne.n	100030ea <_ftoa+0x31e>
100030e8:	e71d      	b.n	10002f26 <_ftoa+0x15a>
100030ea:	2330      	movs	r3, #48	@ 0x30
100030ec:	1936      	adds	r6, r6, r4
100030ee:	e006      	b.n	100030fe <_ftoa+0x332>
100030f0:	aa06      	add	r2, sp, #24
100030f2:	3401      	adds	r4, #1
100030f4:	3217      	adds	r2, #23
100030f6:	5513      	strb	r3, [r2, r4]
100030f8:	2c20      	cmp	r4, #32
100030fa:	d100      	bne.n	100030fe <_ftoa+0x332>
100030fc:	e713      	b.n	10002f26 <_ftoa+0x15a>
100030fe:	42a6      	cmp	r6, r4
10003100:	d1f6      	bne.n	100030f0 <_ftoa+0x324>
10003102:	232e      	movs	r3, #46	@ 0x2e
10003104:	aa0c      	add	r2, sp, #48	@ 0x30
10003106:	3401      	adds	r4, #1
10003108:	9206      	str	r2, [sp, #24]
1000310a:	5593      	strb	r3, [r2, r6]
1000310c:	e70e      	b.n	10002f2c <_ftoa+0x160>
1000310e:	46c0      	nop			@ (mov r8, r8)
10003110:	ffefffff 	.word	0xffefffff
10003114:	7fefffff 	.word	0x7fefffff
10003118:	41cdcd65 	.word	0x41cdcd65
1000311c:	c1cdcd65 	.word	0xc1cdcd65
10003120:	10006e90 	.word	0x10006e90
10003124:	3fe00000 	.word	0x3fe00000
10003128:	10006be0 	.word	0x10006be0
1000312c:	10006bd8 	.word	0x10006bd8
10003130:	10006be8 	.word	0x10006be8
10003134:	230c      	movs	r3, #12
10003136:	9a22      	ldr	r2, [sp, #136]	@ 0x88
10003138:	4213      	tst	r3, r2
1000313a:	d057      	beq.n	100031ec <_ftoa+0x420>
1000313c:	9b21      	ldr	r3, [sp, #132]	@ 0x84
1000313e:	3b01      	subs	r3, #1
10003140:	9321      	str	r3, [sp, #132]	@ 0x84
10003142:	42a3      	cmp	r3, r4
10003144:	d900      	bls.n	10003148 <_ftoa+0x37c>
10003146:	e716      	b.n	10002f76 <_ftoa+0x1aa>
10003148:	2c20      	cmp	r4, #32
1000314a:	d100      	bne.n	1000314e <_ftoa+0x382>
1000314c:	e71f      	b.n	10002f8e <_ftoa+0x1c2>
1000314e:	9b22      	ldr	r3, [sp, #136]	@ 0x88
10003150:	075b      	lsls	r3, r3, #29
10003152:	d504      	bpl.n	1000315e <_ftoa+0x392>
10003154:	232b      	movs	r3, #43	@ 0x2b
10003156:	9a06      	ldr	r2, [sp, #24]
10003158:	5513      	strb	r3, [r2, r4]
1000315a:	3401      	adds	r4, #1
1000315c:	e717      	b.n	10002f8e <_ftoa+0x1c2>
1000315e:	9b22      	ldr	r3, [sp, #136]	@ 0x88
10003160:	071b      	lsls	r3, r3, #28
10003162:	d400      	bmi.n	10003166 <_ftoa+0x39a>
10003164:	e713      	b.n	10002f8e <_ftoa+0x1c2>
10003166:	2320      	movs	r3, #32
10003168:	9a06      	ldr	r2, [sp, #24]
1000316a:	5513      	strb	r3, [r2, r4]
1000316c:	3401      	adds	r4, #1
1000316e:	e70e      	b.n	10002f8e <_ftoa+0x1c2>
10003170:	07fb      	lsls	r3, r7, #31
10003172:	d400      	bmi.n	10003176 <_ftoa+0x3aa>
10003174:	e6bb      	b.n	10002eee <_ftoa+0x122>
10003176:	3701      	adds	r7, #1
10003178:	e6b9      	b.n	10002eee <_ftoa+0x122>
1000317a:	9b21      	ldr	r3, [sp, #132]	@ 0x84
1000317c:	2b04      	cmp	r3, #4
1000317e:	d800      	bhi.n	10003182 <_ftoa+0x3b6>
10003180:	e74e      	b.n	10003020 <_ftoa+0x254>
10003182:	4655      	mov	r5, sl
10003184:	464f      	mov	r7, r9
10003186:	3c04      	subs	r4, #4
10003188:	18e4      	adds	r4, r4, r3
1000318a:	002a      	movs	r2, r5
1000318c:	4643      	mov	r3, r8
1000318e:	3501      	adds	r5, #1
10003190:	0039      	movs	r1, r7
10003192:	2020      	movs	r0, #32
10003194:	47d8      	blx	fp
10003196:	42ac      	cmp	r4, r5
10003198:	d1f7      	bne.n	1000318a <_ftoa+0x3be>
1000319a:	e741      	b.n	10003020 <_ftoa+0x254>
1000319c:	2702      	movs	r7, #2
1000319e:	9b22      	ldr	r3, [sp, #136]	@ 0x88
100031a0:	4655      	mov	r5, sl
100031a2:	401f      	ands	r7, r3
100031a4:	079b      	lsls	r3, r3, #30
100031a6:	d026      	beq.n	100031f6 <_ftoa+0x42a>
100031a8:	9706      	str	r7, [sp, #24]
100031aa:	465f      	mov	r7, fp
100031ac:	4e23      	ldr	r6, [pc, #140]	@ (1000323c <_ftoa+0x470>)
100031ae:	1cec      	adds	r4, r5, #3
100031b0:	002a      	movs	r2, r5
100031b2:	78b0      	ldrb	r0, [r6, #2]
100031b4:	4643      	mov	r3, r8
100031b6:	4649      	mov	r1, r9
100031b8:	3501      	adds	r5, #1
100031ba:	47b8      	blx	r7
100031bc:	3e01      	subs	r6, #1
100031be:	42ac      	cmp	r4, r5
100031c0:	d1f6      	bne.n	100031b0 <_ftoa+0x3e4>
100031c2:	9f06      	ldr	r7, [sp, #24]
100031c4:	2f00      	cmp	r7, #0
100031c6:	d100      	bne.n	100031ca <_ftoa+0x3fe>
100031c8:	e6f8      	b.n	10002fbc <_ftoa+0x1f0>
100031ca:	4657      	mov	r7, sl
100031cc:	9a21      	ldr	r2, [sp, #132]	@ 0x84
100031ce:	1be3      	subs	r3, r4, r7
100031d0:	429a      	cmp	r2, r3
100031d2:	d800      	bhi.n	100031d6 <_ftoa+0x40a>
100031d4:	e6f2      	b.n	10002fbc <_ftoa+0x1f0>
100031d6:	0015      	movs	r5, r2
100031d8:	0022      	movs	r2, r4
100031da:	4643      	mov	r3, r8
100031dc:	4649      	mov	r1, r9
100031de:	2020      	movs	r0, #32
100031e0:	3401      	adds	r4, #1
100031e2:	47d8      	blx	fp
100031e4:	1be3      	subs	r3, r4, r7
100031e6:	42ab      	cmp	r3, r5
100031e8:	d3f6      	bcc.n	100031d8 <_ftoa+0x40c>
100031ea:	e6e7      	b.n	10002fbc <_ftoa+0x1f0>
100031ec:	9b21      	ldr	r3, [sp, #132]	@ 0x84
100031ee:	42a3      	cmp	r3, r4
100031f0:	d900      	bls.n	100031f4 <_ftoa+0x428>
100031f2:	e6c0      	b.n	10002f76 <_ftoa+0x1aa>
100031f4:	e6cb      	b.n	10002f8e <_ftoa+0x1c2>
100031f6:	9b21      	ldr	r3, [sp, #132]	@ 0x84
100031f8:	2b03      	cmp	r3, #3
100031fa:	d9d5      	bls.n	100031a8 <_ftoa+0x3dc>
100031fc:	9706      	str	r7, [sp, #24]
100031fe:	4654      	mov	r4, sl
10003200:	464f      	mov	r7, r9
10003202:	3d03      	subs	r5, #3
10003204:	18ed      	adds	r5, r5, r3
10003206:	0022      	movs	r2, r4
10003208:	4643      	mov	r3, r8
1000320a:	3401      	adds	r4, #1
1000320c:	0039      	movs	r1, r7
1000320e:	2020      	movs	r0, #32
10003210:	47d8      	blx	fp
10003212:	42a5      	cmp	r5, r4
10003214:	d1f7      	bne.n	10003206 <_ftoa+0x43a>
10003216:	9f06      	ldr	r7, [sp, #24]
10003218:	e7c6      	b.n	100031a8 <_ftoa+0x3dc>
1000321a:	9b21      	ldr	r3, [sp, #132]	@ 0x84
1000321c:	2b00      	cmp	r3, #0
1000321e:	d100      	bne.n	10003222 <_ftoa+0x456>
10003220:	e754      	b.n	100030cc <_ftoa+0x300>
10003222:	9b0b      	ldr	r3, [sp, #44]	@ 0x2c
10003224:	2b00      	cmp	r3, #0
10003226:	d085      	beq.n	10003134 <_ftoa+0x368>
10003228:	9b21      	ldr	r3, [sp, #132]	@ 0x84
1000322a:	3b01      	subs	r3, #1
1000322c:	9321      	str	r3, [sp, #132]	@ 0x84
1000322e:	429c      	cmp	r4, r3
10003230:	d200      	bcs.n	10003234 <_ftoa+0x468>
10003232:	e6a0      	b.n	10002f76 <_ftoa+0x1aa>
10003234:	2c20      	cmp	r4, #32
10003236:	d000      	beq.n	1000323a <_ftoa+0x46e>
10003238:	e74e      	b.n	100030d8 <_ftoa+0x30c>
1000323a:	e6a8      	b.n	10002f8e <_ftoa+0x1c2>
1000323c:	10006be4 	.word	0x10006be4

10003240 <_etoa>:
10003240:	b5f0      	push	{r4, r5, r6, r7, lr}
10003242:	4645      	mov	r5, r8
10003244:	46de      	mov	lr, fp
10003246:	4657      	mov	r7, sl
10003248:	464e      	mov	r6, r9
1000324a:	b5e0      	push	{r5, r6, r7, lr}
1000324c:	b09b      	sub	sp, #108	@ 0x6c
1000324e:	9c24      	ldr	r4, [sp, #144]	@ 0x90
10003250:	9d25      	ldr	r5, [sp, #148]	@ 0x94
10003252:	4682      	mov	sl, r0
10003254:	4688      	mov	r8, r1
10003256:	4693      	mov	fp, r2
10003258:	4699      	mov	r9, r3
1000325a:	0022      	movs	r2, r4
1000325c:	002b      	movs	r3, r5
1000325e:	0020      	movs	r0, r4
10003260:	0029      	movs	r1, r5
10003262:	f7ff f88e 	bl	10002382 <__wrap___aeabi_dcmpun>
10003266:	2800      	cmp	r0, #0
10003268:	d000      	beq.n	1000326c <_etoa+0x2c>
1000326a:	e0c1      	b.n	100033f0 <_etoa+0x1b0>
1000326c:	2201      	movs	r2, #1
1000326e:	0020      	movs	r0, r4
10003270:	0029      	movs	r1, r5
10003272:	4b7c      	ldr	r3, [pc, #496]	@ (10003464 <_etoa+0x224>)
10003274:	4252      	negs	r2, r2
10003276:	f7ff f87f 	bl	10002378 <__wrap___aeabi_dcmpgt>
1000327a:	2800      	cmp	r0, #0
1000327c:	d000      	beq.n	10003280 <_etoa+0x40>
1000327e:	e0b7      	b.n	100033f0 <_etoa+0x1b0>
10003280:	2201      	movs	r2, #1
10003282:	0020      	movs	r0, r4
10003284:	0029      	movs	r1, r5
10003286:	4b78      	ldr	r3, [pc, #480]	@ (10003468 <_etoa+0x228>)
10003288:	4252      	negs	r2, r2
1000328a:	f7ff f85f 	bl	1000234c <__wrap___aeabi_dcmplt>
1000328e:	2800      	cmp	r0, #0
10003290:	d000      	beq.n	10003294 <_etoa+0x54>
10003292:	e0ad      	b.n	100033f0 <_etoa+0x1b0>
10003294:	2200      	movs	r2, #0
10003296:	2300      	movs	r3, #0
10003298:	0020      	movs	r0, r4
1000329a:	0029      	movs	r1, r5
1000329c:	f7ff f856 	bl	1000234c <__wrap___aeabi_dcmplt>
100032a0:	2800      	cmp	r0, #0
100032a2:	d000      	beq.n	100032a6 <_etoa+0x66>
100032a4:	e1bb      	b.n	1000361e <_etoa+0x3de>
100032a6:	9408      	str	r4, [sp, #32]
100032a8:	9509      	str	r5, [sp, #36]	@ 0x24
100032aa:	9808      	ldr	r0, [sp, #32]
100032ac:	9909      	ldr	r1, [sp, #36]	@ 0x24
100032ae:	2380      	movs	r3, #128	@ 0x80
100032b0:	9a28      	ldr	r2, [sp, #160]	@ 0xa0
100032b2:	00db      	lsls	r3, r3, #3
100032b4:	401a      	ands	r2, r3
100032b6:	920f      	str	r2, [sp, #60]	@ 0x3c
100032b8:	2280      	movs	r2, #128	@ 0x80
100032ba:	9e28      	ldr	r6, [sp, #160]	@ 0xa0
100032bc:	0112      	lsls	r2, r2, #4
100032be:	4016      	ands	r6, r2
100032c0:	0032      	movs	r2, r6
100032c2:	960e      	str	r6, [sp, #56]	@ 0x38
100032c4:	9e28      	ldr	r6, [sp, #160]	@ 0xa0
100032c6:	000f      	movs	r7, r1
100032c8:	900a      	str	r0, [sp, #40]	@ 0x28
100032ca:	421e      	tst	r6, r3
100032cc:	d000      	beq.n	100032d0 <_etoa+0x90>
100032ce:	e0a4      	b.n	1000341a <_etoa+0x1da>
100032d0:	000b      	movs	r3, r1
100032d2:	4303      	orrs	r3, r0
100032d4:	d000      	beq.n	100032d8 <_etoa+0x98>
100032d6:	e0cb      	b.n	10003470 <_etoa+0x230>
100032d8:	2a00      	cmp	r2, #0
100032da:	d000      	beq.n	100032de <_etoa+0x9e>
100032dc:	e212      	b.n	10003704 <_etoa+0x4c4>
100032de:	0032      	movs	r2, r6
100032e0:	3306      	adds	r3, #6
100032e2:	9326      	str	r3, [sp, #152]	@ 0x98
100032e4:	2302      	movs	r3, #2
100032e6:	4013      	ands	r3, r2
100032e8:	930c      	str	r3, [sp, #48]	@ 0x30
100032ea:	2302      	movs	r3, #2
100032ec:	4213      	tst	r3, r2
100032ee:	d000      	beq.n	100032f2 <_etoa+0xb2>
100032f0:	e20a      	b.n	10003708 <_etoa+0x4c8>
100032f2:	9b27      	ldr	r3, [sp, #156]	@ 0x9c
100032f4:	2b04      	cmp	r3, #4
100032f6:	d200      	bcs.n	100032fa <_etoa+0xba>
100032f8:	e215      	b.n	10003726 <_etoa+0x4e6>
100032fa:	2700      	movs	r7, #0
100032fc:	2604      	movs	r6, #4
100032fe:	3b04      	subs	r3, #4
10003300:	930e      	str	r3, [sp, #56]	@ 0x38
10003302:	2200      	movs	r2, #0
10003304:	2300      	movs	r3, #0
10003306:	0020      	movs	r0, r4
10003308:	0029      	movs	r1, r5
1000330a:	f7ff f81f 	bl	1000234c <__wrap___aeabi_dcmplt>
1000330e:	2800      	cmp	r0, #0
10003310:	d000      	beq.n	10003314 <_etoa+0xd4>
10003312:	e1c8      	b.n	100036a6 <_etoa+0x466>
10003314:	4b55      	ldr	r3, [pc, #340]	@ (1000346c <_etoa+0x22c>)
10003316:	9a28      	ldr	r2, [sp, #160]	@ 0xa0
10003318:	4013      	ands	r3, r2
1000331a:	9304      	str	r3, [sp, #16]
1000331c:	9b0e      	ldr	r3, [sp, #56]	@ 0x38
1000331e:	9303      	str	r3, [sp, #12]
10003320:	9b26      	ldr	r3, [sp, #152]	@ 0x98
10003322:	9302      	str	r3, [sp, #8]
10003324:	9b08      	ldr	r3, [sp, #32]
10003326:	9c09      	ldr	r4, [sp, #36]	@ 0x24
10003328:	9300      	str	r3, [sp, #0]
1000332a:	9401      	str	r4, [sp, #4]
1000332c:	4641      	mov	r1, r8
1000332e:	464b      	mov	r3, r9
10003330:	465a      	mov	r2, fp
10003332:	4650      	mov	r0, sl
10003334:	f7ff fd4a 	bl	10002dcc <_ftoa>
10003338:	0002      	movs	r2, r0
1000333a:	2020      	movs	r0, #32
1000333c:	9b28      	ldr	r3, [sp, #160]	@ 0xa0
1000333e:	2500      	movs	r5, #0
10003340:	4003      	ands	r3, r0
10003342:	4259      	negs	r1, r3
10003344:	414b      	adcs	r3, r1
10003346:	425b      	negs	r3, r3
10003348:	4018      	ands	r0, r3
1000334a:	1c53      	adds	r3, r2, #1
1000334c:	9308      	str	r3, [sp, #32]
1000334e:	4641      	mov	r1, r8
10003350:	464b      	mov	r3, r9
10003352:	3045      	adds	r0, #69	@ 0x45
10003354:	47d0      	blx	sl
10003356:	17fb      	asrs	r3, r7, #31
10003358:	18fc      	adds	r4, r7, r3
1000335a:	405c      	eors	r4, r3
1000335c:	0ffb      	lsrs	r3, r7, #31
1000335e:	271f      	movs	r7, #31
10003360:	930a      	str	r3, [sp, #40]	@ 0x28
10003362:	1e73      	subs	r3, r6, #1
10003364:	930e      	str	r3, [sp, #56]	@ 0x38
10003366:	ab0a      	add	r3, sp, #40	@ 0x28
10003368:	18ff      	adds	r7, r7, r3
1000336a:	e006      	b.n	1000337a <_etoa+0x13a>
1000336c:	0020      	movs	r0, r4
1000336e:	210a      	movs	r1, #10
10003370:	f7fe fd3e 	bl	10001df0 <__wrap___aeabi_uidiv>
10003374:	0004      	movs	r4, r0
10003376:	2d20      	cmp	r5, #32
10003378:	d008      	beq.n	1000338c <_etoa+0x14c>
1000337a:	210a      	movs	r1, #10
1000337c:	0020      	movs	r0, r4
1000337e:	f7fe fd37 	bl	10001df0 <__wrap___aeabi_uidiv>
10003382:	3501      	adds	r5, #1
10003384:	3130      	adds	r1, #48	@ 0x30
10003386:	5579      	strb	r1, [r7, r5]
10003388:	2c09      	cmp	r4, #9
1000338a:	d8ef      	bhi.n	1000336c <_etoa+0x12c>
1000338c:	2305      	movs	r3, #5
1000338e:	9306      	str	r3, [sp, #24]
10003390:	9b0e      	ldr	r3, [sp, #56]	@ 0x38
10003392:	4656      	mov	r6, sl
10003394:	9305      	str	r3, [sp, #20]
10003396:	2300      	movs	r3, #0
10003398:	9304      	str	r3, [sp, #16]
1000339a:	330a      	adds	r3, #10
1000339c:	9303      	str	r3, [sp, #12]
1000339e:	9b0a      	ldr	r3, [sp, #40]	@ 0x28
100033a0:	4641      	mov	r1, r8
100033a2:	9302      	str	r3, [sp, #8]
100033a4:	ab12      	add	r3, sp, #72	@ 0x48
100033a6:	9300      	str	r3, [sp, #0]
100033a8:	0030      	movs	r0, r6
100033aa:	464b      	mov	r3, r9
100033ac:	9a08      	ldr	r2, [sp, #32]
100033ae:	9501      	str	r5, [sp, #4]
100033b0:	f7ff fc10 	bl	10002bd4 <_ntoa_format>
100033b4:	9b0c      	ldr	r3, [sp, #48]	@ 0x30
100033b6:	2b00      	cmp	r3, #0
100033b8:	d028      	beq.n	1000340c <_etoa+0x1cc>
100033ba:	465f      	mov	r7, fp
100033bc:	9b27      	ldr	r3, [sp, #156]	@ 0x9c
100033be:	1bc4      	subs	r4, r0, r7
100033c0:	42a3      	cmp	r3, r4
100033c2:	d923      	bls.n	1000340c <_etoa+0x1cc>
100033c4:	4682      	mov	sl, r0
100033c6:	001d      	movs	r5, r3
100033c8:	193a      	adds	r2, r7, r4
100033ca:	464b      	mov	r3, r9
100033cc:	4641      	mov	r1, r8
100033ce:	2020      	movs	r0, #32
100033d0:	3401      	adds	r4, #1
100033d2:	47b0      	blx	r6
100033d4:	42a5      	cmp	r5, r4
100033d6:	d8f7      	bhi.n	100033c8 <_etoa+0x188>
100033d8:	4650      	mov	r0, sl
100033da:	4659      	mov	r1, fp
100033dc:	9c27      	ldr	r4, [sp, #156]	@ 0x9c
100033de:	1a42      	subs	r2, r0, r1
100033e0:	3201      	adds	r2, #1
100033e2:	2300      	movs	r3, #0
100033e4:	4294      	cmp	r4, r2
100033e6:	d300      	bcc.n	100033ea <_etoa+0x1aa>
100033e8:	e195      	b.n	10003716 <_etoa+0x4d6>
100033ea:	3001      	adds	r0, #1
100033ec:	1818      	adds	r0, r3, r0
100033ee:	e00d      	b.n	1000340c <_etoa+0x1cc>
100033f0:	9b28      	ldr	r3, [sp, #160]	@ 0xa0
100033f2:	9400      	str	r4, [sp, #0]
100033f4:	9501      	str	r5, [sp, #4]
100033f6:	9304      	str	r3, [sp, #16]
100033f8:	9b27      	ldr	r3, [sp, #156]	@ 0x9c
100033fa:	9303      	str	r3, [sp, #12]
100033fc:	9b26      	ldr	r3, [sp, #152]	@ 0x98
100033fe:	9302      	str	r3, [sp, #8]
10003400:	464b      	mov	r3, r9
10003402:	465a      	mov	r2, fp
10003404:	4641      	mov	r1, r8
10003406:	4650      	mov	r0, sl
10003408:	f7ff fce0 	bl	10002dcc <_ftoa>
1000340c:	b01b      	add	sp, #108	@ 0x6c
1000340e:	bcf0      	pop	{r4, r5, r6, r7}
10003410:	46bb      	mov	fp, r7
10003412:	46b2      	mov	sl, r6
10003414:	46a9      	mov	r9, r5
10003416:	46a0      	mov	r8, r4
10003418:	bdf0      	pop	{r4, r5, r6, r7, pc}
1000341a:	4301      	orrs	r1, r0
1000341c:	d12a      	bne.n	10003474 <_etoa+0x234>
1000341e:	9b0e      	ldr	r3, [sp, #56]	@ 0x38
10003420:	0032      	movs	r2, r6
10003422:	2b00      	cmp	r3, #0
10003424:	d100      	bne.n	10003428 <_etoa+0x1e8>
10003426:	e75d      	b.n	100032e4 <_etoa+0xa4>
10003428:	2700      	movs	r7, #0
1000342a:	9b26      	ldr	r3, [sp, #152]	@ 0x98
1000342c:	2600      	movs	r6, #0
1000342e:	42bb      	cmp	r3, r7
10003430:	dd00      	ble.n	10003434 <_etoa+0x1f4>
10003432:	e182      	b.n	1000373a <_etoa+0x4fa>
10003434:	2200      	movs	r2, #0
10003436:	2300      	movs	r3, #0
10003438:	0020      	movs	r0, r4
1000343a:	0029      	movs	r1, r5
1000343c:	f7fe ff86 	bl	1000234c <__wrap___aeabi_dcmplt>
10003440:	2800      	cmp	r0, #0
10003442:	d000      	beq.n	10003446 <_etoa+0x206>
10003444:	e14b      	b.n	100036de <_etoa+0x49e>
10003446:	9b28      	ldr	r3, [sp, #160]	@ 0xa0
10003448:	4a08      	ldr	r2, [pc, #32]	@ (1000346c <_etoa+0x22c>)
1000344a:	9602      	str	r6, [sp, #8]
1000344c:	401a      	ands	r2, r3
1000344e:	2380      	movs	r3, #128	@ 0x80
10003450:	00db      	lsls	r3, r3, #3
10003452:	4313      	orrs	r3, r2
10003454:	9304      	str	r3, [sp, #16]
10003456:	9b27      	ldr	r3, [sp, #156]	@ 0x9c
10003458:	9303      	str	r3, [sp, #12]
1000345a:	9b08      	ldr	r3, [sp, #32]
1000345c:	9c09      	ldr	r4, [sp, #36]	@ 0x24
1000345e:	9300      	str	r3, [sp, #0]
10003460:	9401      	str	r4, [sp, #4]
10003462:	e7cd      	b.n	10003400 <_etoa+0x1c0>
10003464:	7fefffff 	.word	0x7fefffff
10003468:	ffefffff 	.word	0xffefffff
1000346c:	fffff7ff 	.word	0xfffff7ff
10003470:	2306      	movs	r3, #6
10003472:	9326      	str	r3, [sp, #152]	@ 0x98
10003474:	4bb2      	ldr	r3, [pc, #712]	@ (10003740 <_etoa+0x500>)
10003476:	0078      	lsls	r0, r7, #1
10003478:	0d40      	lsrs	r0, r0, #21
1000347a:	18c0      	adds	r0, r0, r3
1000347c:	f7fe ff92 	bl	100023a4 <__wrap___aeabi_i2d>
10003480:	4ab0      	ldr	r2, [pc, #704]	@ (10003744 <_etoa+0x504>)
10003482:	4bb1      	ldr	r3, [pc, #708]	@ (10003748 <_etoa+0x508>)
10003484:	f7fe ff1f 	bl	100022c6 <__wrap___aeabi_dmul>
10003488:	4ab0      	ldr	r2, [pc, #704]	@ (1000374c <_etoa+0x50c>)
1000348a:	4bb1      	ldr	r3, [pc, #708]	@ (10003750 <_etoa+0x510>)
1000348c:	f7fe fef4 	bl	10002278 <__wrap___aeabi_dadd>
10003490:	033f      	lsls	r7, r7, #12
10003492:	4bb0      	ldr	r3, [pc, #704]	@ (10003754 <_etoa+0x514>)
10003494:	0b3f      	lsrs	r7, r7, #12
10003496:	433b      	orrs	r3, r7
10003498:	900c      	str	r0, [sp, #48]	@ 0x30
1000349a:	910d      	str	r1, [sp, #52]	@ 0x34
1000349c:	2200      	movs	r2, #0
1000349e:	980a      	ldr	r0, [sp, #40]	@ 0x28
100034a0:	0019      	movs	r1, r3
100034a2:	4bad      	ldr	r3, [pc, #692]	@ (10003758 <_etoa+0x518>)
100034a4:	f7fe fedf 	bl	10002266 <__wrap___aeabi_dsub>
100034a8:	4aac      	ldr	r2, [pc, #688]	@ (1000375c <_etoa+0x51c>)
100034aa:	4bad      	ldr	r3, [pc, #692]	@ (10003760 <_etoa+0x520>)
100034ac:	f7fe ff0b 	bl	100022c6 <__wrap___aeabi_dmul>
100034b0:	0002      	movs	r2, r0
100034b2:	000b      	movs	r3, r1
100034b4:	980c      	ldr	r0, [sp, #48]	@ 0x30
100034b6:	990d      	ldr	r1, [sp, #52]	@ 0x34
100034b8:	f7fe fede 	bl	10002278 <__wrap___aeabi_dadd>
100034bc:	f7fe ff8a 	bl	100023d4 <__wrap___aeabi_d2iz>
100034c0:	0007      	movs	r7, r0
100034c2:	f7fe ff6f 	bl	100023a4 <__wrap___aeabi_i2d>
100034c6:	4aa7      	ldr	r2, [pc, #668]	@ (10003764 <_etoa+0x524>)
100034c8:	4ba7      	ldr	r3, [pc, #668]	@ (10003768 <_etoa+0x528>)
100034ca:	900a      	str	r0, [sp, #40]	@ 0x28
100034cc:	910b      	str	r1, [sp, #44]	@ 0x2c
100034ce:	f7fe fefa 	bl	100022c6 <__wrap___aeabi_dmul>
100034d2:	2200      	movs	r2, #0
100034d4:	4ba5      	ldr	r3, [pc, #660]	@ (1000376c <_etoa+0x52c>)
100034d6:	f7fe fecf 	bl	10002278 <__wrap___aeabi_dadd>
100034da:	f7fe ff7b 	bl	100023d4 <__wrap___aeabi_d2iz>
100034de:	4aa4      	ldr	r2, [pc, #656]	@ (10003770 <_etoa+0x530>)
100034e0:	0006      	movs	r6, r0
100034e2:	980a      	ldr	r0, [sp, #40]	@ 0x28
100034e4:	990b      	ldr	r1, [sp, #44]	@ 0x2c
100034e6:	4ba3      	ldr	r3, [pc, #652]	@ (10003774 <_etoa+0x534>)
100034e8:	f7fe feed 	bl	100022c6 <__wrap___aeabi_dmul>
100034ec:	900a      	str	r0, [sp, #40]	@ 0x28
100034ee:	910b      	str	r1, [sp, #44]	@ 0x2c
100034f0:	0030      	movs	r0, r6
100034f2:	f7fe ff57 	bl	100023a4 <__wrap___aeabi_i2d>
100034f6:	4aa0      	ldr	r2, [pc, #640]	@ (10003778 <_etoa+0x538>)
100034f8:	4ba0      	ldr	r3, [pc, #640]	@ (1000377c <_etoa+0x53c>)
100034fa:	f7fe fee4 	bl	100022c6 <__wrap___aeabi_dmul>
100034fe:	0002      	movs	r2, r0
10003500:	000b      	movs	r3, r1
10003502:	980a      	ldr	r0, [sp, #40]	@ 0x28
10003504:	990b      	ldr	r1, [sp, #44]	@ 0x2c
10003506:	f7fe feae 	bl	10002266 <__wrap___aeabi_dsub>
1000350a:	0002      	movs	r2, r0
1000350c:	000b      	movs	r3, r1
1000350e:	900a      	str	r0, [sp, #40]	@ 0x28
10003510:	910b      	str	r1, [sp, #44]	@ 0x2c
10003512:	f7fe fed8 	bl	100022c6 <__wrap___aeabi_dmul>
10003516:	900c      	str	r0, [sp, #48]	@ 0x30
10003518:	910d      	str	r1, [sp, #52]	@ 0x34
1000351a:	980a      	ldr	r0, [sp, #40]	@ 0x28
1000351c:	990b      	ldr	r1, [sp, #44]	@ 0x2c
1000351e:	0002      	movs	r2, r0
10003520:	000b      	movs	r3, r1
10003522:	f7fe fea9 	bl	10002278 <__wrap___aeabi_dadd>
10003526:	2200      	movs	r2, #0
10003528:	9010      	str	r0, [sp, #64]	@ 0x40
1000352a:	9111      	str	r1, [sp, #68]	@ 0x44
1000352c:	980c      	ldr	r0, [sp, #48]	@ 0x30
1000352e:	990d      	ldr	r1, [sp, #52]	@ 0x34
10003530:	4b93      	ldr	r3, [pc, #588]	@ (10003780 <_etoa+0x540>)
10003532:	f7fe feaa 	bl	1000228a <__wrap___aeabi_ddiv>
10003536:	2200      	movs	r2, #0
10003538:	4b92      	ldr	r3, [pc, #584]	@ (10003784 <_etoa+0x544>)
1000353a:	f7fe fe9d 	bl	10002278 <__wrap___aeabi_dadd>
1000353e:	0002      	movs	r2, r0
10003540:	000b      	movs	r3, r1
10003542:	980c      	ldr	r0, [sp, #48]	@ 0x30
10003544:	990d      	ldr	r1, [sp, #52]	@ 0x34
10003546:	f7fe fea0 	bl	1000228a <__wrap___aeabi_ddiv>
1000354a:	2200      	movs	r2, #0
1000354c:	4b8e      	ldr	r3, [pc, #568]	@ (10003788 <_etoa+0x548>)
1000354e:	f7fe fe93 	bl	10002278 <__wrap___aeabi_dadd>
10003552:	0002      	movs	r2, r0
10003554:	000b      	movs	r3, r1
10003556:	980c      	ldr	r0, [sp, #48]	@ 0x30
10003558:	990d      	ldr	r1, [sp, #52]	@ 0x34
1000355a:	f7fe fe96 	bl	1000228a <__wrap___aeabi_ddiv>
1000355e:	9a0a      	ldr	r2, [sp, #40]	@ 0x28
10003560:	9b0b      	ldr	r3, [sp, #44]	@ 0x2c
10003562:	900c      	str	r0, [sp, #48]	@ 0x30
10003564:	910d      	str	r1, [sp, #52]	@ 0x34
10003566:	2180      	movs	r1, #128	@ 0x80
10003568:	2000      	movs	r0, #0
1000356a:	05c9      	lsls	r1, r1, #23
1000356c:	f7fe fe7b 	bl	10002266 <__wrap___aeabi_dsub>
10003570:	0002      	movs	r2, r0
10003572:	000b      	movs	r3, r1
10003574:	980c      	ldr	r0, [sp, #48]	@ 0x30
10003576:	990d      	ldr	r1, [sp, #52]	@ 0x34
10003578:	f7fe fe7e 	bl	10002278 <__wrap___aeabi_dadd>
1000357c:	0002      	movs	r2, r0
1000357e:	000b      	movs	r3, r1
10003580:	9810      	ldr	r0, [sp, #64]	@ 0x40
10003582:	9911      	ldr	r1, [sp, #68]	@ 0x44
10003584:	f7fe fe81 	bl	1000228a <__wrap___aeabi_ddiv>
10003588:	2200      	movs	r2, #0
1000358a:	4b72      	ldr	r3, [pc, #456]	@ (10003754 <_etoa+0x514>)
1000358c:	f7fe fe74 	bl	10002278 <__wrap___aeabi_dadd>
10003590:	4b7e      	ldr	r3, [pc, #504]	@ (1000378c <_etoa+0x54c>)
10003592:	2200      	movs	r2, #0
10003594:	18f6      	adds	r6, r6, r3
10003596:	0533      	lsls	r3, r6, #20
10003598:	f7fe fe95 	bl	100022c6 <__wrap___aeabi_dmul>
1000359c:	0002      	movs	r2, r0
1000359e:	000b      	movs	r3, r1
100035a0:	900a      	str	r0, [sp, #40]	@ 0x28
100035a2:	910b      	str	r1, [sp, #44]	@ 0x2c
100035a4:	9808      	ldr	r0, [sp, #32]
100035a6:	9909      	ldr	r1, [sp, #36]	@ 0x24
100035a8:	f7fe fed0 	bl	1000234c <__wrap___aeabi_dcmplt>
100035ac:	2800      	cmp	r0, #0
100035ae:	d008      	beq.n	100035c2 <_etoa+0x382>
100035b0:	980a      	ldr	r0, [sp, #40]	@ 0x28
100035b2:	990b      	ldr	r1, [sp, #44]	@ 0x2c
100035b4:	2200      	movs	r2, #0
100035b6:	4b73      	ldr	r3, [pc, #460]	@ (10003784 <_etoa+0x544>)
100035b8:	f7fe fe67 	bl	1000228a <__wrap___aeabi_ddiv>
100035bc:	900a      	str	r0, [sp, #40]	@ 0x28
100035be:	910b      	str	r1, [sp, #44]	@ 0x2c
100035c0:	3f01      	subs	r7, #1
100035c2:	990a      	ldr	r1, [sp, #40]	@ 0x28
100035c4:	9a0b      	ldr	r2, [sp, #44]	@ 0x2c
100035c6:	000b      	movs	r3, r1
100035c8:	0011      	movs	r1, r2
100035ca:	003a      	movs	r2, r7
100035cc:	3263      	adds	r2, #99	@ 0x63
100035ce:	2ac6      	cmp	r2, #198	@ 0xc6
100035d0:	d812      	bhi.n	100035f8 <_etoa+0x3b8>
100035d2:	2202      	movs	r2, #2
100035d4:	9828      	ldr	r0, [sp, #160]	@ 0xa0
100035d6:	2604      	movs	r6, #4
100035d8:	4010      	ands	r0, r2
100035da:	9a0e      	ldr	r2, [sp, #56]	@ 0x38
100035dc:	900c      	str	r0, [sp, #48]	@ 0x30
100035de:	2a00      	cmp	r2, #0
100035e0:	d126      	bne.n	10003630 <_etoa+0x3f0>
100035e2:	9b27      	ldr	r3, [sp, #156]	@ 0x9c
100035e4:	2b04      	cmp	r3, #4
100035e6:	d905      	bls.n	100035f4 <_etoa+0x3b4>
100035e8:	2800      	cmp	r0, #0
100035ea:	d000      	beq.n	100035ee <_etoa+0x3ae>
100035ec:	e0a1      	b.n	10003732 <_etoa+0x4f2>
100035ee:	9b27      	ldr	r3, [sp, #156]	@ 0x9c
100035f0:	3b04      	subs	r3, #4
100035f2:	930e      	str	r3, [sp, #56]	@ 0x38
100035f4:	2604      	movs	r6, #4
100035f6:	e042      	b.n	1000367e <_etoa+0x43e>
100035f8:	2202      	movs	r2, #2
100035fa:	9828      	ldr	r0, [sp, #160]	@ 0xa0
100035fc:	4010      	ands	r0, r2
100035fe:	9a0e      	ldr	r2, [sp, #56]	@ 0x38
10003600:	900c      	str	r0, [sp, #48]	@ 0x30
10003602:	2a00      	cmp	r2, #0
10003604:	d113      	bne.n	1000362e <_etoa+0x3ee>
10003606:	9b27      	ldr	r3, [sp, #156]	@ 0x9c
10003608:	2b05      	cmp	r3, #5
1000360a:	d800      	bhi.n	1000360e <_etoa+0x3ce>
1000360c:	e089      	b.n	10003722 <_etoa+0x4e2>
1000360e:	2800      	cmp	r0, #0
10003610:	d000      	beq.n	10003614 <_etoa+0x3d4>
10003612:	e084      	b.n	1000371e <_etoa+0x4de>
10003614:	9b27      	ldr	r3, [sp, #156]	@ 0x9c
10003616:	2605      	movs	r6, #5
10003618:	3b05      	subs	r3, #5
1000361a:	930e      	str	r3, [sp, #56]	@ 0x38
1000361c:	e032      	b.n	10003684 <_etoa+0x444>
1000361e:	2380      	movs	r3, #128	@ 0x80
10003620:	061b      	lsls	r3, r3, #24
10003622:	469c      	mov	ip, r3
10003624:	44ac      	add	ip, r5
10003626:	4663      	mov	r3, ip
10003628:	9408      	str	r4, [sp, #32]
1000362a:	9309      	str	r3, [sp, #36]	@ 0x24
1000362c:	e63d      	b.n	100032aa <_etoa+0x6a>
1000362e:	2605      	movs	r6, #5
10003630:	430b      	orrs	r3, r1
10003632:	d100      	bne.n	10003636 <_etoa+0x3f6>
10003634:	e6f9      	b.n	1000342a <_etoa+0x1ea>
10003636:	9808      	ldr	r0, [sp, #32]
10003638:	9909      	ldr	r1, [sp, #36]	@ 0x24
1000363a:	4a55      	ldr	r2, [pc, #340]	@ (10003790 <_etoa+0x550>)
1000363c:	4b55      	ldr	r3, [pc, #340]	@ (10003794 <_etoa+0x554>)
1000363e:	f7fe fe93 	bl	10002368 <__wrap___aeabi_dcmpge>
10003642:	2800      	cmp	r0, #0
10003644:	d008      	beq.n	10003658 <_etoa+0x418>
10003646:	9808      	ldr	r0, [sp, #32]
10003648:	9909      	ldr	r1, [sp, #36]	@ 0x24
1000364a:	2200      	movs	r2, #0
1000364c:	4b52      	ldr	r3, [pc, #328]	@ (10003798 <_etoa+0x558>)
1000364e:	f7fe fe7d 	bl	1000234c <__wrap___aeabi_dcmplt>
10003652:	2800      	cmp	r0, #0
10003654:	d000      	beq.n	10003658 <_etoa+0x418>
10003656:	e6e8      	b.n	1000342a <_etoa+0x1ea>
10003658:	9b26      	ldr	r3, [sp, #152]	@ 0x98
1000365a:	2b00      	cmp	r3, #0
1000365c:	d034      	beq.n	100036c8 <_etoa+0x488>
1000365e:	9b0f      	ldr	r3, [sp, #60]	@ 0x3c
10003660:	2b00      	cmp	r3, #0
10003662:	d031      	beq.n	100036c8 <_etoa+0x488>
10003664:	9b26      	ldr	r3, [sp, #152]	@ 0x98
10003666:	3b01      	subs	r3, #1
10003668:	9326      	str	r3, [sp, #152]	@ 0x98
1000366a:	9b27      	ldr	r3, [sp, #156]	@ 0x9c
1000366c:	42b3      	cmp	r3, r6
1000366e:	d904      	bls.n	1000367a <_etoa+0x43a>
10003670:	9b0c      	ldr	r3, [sp, #48]	@ 0x30
10003672:	2b00      	cmp	r3, #0
10003674:	d059      	beq.n	1000372a <_etoa+0x4ea>
10003676:	2302      	movs	r3, #2
10003678:	930c      	str	r3, [sp, #48]	@ 0x30
1000367a:	2300      	movs	r3, #0
1000367c:	930e      	str	r3, [sp, #56]	@ 0x38
1000367e:	2f00      	cmp	r7, #0
10003680:	d100      	bne.n	10003684 <_etoa+0x444>
10003682:	e63e      	b.n	10003302 <_etoa+0xc2>
10003684:	9a0a      	ldr	r2, [sp, #40]	@ 0x28
10003686:	9b0b      	ldr	r3, [sp, #44]	@ 0x2c
10003688:	9808      	ldr	r0, [sp, #32]
1000368a:	9909      	ldr	r1, [sp, #36]	@ 0x24
1000368c:	f7fe fdfd 	bl	1000228a <__wrap___aeabi_ddiv>
10003690:	2200      	movs	r2, #0
10003692:	9008      	str	r0, [sp, #32]
10003694:	9109      	str	r1, [sp, #36]	@ 0x24
10003696:	2300      	movs	r3, #0
10003698:	0020      	movs	r0, r4
1000369a:	0029      	movs	r1, r5
1000369c:	f7fe fe56 	bl	1000234c <__wrap___aeabi_dcmplt>
100036a0:	2800      	cmp	r0, #0
100036a2:	d100      	bne.n	100036a6 <_etoa+0x466>
100036a4:	e636      	b.n	10003314 <_etoa+0xd4>
100036a6:	9c08      	ldr	r4, [sp, #32]
100036a8:	9d09      	ldr	r5, [sp, #36]	@ 0x24
100036aa:	9a28      	ldr	r2, [sp, #160]	@ 0xa0
100036ac:	2080      	movs	r0, #128	@ 0x80
100036ae:	4b3b      	ldr	r3, [pc, #236]	@ (1000379c <_etoa+0x55c>)
100036b0:	0600      	lsls	r0, r0, #24
100036b2:	4013      	ands	r3, r2
100036b4:	0022      	movs	r2, r4
100036b6:	9304      	str	r3, [sp, #16]
100036b8:	9b0e      	ldr	r3, [sp, #56]	@ 0x38
100036ba:	9303      	str	r3, [sp, #12]
100036bc:	9b26      	ldr	r3, [sp, #152]	@ 0x98
100036be:	9302      	str	r3, [sp, #8]
100036c0:	182b      	adds	r3, r5, r0
100036c2:	9200      	str	r2, [sp, #0]
100036c4:	9301      	str	r3, [sp, #4]
100036c6:	e631      	b.n	1000332c <_etoa+0xec>
100036c8:	9b27      	ldr	r3, [sp, #156]	@ 0x9c
100036ca:	42b3      	cmp	r3, r6
100036cc:	d9d5      	bls.n	1000367a <_etoa+0x43a>
100036ce:	9b0c      	ldr	r3, [sp, #48]	@ 0x30
100036d0:	2b00      	cmp	r3, #0
100036d2:	d02a      	beq.n	1000372a <_etoa+0x4ea>
100036d4:	2300      	movs	r3, #0
100036d6:	930e      	str	r3, [sp, #56]	@ 0x38
100036d8:	3302      	adds	r3, #2
100036da:	930c      	str	r3, [sp, #48]	@ 0x30
100036dc:	e7cf      	b.n	1000367e <_etoa+0x43e>
100036de:	9b28      	ldr	r3, [sp, #160]	@ 0xa0
100036e0:	4a2e      	ldr	r2, [pc, #184]	@ (1000379c <_etoa+0x55c>)
100036e2:	2080      	movs	r0, #128	@ 0x80
100036e4:	9c08      	ldr	r4, [sp, #32]
100036e6:	9d09      	ldr	r5, [sp, #36]	@ 0x24
100036e8:	401a      	ands	r2, r3
100036ea:	2380      	movs	r3, #128	@ 0x80
100036ec:	00db      	lsls	r3, r3, #3
100036ee:	4313      	orrs	r3, r2
100036f0:	0022      	movs	r2, r4
100036f2:	9304      	str	r3, [sp, #16]
100036f4:	9b27      	ldr	r3, [sp, #156]	@ 0x9c
100036f6:	0600      	lsls	r0, r0, #24
100036f8:	9303      	str	r3, [sp, #12]
100036fa:	182b      	adds	r3, r5, r0
100036fc:	9200      	str	r2, [sp, #0]
100036fe:	9301      	str	r3, [sp, #4]
10003700:	9602      	str	r6, [sp, #8]
10003702:	e67d      	b.n	10003400 <_etoa+0x1c0>
10003704:	2605      	movs	r6, #5
10003706:	e695      	b.n	10003434 <_etoa+0x1f4>
10003708:	2300      	movs	r3, #0
1000370a:	930e      	str	r3, [sp, #56]	@ 0x38
1000370c:	3302      	adds	r3, #2
1000370e:	2700      	movs	r7, #0
10003710:	2604      	movs	r6, #4
10003712:	930c      	str	r3, [sp, #48]	@ 0x30
10003714:	e5f5      	b.n	10003302 <_etoa+0xc2>
10003716:	1e4b      	subs	r3, r1, #1
10003718:	191b      	adds	r3, r3, r4
1000371a:	1a1b      	subs	r3, r3, r0
1000371c:	e665      	b.n	100033ea <_etoa+0x1aa>
1000371e:	2302      	movs	r3, #2
10003720:	930c      	str	r3, [sp, #48]	@ 0x30
10003722:	2605      	movs	r6, #5
10003724:	e7ae      	b.n	10003684 <_etoa+0x444>
10003726:	2304      	movs	r3, #4
10003728:	e5e7      	b.n	100032fa <_etoa+0xba>
1000372a:	9b27      	ldr	r3, [sp, #156]	@ 0x9c
1000372c:	1b9b      	subs	r3, r3, r6
1000372e:	930e      	str	r3, [sp, #56]	@ 0x38
10003730:	e7a5      	b.n	1000367e <_etoa+0x43e>
10003732:	2302      	movs	r3, #2
10003734:	2604      	movs	r6, #4
10003736:	930c      	str	r3, [sp, #48]	@ 0x30
10003738:	e7a1      	b.n	1000367e <_etoa+0x43e>
1000373a:	1bdb      	subs	r3, r3, r7
1000373c:	1e5e      	subs	r6, r3, #1
1000373e:	e679      	b.n	10003434 <_etoa+0x1f4>
10003740:	fffffc01 	.word	0xfffffc01
10003744:	509f79fb 	.word	0x509f79fb
10003748:	3fd34413 	.word	0x3fd34413
1000374c:	8b60c8b3 	.word	0x8b60c8b3
10003750:	3fc68a28 	.word	0x3fc68a28
10003754:	3ff00000 	.word	0x3ff00000
10003758:	3ff80000 	.word	0x3ff80000
1000375c:	636f4361 	.word	0x636f4361
10003760:	3fd287a7 	.word	0x3fd287a7
10003764:	0979a371 	.word	0x0979a371
10003768:	400a934f 	.word	0x400a934f
1000376c:	3fe00000 	.word	0x3fe00000
10003770:	bbb55516 	.word	0xbbb55516
10003774:	40026bb1 	.word	0x40026bb1
10003778:	fefa39ef 	.word	0xfefa39ef
1000377c:	3fe62e42 	.word	0x3fe62e42
10003780:	402c0000 	.word	0x402c0000
10003784:	40240000 	.word	0x40240000
10003788:	40180000 	.word	0x40180000
1000378c:	000003ff 	.word	0x000003ff
10003790:	eb1c432d 	.word	0xeb1c432d
10003794:	3f1a36e2 	.word	0x3f1a36e2
10003798:	412e8480 	.word	0x412e8480
1000379c:	fffff7ff 	.word	0xfffff7ff

100037a0 <_vsnprintf>:
100037a0:	b5f0      	push	{r4, r5, r6, r7, lr}
100037a2:	4657      	mov	r7, sl
100037a4:	46de      	mov	lr, fp
100037a6:	464e      	mov	r6, r9
100037a8:	4645      	mov	r5, r8
100037aa:	b5e0      	push	{r5, r6, r7, lr}
100037ac:	b0a3      	sub	sp, #140	@ 0x8c
100037ae:	001f      	movs	r7, r3
100037b0:	9b2c      	ldr	r3, [sp, #176]	@ 0xb0
100037b2:	4692      	mov	sl, r2
100037b4:	930c      	str	r3, [sp, #48]	@ 0x30
100037b6:	4ac9      	ldr	r2, [pc, #804]	@ (10003adc <_vsnprintf+0x33c>)
100037b8:	4bc9      	ldr	r3, [pc, #804]	@ (10003ae0 <_vsnprintf+0x340>)
100037ba:	468b      	mov	fp, r1
100037bc:	900b      	str	r0, [sp, #44]	@ 0x2c
100037be:	601a      	str	r2, [r3, #0]
100037c0:	2900      	cmp	r1, #0
100037c2:	d100      	bne.n	100037c6 <_vsnprintf+0x26>
100037c4:	e1bf      	b.n	10003b46 <_vsnprintf+0x3a6>
100037c6:	2300      	movs	r3, #0
100037c8:	7838      	ldrb	r0, [r7, #0]
100037ca:	4699      	mov	r9, r3
100037cc:	2800      	cmp	r0, #0
100037ce:	d100      	bne.n	100037d2 <_vsnprintf+0x32>
100037d0:	e1c1      	b.n	10003b56 <_vsnprintf+0x3b6>
100037d2:	4bc4      	ldr	r3, [pc, #784]	@ (10003ae4 <_vsnprintf+0x344>)
100037d4:	464c      	mov	r4, r9
100037d6:	9309      	str	r3, [sp, #36]	@ 0x24
100037d8:	4bc3      	ldr	r3, [pc, #780]	@ (10003ae8 <_vsnprintf+0x348>)
100037da:	930e      	str	r3, [sp, #56]	@ 0x38
100037dc:	465b      	mov	r3, fp
100037de:	930a      	str	r3, [sp, #40]	@ 0x28
100037e0:	e008      	b.n	100037f4 <_vsnprintf+0x54>
100037e2:	0022      	movs	r2, r4
100037e4:	4653      	mov	r3, sl
100037e6:	990a      	ldr	r1, [sp, #40]	@ 0x28
100037e8:	9d0b      	ldr	r5, [sp, #44]	@ 0x2c
100037ea:	47a8      	blx	r5
100037ec:	3401      	adds	r4, #1
100037ee:	7838      	ldrb	r0, [r7, #0]
100037f0:	2800      	cmp	r0, #0
100037f2:	d076      	beq.n	100038e2 <_vsnprintf+0x142>
100037f4:	3701      	adds	r7, #1
100037f6:	2825      	cmp	r0, #37	@ 0x25
100037f8:	d1f3      	bne.n	100037e2 <_vsnprintf+0x42>
100037fa:	2310      	movs	r3, #16
100037fc:	469b      	mov	fp, r3
100037fe:	3b08      	subs	r3, #8
10003800:	4699      	mov	r9, r3
10003802:	3b04      	subs	r3, #4
10003804:	4698      	mov	r8, r3
10003806:	3b03      	subs	r3, #3
10003808:	2600      	movs	r6, #0
1000380a:	2502      	movs	r5, #2
1000380c:	469c      	mov	ip, r3
1000380e:	7838      	ldrb	r0, [r7, #0]
10003810:	1c79      	adds	r1, r7, #1
10003812:	0003      	movs	r3, r0
10003814:	3b20      	subs	r3, #32
10003816:	b2db      	uxtb	r3, r3
10003818:	2b10      	cmp	r3, #16
1000381a:	d803      	bhi.n	10003824 <_vsnprintf+0x84>
1000381c:	9a09      	ldr	r2, [sp, #36]	@ 0x24
1000381e:	009b      	lsls	r3, r3, #2
10003820:	58d3      	ldr	r3, [r2, r3]
10003822:	469f      	mov	pc, r3
10003824:	0003      	movs	r3, r0
10003826:	3b30      	subs	r3, #48	@ 0x30
10003828:	2b09      	cmp	r3, #9
1000382a:	d936      	bls.n	1000389a <_vsnprintf+0xfa>
1000382c:	2500      	movs	r5, #0
1000382e:	282a      	cmp	r0, #42	@ 0x2a
10003830:	d100      	bne.n	10003834 <_vsnprintf+0x94>
10003832:	e0a7      	b.n	10003984 <_vsnprintf+0x1e4>
10003834:	2300      	movs	r3, #0
10003836:	930d      	str	r3, [sp, #52]	@ 0x34
10003838:	282e      	cmp	r0, #46	@ 0x2e
1000383a:	d03f      	beq.n	100038bc <_vsnprintf+0x11c>
1000383c:	0003      	movs	r3, r0
1000383e:	3b68      	subs	r3, #104	@ 0x68
10003840:	b2db      	uxtb	r3, r3
10003842:	2b12      	cmp	r3, #18
10003844:	d81b      	bhi.n	1000387e <_vsnprintf+0xde>
10003846:	9a0e      	ldr	r2, [sp, #56]	@ 0x38
10003848:	009b      	lsls	r3, r3, #2
1000384a:	58d3      	ldr	r3, [r2, r3]
1000384c:	469f      	mov	pc, r3
1000384e:	4663      	mov	r3, ip
10003850:	000f      	movs	r7, r1
10003852:	431e      	orrs	r6, r3
10003854:	e7db      	b.n	1000380e <_vsnprintf+0x6e>
10003856:	000f      	movs	r7, r1
10003858:	432e      	orrs	r6, r5
1000385a:	e7d8      	b.n	1000380e <_vsnprintf+0x6e>
1000385c:	4643      	mov	r3, r8
1000385e:	000f      	movs	r7, r1
10003860:	431e      	orrs	r6, r3
10003862:	e7d4      	b.n	1000380e <_vsnprintf+0x6e>
10003864:	465b      	mov	r3, fp
10003866:	000f      	movs	r7, r1
10003868:	431e      	orrs	r6, r3
1000386a:	e7d0      	b.n	1000380e <_vsnprintf+0x6e>
1000386c:	464b      	mov	r3, r9
1000386e:	000f      	movs	r7, r1
10003870:	431e      	orrs	r6, r3
10003872:	e7cc      	b.n	1000380e <_vsnprintf+0x6e>
10003874:	2380      	movs	r3, #128	@ 0x80
10003876:	7878      	ldrb	r0, [r7, #1]
10003878:	005b      	lsls	r3, r3, #1
1000387a:	431e      	orrs	r6, r3
1000387c:	3101      	adds	r1, #1
1000387e:	000f      	movs	r7, r1
10003880:	2867      	cmp	r0, #103	@ 0x67
10003882:	d845      	bhi.n	10003910 <_vsnprintf+0x170>
10003884:	2824      	cmp	r0, #36	@ 0x24
10003886:	d9ac      	bls.n	100037e2 <_vsnprintf+0x42>
10003888:	0003      	movs	r3, r0
1000388a:	3b25      	subs	r3, #37	@ 0x25
1000388c:	b2db      	uxtb	r3, r3
1000388e:	2b42      	cmp	r3, #66	@ 0x42
10003890:	d8a7      	bhi.n	100037e2 <_vsnprintf+0x42>
10003892:	4996      	ldr	r1, [pc, #600]	@ (10003aec <_vsnprintf+0x34c>)
10003894:	009b      	lsls	r3, r3, #2
10003896:	58cb      	ldr	r3, [r1, r3]
10003898:	469f      	mov	pc, r3
1000389a:	2500      	movs	r5, #0
1000389c:	00ab      	lsls	r3, r5, #2
1000389e:	195d      	adds	r5, r3, r5
100038a0:	006d      	lsls	r5, r5, #1
100038a2:	182d      	adds	r5, r5, r0
100038a4:	7808      	ldrb	r0, [r1, #0]
100038a6:	000f      	movs	r7, r1
100038a8:	0003      	movs	r3, r0
100038aa:	3b30      	subs	r3, #48	@ 0x30
100038ac:	3d30      	subs	r5, #48	@ 0x30
100038ae:	3101      	adds	r1, #1
100038b0:	2b09      	cmp	r3, #9
100038b2:	d9f3      	bls.n	1000389c <_vsnprintf+0xfc>
100038b4:	2300      	movs	r3, #0
100038b6:	930d      	str	r3, [sp, #52]	@ 0x34
100038b8:	282e      	cmp	r0, #46	@ 0x2e
100038ba:	d1bf      	bne.n	1000383c <_vsnprintf+0x9c>
100038bc:	2230      	movs	r2, #48	@ 0x30
100038be:	2080      	movs	r0, #128	@ 0x80
100038c0:	4252      	negs	r2, r2
100038c2:	4690      	mov	r8, r2
100038c4:	00c0      	lsls	r0, r0, #3
100038c6:	4306      	orrs	r6, r0
100038c8:	7878      	ldrb	r0, [r7, #1]
100038ca:	000b      	movs	r3, r1
100038cc:	4480      	add	r8, r0
100038ce:	4642      	mov	r2, r8
100038d0:	2a09      	cmp	r2, #9
100038d2:	d800      	bhi.n	100038d6 <_vsnprintf+0x136>
100038d4:	e151      	b.n	10003b7a <_vsnprintf+0x3da>
100038d6:	282a      	cmp	r0, #42	@ 0x2a
100038d8:	d100      	bne.n	100038dc <_vsnprintf+0x13c>
100038da:	e15e      	b.n	10003b9a <_vsnprintf+0x3fa>
100038dc:	000f      	movs	r7, r1
100038de:	3101      	adds	r1, #1
100038e0:	e7ac      	b.n	1000383c <_vsnprintf+0x9c>
100038e2:	9b0a      	ldr	r3, [sp, #40]	@ 0x28
100038e4:	46a1      	mov	r9, r4
100038e6:	469b      	mov	fp, r3
100038e8:	45ca      	cmp	sl, r9
100038ea:	d803      	bhi.n	100038f4 <_vsnprintf+0x154>
100038ec:	2301      	movs	r3, #1
100038ee:	425b      	negs	r3, r3
100038f0:	4453      	add	r3, sl
100038f2:	4699      	mov	r9, r3
100038f4:	4653      	mov	r3, sl
100038f6:	464a      	mov	r2, r9
100038f8:	4659      	mov	r1, fp
100038fa:	2000      	movs	r0, #0
100038fc:	9d0b      	ldr	r5, [sp, #44]	@ 0x2c
100038fe:	47a8      	blx	r5
10003900:	0020      	movs	r0, r4
10003902:	b023      	add	sp, #140	@ 0x8c
10003904:	bcf0      	pop	{r4, r5, r6, r7}
10003906:	46bb      	mov	fp, r7
10003908:	46b2      	mov	sl, r6
1000390a:	46a9      	mov	r9, r5
1000390c:	46a0      	mov	r8, r4
1000390e:	bdf0      	pop	{r4, r5, r6, r7, pc}
10003910:	0003      	movs	r3, r0
10003912:	3b69      	subs	r3, #105	@ 0x69
10003914:	b2db      	uxtb	r3, r3
10003916:	2b0f      	cmp	r3, #15
10003918:	d900      	bls.n	1000391c <_vsnprintf+0x17c>
1000391a:	e762      	b.n	100037e2 <_vsnprintf+0x42>
1000391c:	2101      	movs	r1, #1
1000391e:	4099      	lsls	r1, r3
10003920:	4688      	mov	r8, r1
10003922:	4a73      	ldr	r2, [pc, #460]	@ (10003af0 <_vsnprintf+0x350>)
10003924:	4011      	ands	r1, r2
10003926:	468b      	mov	fp, r1
10003928:	0011      	movs	r1, r2
1000392a:	4642      	mov	r2, r8
1000392c:	420a      	tst	r2, r1
1000392e:	d000      	beq.n	10003932 <_vsnprintf+0x192>
10003930:	e113      	b.n	10003b5a <_vsnprintf+0x3ba>
10003932:	2b0a      	cmp	r3, #10
10003934:	d02f      	beq.n	10003996 <_vsnprintf+0x1f6>
10003936:	2b07      	cmp	r3, #7
10003938:	d000      	beq.n	1000393c <_vsnprintf+0x19c>
1000393a:	e752      	b.n	100037e2 <_vsnprintf+0x42>
1000393c:	9d0c      	ldr	r5, [sp, #48]	@ 0x30
1000393e:	cd01      	ldmia	r5!, {r0}
10003940:	2800      	cmp	r0, #0
10003942:	d100      	bne.n	10003946 <_vsnprintf+0x1a6>
10003944:	e134      	b.n	10003bb0 <_vsnprintf+0x410>
10003946:	2321      	movs	r3, #33	@ 0x21
10003948:	431e      	orrs	r6, r3
1000394a:	46b0      	mov	r8, r6
1000394c:	261f      	movs	r6, #31
1000394e:	9a0d      	ldr	r2, [sp, #52]	@ 0x34
10003950:	ab12      	add	r3, sp, #72	@ 0x48
10003952:	18f6      	adds	r6, r6, r3
10003954:	46a1      	mov	r9, r4
10003956:	4694      	mov	ip, r2
10003958:	4659      	mov	r1, fp
1000395a:	0034      	movs	r4, r6
1000395c:	e002      	b.n	10003964 <_vsnprintf+0x1c4>
1000395e:	0900      	lsrs	r0, r0, #4
10003960:	2920      	cmp	r1, #32
10003962:	d00a      	beq.n	1000397a <_vsnprintf+0x1da>
10003964:	260f      	movs	r6, #15
10003966:	4006      	ands	r6, r0
10003968:	0032      	movs	r2, r6
1000396a:	3237      	adds	r2, #55	@ 0x37
1000396c:	2e09      	cmp	r6, #9
1000396e:	d800      	bhi.n	10003972 <_vsnprintf+0x1d2>
10003970:	3a07      	subs	r2, #7
10003972:	3101      	adds	r1, #1
10003974:	5462      	strb	r2, [r4, r1]
10003976:	280f      	cmp	r0, #15
10003978:	d8f1      	bhi.n	1000395e <_vsnprintf+0x1be>
1000397a:	4663      	mov	r3, ip
1000397c:	464c      	mov	r4, r9
1000397e:	468b      	mov	fp, r1
10003980:	930d      	str	r3, [sp, #52]	@ 0x34
10003982:	e122      	b.n	10003bca <_vsnprintf+0x42a>
10003984:	9b0c      	ldr	r3, [sp, #48]	@ 0x30
10003986:	cb20      	ldmia	r3!, {r5}
10003988:	2d00      	cmp	r5, #0
1000398a:	db52      	blt.n	10003a32 <_vsnprintf+0x292>
1000398c:	7878      	ldrb	r0, [r7, #1]
1000398e:	930c      	str	r3, [sp, #48]	@ 0x30
10003990:	000f      	movs	r7, r1
10003992:	3101      	adds	r1, #1
10003994:	e74e      	b.n	10003834 <_vsnprintf+0x94>
10003996:	9b0c      	ldr	r3, [sp, #48]	@ 0x30
10003998:	990d      	ldr	r1, [sp, #52]	@ 0x34
1000399a:	cb04      	ldmia	r3!, {r2}
1000399c:	4690      	mov	r8, r2
1000399e:	469b      	mov	fp, r3
100039a0:	2900      	cmp	r1, #0
100039a2:	d100      	bne.n	100039a6 <_vsnprintf+0x206>
100039a4:	e128      	b.n	10003bf8 <_vsnprintf+0x458>
100039a6:	4643      	mov	r3, r8
100039a8:	7818      	ldrb	r0, [r3, #0]
100039aa:	4441      	add	r1, r8
100039ac:	2800      	cmp	r0, #0
100039ae:	d101      	bne.n	100039b4 <_vsnprintf+0x214>
100039b0:	f000 fc29 	bl	10004206 <_vsnprintf+0xa66>
100039b4:	9a0d      	ldr	r2, [sp, #52]	@ 0x34
100039b6:	4694      	mov	ip, r2
100039b8:	000a      	movs	r2, r1
100039ba:	e004      	b.n	100039c6 <_vsnprintf+0x226>
100039bc:	7859      	ldrb	r1, [r3, #1]
100039be:	3301      	adds	r3, #1
100039c0:	2900      	cmp	r1, #0
100039c2:	d100      	bne.n	100039c6 <_vsnprintf+0x226>
100039c4:	e195      	b.n	10003cf2 <_vsnprintf+0x552>
100039c6:	429a      	cmp	r2, r3
100039c8:	d1f8      	bne.n	100039bc <_vsnprintf+0x21c>
100039ca:	4663      	mov	r3, ip
100039cc:	930d      	str	r3, [sp, #52]	@ 0x34
100039ce:	4643      	mov	r3, r8
100039d0:	1ad3      	subs	r3, r2, r3
100039d2:	930f      	str	r3, [sp, #60]	@ 0x3c
100039d4:	0573      	lsls	r3, r6, #21
100039d6:	d400      	bmi.n	100039da <_vsnprintf+0x23a>
100039d8:	e16c      	b.n	10003cb4 <_vsnprintf+0x514>
100039da:	9b0f      	ldr	r3, [sp, #60]	@ 0x3c
100039dc:	9a0d      	ldr	r2, [sp, #52]	@ 0x34
100039de:	4293      	cmp	r3, r2
100039e0:	d900      	bls.n	100039e4 <_vsnprintf+0x244>
100039e2:	920f      	str	r2, [sp, #60]	@ 0x3c
100039e4:	2302      	movs	r3, #2
100039e6:	001a      	movs	r2, r3
100039e8:	4032      	ands	r2, r6
100039ea:	920c      	str	r2, [sp, #48]	@ 0x30
100039ec:	4233      	tst	r3, r6
100039ee:	d100      	bne.n	100039f2 <_vsnprintf+0x252>
100039f0:	e291      	b.n	10003f16 <_vsnprintf+0x776>
100039f2:	930c      	str	r3, [sp, #48]	@ 0x30
100039f4:	9b0d      	ldr	r3, [sp, #52]	@ 0x34
100039f6:	46b9      	mov	r9, r7
100039f8:	191e      	adds	r6, r3, r4
100039fa:	4643      	mov	r3, r8
100039fc:	1b1b      	subs	r3, r3, r4
100039fe:	46a8      	mov	r8, r5
10003a00:	0022      	movs	r2, r4
10003a02:	001f      	movs	r7, r3
10003a04:	9d0b      	ldr	r5, [sp, #44]	@ 0x2c
10003a06:	e008      	b.n	10003a1a <_vsnprintf+0x27a>
10003a08:	1c54      	adds	r4, r2, #1
10003a0a:	4653      	mov	r3, sl
10003a0c:	990a      	ldr	r1, [sp, #40]	@ 0x28
10003a0e:	47a8      	blx	r5
10003a10:	5d38      	ldrb	r0, [r7, r4]
10003a12:	2800      	cmp	r0, #0
10003a14:	d100      	bne.n	10003a18 <_vsnprintf+0x278>
10003a16:	e163      	b.n	10003ce0 <_vsnprintf+0x540>
10003a18:	0022      	movs	r2, r4
10003a1a:	4296      	cmp	r6, r2
10003a1c:	d1f4      	bne.n	10003a08 <_vsnprintf+0x268>
10003a1e:	4645      	mov	r5, r8
10003a20:	464f      	mov	r7, r9
10003a22:	0034      	movs	r4, r6
10003a24:	9b0c      	ldr	r3, [sp, #48]	@ 0x30
10003a26:	2b00      	cmp	r3, #0
10003a28:	d000      	beq.n	10003a2c <_vsnprintf+0x28c>
10003a2a:	e197      	b.n	10003d5c <_vsnprintf+0x5bc>
10003a2c:	465b      	mov	r3, fp
10003a2e:	930c      	str	r3, [sp, #48]	@ 0x30
10003a30:	e6dd      	b.n	100037ee <_vsnprintf+0x4e>
10003a32:	2202      	movs	r2, #2
10003a34:	7878      	ldrb	r0, [r7, #1]
10003a36:	4316      	orrs	r6, r2
10003a38:	000f      	movs	r7, r1
10003a3a:	426d      	negs	r5, r5
10003a3c:	930c      	str	r3, [sp, #48]	@ 0x30
10003a3e:	3101      	adds	r1, #1
10003a40:	e6f8      	b.n	10003834 <_vsnprintf+0x94>
10003a42:	7878      	ldrb	r0, [r7, #1]
10003a44:	286c      	cmp	r0, #108	@ 0x6c
10003a46:	d100      	bne.n	10003a4a <_vsnprintf+0x2aa>
10003a48:	e159      	b.n	10003cfe <_vsnprintf+0x55e>
10003a4a:	2380      	movs	r3, #128	@ 0x80
10003a4c:	005b      	lsls	r3, r3, #1
10003a4e:	431e      	orrs	r6, r3
10003a50:	3101      	adds	r1, #1
10003a52:	e714      	b.n	1000387e <_vsnprintf+0xde>
10003a54:	2380      	movs	r3, #128	@ 0x80
10003a56:	009b      	lsls	r3, r3, #2
10003a58:	7878      	ldrb	r0, [r7, #1]
10003a5a:	431e      	orrs	r6, r3
10003a5c:	3101      	adds	r1, #1
10003a5e:	e70e      	b.n	1000387e <_vsnprintf+0xde>
10003a60:	7878      	ldrb	r0, [r7, #1]
10003a62:	2868      	cmp	r0, #104	@ 0x68
10003a64:	d100      	bne.n	10003a68 <_vsnprintf+0x2c8>
10003a66:	e150      	b.n	10003d0a <_vsnprintf+0x56a>
10003a68:	2380      	movs	r3, #128	@ 0x80
10003a6a:	3101      	adds	r1, #1
10003a6c:	431e      	orrs	r6, r3
10003a6e:	e706      	b.n	1000387e <_vsnprintf+0xde>
10003a70:	2867      	cmp	r0, #103	@ 0x67
10003a72:	d100      	bne.n	10003a76 <_vsnprintf+0x2d6>
10003a74:	e0c2      	b.n	10003bfc <_vsnprintf+0x45c>
10003a76:	2847      	cmp	r0, #71	@ 0x47
10003a78:	d100      	bne.n	10003a7c <_vsnprintf+0x2dc>
10003a7a:	e134      	b.n	10003ce6 <_vsnprintf+0x546>
10003a7c:	2845      	cmp	r0, #69	@ 0x45
10003a7e:	d100      	bne.n	10003a82 <_vsnprintf+0x2e2>
10003a80:	e134      	b.n	10003cec <_vsnprintf+0x54c>
10003a82:	2107      	movs	r1, #7
10003a84:	9b0c      	ldr	r3, [sp, #48]	@ 0x30
10003a86:	9a0d      	ldr	r2, [sp, #52]	@ 0x34
10003a88:	3307      	adds	r3, #7
10003a8a:	438b      	bics	r3, r1
10003a8c:	0019      	movs	r1, r3
10003a8e:	9604      	str	r6, [sp, #16]
10003a90:	9503      	str	r5, [sp, #12]
10003a92:	9202      	str	r2, [sp, #8]
10003a94:	c90c      	ldmia	r1!, {r2, r3}
10003a96:	980b      	ldr	r0, [sp, #44]	@ 0x2c
10003a98:	9200      	str	r2, [sp, #0]
10003a9a:	9301      	str	r3, [sp, #4]
10003a9c:	910c      	str	r1, [sp, #48]	@ 0x30
10003a9e:	0022      	movs	r2, r4
10003aa0:	4653      	mov	r3, sl
10003aa2:	990a      	ldr	r1, [sp, #40]	@ 0x28
10003aa4:	f7ff fbcc 	bl	10003240 <_etoa>
10003aa8:	0004      	movs	r4, r0
10003aaa:	e6a0      	b.n	100037ee <_vsnprintf+0x4e>
10003aac:	2846      	cmp	r0, #70	@ 0x46
10003aae:	d100      	bne.n	10003ab2 <_vsnprintf+0x312>
10003ab0:	e0a8      	b.n	10003c04 <_vsnprintf+0x464>
10003ab2:	2107      	movs	r1, #7
10003ab4:	9b0c      	ldr	r3, [sp, #48]	@ 0x30
10003ab6:	9a0d      	ldr	r2, [sp, #52]	@ 0x34
10003ab8:	3307      	adds	r3, #7
10003aba:	438b      	bics	r3, r1
10003abc:	0019      	movs	r1, r3
10003abe:	9604      	str	r6, [sp, #16]
10003ac0:	9503      	str	r5, [sp, #12]
10003ac2:	9202      	str	r2, [sp, #8]
10003ac4:	c90c      	ldmia	r1!, {r2, r3}
10003ac6:	980b      	ldr	r0, [sp, #44]	@ 0x2c
10003ac8:	9200      	str	r2, [sp, #0]
10003aca:	9301      	str	r3, [sp, #4]
10003acc:	910c      	str	r1, [sp, #48]	@ 0x30
10003ace:	0022      	movs	r2, r4
10003ad0:	4653      	mov	r3, sl
10003ad2:	990a      	ldr	r1, [sp, #40]	@ 0x28
10003ad4:	f7ff f97a 	bl	10002dcc <_ftoa>
10003ad8:	0004      	movs	r4, r0
10003ada:	e688      	b.n	100037ee <_vsnprintf+0x4e>
10003adc:	100037a1 	.word	0x100037a1
10003ae0:	20001bfc 	.word	0x20001bfc
10003ae4:	10006cf0 	.word	0x10006cf0
10003ae8:	10006d34 	.word	0x10006d34
10003aec:	10006d80 	.word	0x10006d80
10003af0:	00009041 	.word	0x00009041
10003af4:	0022      	movs	r2, r4
10003af6:	4653      	mov	r3, sl
10003af8:	2025      	movs	r0, #37	@ 0x25
10003afa:	990a      	ldr	r1, [sp, #40]	@ 0x28
10003afc:	9d0b      	ldr	r5, [sp, #44]	@ 0x2c
10003afe:	47a8      	blx	r5
10003b00:	3401      	adds	r4, #1
10003b02:	e674      	b.n	100037ee <_vsnprintf+0x4e>
10003b04:	9b0c      	ldr	r3, [sp, #48]	@ 0x30
10003b06:	3304      	adds	r3, #4
10003b08:	469b      	mov	fp, r3
10003b0a:	1c63      	adds	r3, r4, #1
10003b0c:	4698      	mov	r8, r3
10003b0e:	07b6      	lsls	r6, r6, #30
10003b10:	d400      	bmi.n	10003b14 <_vsnprintf+0x374>
10003b12:	e0ff      	b.n	10003d14 <_vsnprintf+0x574>
10003b14:	9b0c      	ldr	r3, [sp, #48]	@ 0x30
10003b16:	0022      	movs	r2, r4
10003b18:	7818      	ldrb	r0, [r3, #0]
10003b1a:	990a      	ldr	r1, [sp, #40]	@ 0x28
10003b1c:	4653      	mov	r3, sl
10003b1e:	9e0b      	ldr	r6, [sp, #44]	@ 0x2c
10003b20:	47b0      	blx	r6
10003b22:	1964      	adds	r4, r4, r5
10003b24:	2d01      	cmp	r5, #1
10003b26:	d800      	bhi.n	10003b2a <_vsnprintf+0x38a>
10003b28:	e249      	b.n	10003fbe <_vsnprintf+0x81e>
10003b2a:	4645      	mov	r5, r8
10003b2c:	9e0b      	ldr	r6, [sp, #44]	@ 0x2c
10003b2e:	46b8      	mov	r8, r7
10003b30:	9f0a      	ldr	r7, [sp, #40]	@ 0x28
10003b32:	002a      	movs	r2, r5
10003b34:	4653      	mov	r3, sl
10003b36:	3501      	adds	r5, #1
10003b38:	0039      	movs	r1, r7
10003b3a:	2020      	movs	r0, #32
10003b3c:	47b0      	blx	r6
10003b3e:	42a5      	cmp	r5, r4
10003b40:	d1f7      	bne.n	10003b32 <_vsnprintf+0x392>
10003b42:	4647      	mov	r7, r8
10003b44:	e772      	b.n	10003a2c <_vsnprintf+0x28c>
10003b46:	4bdb      	ldr	r3, [pc, #876]	@ (10003eb4 <_vsnprintf+0x714>)
10003b48:	7838      	ldrb	r0, [r7, #0]
10003b4a:	930b      	str	r3, [sp, #44]	@ 0x2c
10003b4c:	2300      	movs	r3, #0
10003b4e:	4699      	mov	r9, r3
10003b50:	2800      	cmp	r0, #0
10003b52:	d000      	beq.n	10003b56 <_vsnprintf+0x3b6>
10003b54:	e63d      	b.n	100037d2 <_vsnprintf+0x32>
10003b56:	2400      	movs	r4, #0
10003b58:	e6c6      	b.n	100038e8 <_vsnprintf+0x148>
10003b5a:	286f      	cmp	r0, #111	@ 0x6f
10003b5c:	d055      	beq.n	10003c0a <_vsnprintf+0x46a>
10003b5e:	d800      	bhi.n	10003b62 <_vsnprintf+0x3c2>
10003b60:	e2bc      	b.n	100040dc <_vsnprintf+0x93c>
10003b62:	2310      	movs	r3, #16
10003b64:	2878      	cmp	r0, #120	@ 0x78
10003b66:	d100      	bne.n	10003b6a <_vsnprintf+0x3ca>
10003b68:	e09e      	b.n	10003ca8 <_vsnprintf+0x508>
10003b6a:	439e      	bics	r6, r3
10003b6c:	230a      	movs	r3, #10
10003b6e:	469c      	mov	ip, r3
10003b70:	2300      	movs	r3, #0
10003b72:	930f      	str	r3, [sp, #60]	@ 0x3c
10003b74:	330a      	adds	r3, #10
10003b76:	469b      	mov	fp, r3
10003b78:	e04d      	b.n	10003c16 <_vsnprintf+0x476>
10003b7a:	2100      	movs	r1, #0
10003b7c:	008a      	lsls	r2, r1, #2
10003b7e:	1852      	adds	r2, r2, r1
10003b80:	0052      	lsls	r2, r2, #1
10003b82:	3301      	adds	r3, #1
10003b84:	1811      	adds	r1, r2, r0
10003b86:	7818      	ldrb	r0, [r3, #0]
10003b88:	3930      	subs	r1, #48	@ 0x30
10003b8a:	0002      	movs	r2, r0
10003b8c:	3a30      	subs	r2, #48	@ 0x30
10003b8e:	2a09      	cmp	r2, #9
10003b90:	d9f4      	bls.n	10003b7c <_vsnprintf+0x3dc>
10003b92:	910d      	str	r1, [sp, #52]	@ 0x34
10003b94:	001f      	movs	r7, r3
10003b96:	1c59      	adds	r1, r3, #1
10003b98:	e650      	b.n	1000383c <_vsnprintf+0x9c>
10003b9a:	9b0c      	ldr	r3, [sp, #48]	@ 0x30
10003b9c:	78b8      	ldrb	r0, [r7, #2]
10003b9e:	cb04      	ldmia	r3!, {r2}
10003ba0:	3702      	adds	r7, #2
10003ba2:	43d1      	mvns	r1, r2
10003ba4:	17c9      	asrs	r1, r1, #31
10003ba6:	400a      	ands	r2, r1
10003ba8:	920d      	str	r2, [sp, #52]	@ 0x34
10003baa:	930c      	str	r3, [sp, #48]	@ 0x30
10003bac:	1c79      	adds	r1, r7, #1
10003bae:	e645      	b.n	1000383c <_vsnprintf+0x9c>
10003bb0:	2310      	movs	r3, #16
10003bb2:	0030      	movs	r0, r6
10003bb4:	4398      	bics	r0, r3
10003bb6:	3311      	adds	r3, #17
10003bb8:	4318      	orrs	r0, r3
10003bba:	2380      	movs	r3, #128	@ 0x80
10003bbc:	4680      	mov	r8, r0
10003bbe:	0030      	movs	r0, r6
10003bc0:	00db      	lsls	r3, r3, #3
10003bc2:	4018      	ands	r0, r3
10003bc4:	421e      	tst	r6, r3
10003bc6:	d100      	bne.n	10003bca <_vsnprintf+0x42a>
10003bc8:	e6c0      	b.n	1000394c <_vsnprintf+0x1ac>
10003bca:	4643      	mov	r3, r8
10003bcc:	9306      	str	r3, [sp, #24]
10003bce:	2308      	movs	r3, #8
10003bd0:	9305      	str	r3, [sp, #20]
10003bd2:	9b0d      	ldr	r3, [sp, #52]	@ 0x34
10003bd4:	0022      	movs	r2, r4
10003bd6:	9304      	str	r3, [sp, #16]
10003bd8:	2310      	movs	r3, #16
10003bda:	9303      	str	r3, [sp, #12]
10003bdc:	2300      	movs	r3, #0
10003bde:	9302      	str	r3, [sp, #8]
10003be0:	465b      	mov	r3, fp
10003be2:	9301      	str	r3, [sp, #4]
10003be4:	ab1a      	add	r3, sp, #104	@ 0x68
10003be6:	9300      	str	r3, [sp, #0]
10003be8:	990a      	ldr	r1, [sp, #40]	@ 0x28
10003bea:	4653      	mov	r3, sl
10003bec:	980b      	ldr	r0, [sp, #44]	@ 0x2c
10003bee:	f7fe fff1 	bl	10002bd4 <_ntoa_format>
10003bf2:	950c      	str	r5, [sp, #48]	@ 0x30
10003bf4:	0004      	movs	r4, r0
10003bf6:	e5fa      	b.n	100037ee <_vsnprintf+0x4e>
10003bf8:	3901      	subs	r1, #1
10003bfa:	e6d4      	b.n	100039a6 <_vsnprintf+0x206>
10003bfc:	2380      	movs	r3, #128	@ 0x80
10003bfe:	011b      	lsls	r3, r3, #4
10003c00:	431e      	orrs	r6, r3
10003c02:	e73e      	b.n	10003a82 <_vsnprintf+0x2e2>
10003c04:	2320      	movs	r3, #32
10003c06:	431e      	orrs	r6, r3
10003c08:	e753      	b.n	10003ab2 <_vsnprintf+0x312>
10003c0a:	2308      	movs	r3, #8
10003c0c:	469c      	mov	ip, r3
10003c0e:	2300      	movs	r3, #0
10003c10:	930f      	str	r3, [sp, #60]	@ 0x3c
10003c12:	3308      	adds	r3, #8
10003c14:	469b      	mov	fp, r3
10003c16:	2380      	movs	r3, #128	@ 0x80
10003c18:	0030      	movs	r0, r6
10003c1a:	00db      	lsls	r3, r3, #3
10003c1c:	4018      	ands	r0, r3
10003c1e:	421e      	tst	r6, r3
10003c20:	d100      	bne.n	10003c24 <_vsnprintf+0x484>
10003c22:	e11a      	b.n	10003e5a <_vsnprintf+0x6ba>
10003c24:	230d      	movs	r3, #13
10003c26:	0031      	movs	r1, r6
10003c28:	4399      	bics	r1, r3
10003c2a:	2380      	movs	r3, #128	@ 0x80
10003c2c:	000a      	movs	r2, r1
10003c2e:	009b      	lsls	r3, r3, #2
10003c30:	401a      	ands	r2, r3
10003c32:	4691      	mov	r9, r2
10003c34:	4219      	tst	r1, r3
10003c36:	d000      	beq.n	10003c3a <_vsnprintf+0x49a>
10003c38:	e1c3      	b.n	10003fc2 <_vsnprintf+0x822>
10003c3a:	2380      	movs	r3, #128	@ 0x80
10003c3c:	000a      	movs	r2, r1
10003c3e:	005b      	lsls	r3, r3, #1
10003c40:	401a      	ands	r2, r3
10003c42:	4690      	mov	r8, r2
10003c44:	9a0c      	ldr	r2, [sp, #48]	@ 0x30
10003c46:	3204      	adds	r2, #4
10003c48:	920f      	str	r2, [sp, #60]	@ 0x3c
10003c4a:	4219      	tst	r1, r3
10003c4c:	d000      	beq.n	10003c50 <_vsnprintf+0x4b0>
10003c4e:	e28f      	b.n	10004170 <_vsnprintf+0x9d0>
10003c50:	064b      	lsls	r3, r1, #25
10003c52:	d500      	bpl.n	10003c56 <_vsnprintf+0x4b6>
10003c54:	e197      	b.n	10003f86 <_vsnprintf+0x7e6>
10003c56:	060b      	lsls	r3, r1, #24
10003c58:	d400      	bmi.n	10003c5c <_vsnprintf+0x4bc>
10003c5a:	e2e5      	b.n	10004228 <_vsnprintf+0xa88>
10003c5c:	9b0c      	ldr	r3, [sp, #48]	@ 0x30
10003c5e:	881b      	ldrh	r3, [r3, #0]
10003c60:	4699      	mov	r9, r3
10003c62:	464b      	mov	r3, r9
10003c64:	2b00      	cmp	r3, #0
10003c66:	d000      	beq.n	10003c6a <_vsnprintf+0x4ca>
10003c68:	e205      	b.n	10004076 <_vsnprintf+0x8d6>
10003c6a:	3310      	adds	r3, #16
10003c6c:	4399      	bics	r1, r3
10003c6e:	2800      	cmp	r0, #0
10003c70:	d100      	bne.n	10003c74 <_vsnprintf+0x4d4>
10003c72:	e200      	b.n	10004076 <_vsnprintf+0x8d6>
10003c74:	2300      	movs	r3, #0
10003c76:	4698      	mov	r8, r3
10003c78:	9b0d      	ldr	r3, [sp, #52]	@ 0x34
10003c7a:	9106      	str	r1, [sp, #24]
10003c7c:	9304      	str	r3, [sp, #16]
10003c7e:	465b      	mov	r3, fp
10003c80:	9303      	str	r3, [sp, #12]
10003c82:	2300      	movs	r3, #0
10003c84:	9505      	str	r5, [sp, #20]
10003c86:	9302      	str	r3, [sp, #8]
10003c88:	4643      	mov	r3, r8
10003c8a:	e0d9      	b.n	10003e40 <_vsnprintf+0x6a0>
10003c8c:	2858      	cmp	r0, #88	@ 0x58
10003c8e:	d008      	beq.n	10003ca2 <_vsnprintf+0x502>
10003c90:	2862      	cmp	r0, #98	@ 0x62
10003c92:	d178      	bne.n	10003d86 <_vsnprintf+0x5e6>
10003c94:	2302      	movs	r3, #2
10003c96:	469c      	mov	ip, r3
10003c98:	2300      	movs	r3, #0
10003c9a:	930f      	str	r3, [sp, #60]	@ 0x3c
10003c9c:	3302      	adds	r3, #2
10003c9e:	469b      	mov	fp, r3
10003ca0:	e7b9      	b.n	10003c16 <_vsnprintf+0x476>
10003ca2:	2320      	movs	r3, #32
10003ca4:	431e      	orrs	r6, r3
10003ca6:	3b10      	subs	r3, #16
10003ca8:	469c      	mov	ip, r3
10003caa:	2300      	movs	r3, #0
10003cac:	930f      	str	r3, [sp, #60]	@ 0x3c
10003cae:	3310      	adds	r3, #16
10003cb0:	469b      	mov	fp, r3
10003cb2:	e7b0      	b.n	10003c16 <_vsnprintf+0x476>
10003cb4:	2302      	movs	r3, #2
10003cb6:	001a      	movs	r2, r3
10003cb8:	4032      	ands	r2, r6
10003cba:	920c      	str	r2, [sp, #48]	@ 0x30
10003cbc:	4233      	tst	r3, r6
10003cbe:	d100      	bne.n	10003cc2 <_vsnprintf+0x522>
10003cc0:	e205      	b.n	100040ce <_vsnprintf+0x92e>
10003cc2:	930c      	str	r3, [sp, #48]	@ 0x30
10003cc4:	4643      	mov	r3, r8
10003cc6:	46b9      	mov	r9, r7
10003cc8:	9e0b      	ldr	r6, [sp, #44]	@ 0x2c
10003cca:	9f0a      	ldr	r7, [sp, #40]	@ 0x28
10003ccc:	46a8      	mov	r8, r5
10003cce:	1b1d      	subs	r5, r3, r4
10003cd0:	0022      	movs	r2, r4
10003cd2:	4653      	mov	r3, sl
10003cd4:	0039      	movs	r1, r7
10003cd6:	3401      	adds	r4, #1
10003cd8:	47b0      	blx	r6
10003cda:	5d28      	ldrb	r0, [r5, r4]
10003cdc:	2800      	cmp	r0, #0
10003cde:	d1f7      	bne.n	10003cd0 <_vsnprintf+0x530>
10003ce0:	4645      	mov	r5, r8
10003ce2:	464f      	mov	r7, r9
10003ce4:	e69e      	b.n	10003a24 <_vsnprintf+0x284>
10003ce6:	2380      	movs	r3, #128	@ 0x80
10003ce8:	011b      	lsls	r3, r3, #4
10003cea:	431e      	orrs	r6, r3
10003cec:	2320      	movs	r3, #32
10003cee:	431e      	orrs	r6, r3
10003cf0:	e6c7      	b.n	10003a82 <_vsnprintf+0x2e2>
10003cf2:	4662      	mov	r2, ip
10003cf4:	920d      	str	r2, [sp, #52]	@ 0x34
10003cf6:	4642      	mov	r2, r8
10003cf8:	1a9b      	subs	r3, r3, r2
10003cfa:	930f      	str	r3, [sp, #60]	@ 0x3c
10003cfc:	e66a      	b.n	100039d4 <_vsnprintf+0x234>
10003cfe:	23c0      	movs	r3, #192	@ 0xc0
10003d00:	009b      	lsls	r3, r3, #2
10003d02:	78b8      	ldrb	r0, [r7, #2]
10003d04:	431e      	orrs	r6, r3
10003d06:	1cf9      	adds	r1, r7, #3
10003d08:	e5b9      	b.n	1000387e <_vsnprintf+0xde>
10003d0a:	23c0      	movs	r3, #192	@ 0xc0
10003d0c:	78b8      	ldrb	r0, [r7, #2]
10003d0e:	431e      	orrs	r6, r3
10003d10:	1cf9      	adds	r1, r7, #3
10003d12:	e5b4      	b.n	1000387e <_vsnprintf+0xde>
10003d14:	2d01      	cmp	r5, #1
10003d16:	d800      	bhi.n	10003d1a <_vsnprintf+0x57a>
10003d18:	e14a      	b.n	10003fb0 <_vsnprintf+0x810>
10003d1a:	1e63      	subs	r3, r4, #1
10003d1c:	4699      	mov	r9, r3
10003d1e:	44a9      	add	r9, r5
10003d20:	464b      	mov	r3, r9
10003d22:	4652      	mov	r2, sl
10003d24:	0026      	movs	r6, r4
10003d26:	46a1      	mov	r9, r4
10003d28:	46ba      	mov	sl, r7
10003d2a:	001c      	movs	r4, r3
10003d2c:	0017      	movs	r7, r2
10003d2e:	46a8      	mov	r8, r5
10003d30:	9d0b      	ldr	r5, [sp, #44]	@ 0x2c
10003d32:	0032      	movs	r2, r6
10003d34:	003b      	movs	r3, r7
10003d36:	3601      	adds	r6, #1
10003d38:	2020      	movs	r0, #32
10003d3a:	990a      	ldr	r1, [sp, #40]	@ 0x28
10003d3c:	47a8      	blx	r5
10003d3e:	42a6      	cmp	r6, r4
10003d40:	d1f7      	bne.n	10003d32 <_vsnprintf+0x592>
10003d42:	003b      	movs	r3, r7
10003d44:	4657      	mov	r7, sl
10003d46:	469a      	mov	sl, r3
10003d48:	464c      	mov	r4, r9
10003d4a:	9b0c      	ldr	r3, [sp, #48]	@ 0x30
10003d4c:	0032      	movs	r2, r6
10003d4e:	7818      	ldrb	r0, [r3, #0]
10003d50:	990a      	ldr	r1, [sp, #40]	@ 0x28
10003d52:	4653      	mov	r3, sl
10003d54:	9d0b      	ldr	r5, [sp, #44]	@ 0x2c
10003d56:	4444      	add	r4, r8
10003d58:	47a8      	blx	r5
10003d5a:	e667      	b.n	10003a2c <_vsnprintf+0x28c>
10003d5c:	46a0      	mov	r8, r4
10003d5e:	9b0f      	ldr	r3, [sp, #60]	@ 0x3c
10003d60:	429d      	cmp	r5, r3
10003d62:	d800      	bhi.n	10003d66 <_vsnprintf+0x5c6>
10003d64:	e662      	b.n	10003a2c <_vsnprintf+0x28c>
10003d66:	192c      	adds	r4, r5, r4
10003d68:	9e0b      	ldr	r6, [sp, #44]	@ 0x2c
10003d6a:	4645      	mov	r5, r8
10003d6c:	46b8      	mov	r8, r7
10003d6e:	9f0a      	ldr	r7, [sp, #40]	@ 0x28
10003d70:	1ae4      	subs	r4, r4, r3
10003d72:	002a      	movs	r2, r5
10003d74:	4653      	mov	r3, sl
10003d76:	3501      	adds	r5, #1
10003d78:	0039      	movs	r1, r7
10003d7a:	2020      	movs	r0, #32
10003d7c:	47b0      	blx	r6
10003d7e:	42a5      	cmp	r5, r4
10003d80:	d1f7      	bne.n	10003d72 <_vsnprintf+0x5d2>
10003d82:	4647      	mov	r7, r8
10003d84:	e652      	b.n	10003a2c <_vsnprintf+0x28c>
10003d86:	2380      	movs	r3, #128	@ 0x80
10003d88:	0032      	movs	r2, r6
10003d8a:	00db      	lsls	r3, r3, #3
10003d8c:	401a      	ands	r2, r3
10003d8e:	4690      	mov	r8, r2
10003d90:	421e      	tst	r6, r3
10003d92:	d100      	bne.n	10003d96 <_vsnprintf+0x5f6>
10003d94:	e0f3      	b.n	10003f7e <_vsnprintf+0x7de>
10003d96:	2111      	movs	r1, #17
10003d98:	438e      	bics	r6, r1
10003d9a:	46b4      	mov	ip, r6
10003d9c:	4698      	mov	r8, r3
10003d9e:	2380      	movs	r3, #128	@ 0x80
10003da0:	4662      	mov	r2, ip
10003da2:	009b      	lsls	r3, r3, #2
10003da4:	401a      	ands	r2, r3
10003da6:	4693      	mov	fp, r2
10003da8:	4662      	mov	r2, ip
10003daa:	421a      	tst	r2, r3
10003dac:	d159      	bne.n	10003e62 <_vsnprintf+0x6c2>
10003dae:	2380      	movs	r3, #128	@ 0x80
10003db0:	005b      	lsls	r3, r3, #1
10003db2:	401a      	ands	r2, r3
10003db4:	4691      	mov	r9, r2
10003db6:	9a0c      	ldr	r2, [sp, #48]	@ 0x30
10003db8:	3204      	adds	r2, #4
10003dba:	920f      	str	r2, [sp, #60]	@ 0x3c
10003dbc:	4662      	mov	r2, ip
10003dbe:	421a      	tst	r2, r3
10003dc0:	d000      	beq.n	10003dc4 <_vsnprintf+0x624>
10003dc2:	e1a0      	b.n	10004106 <_vsnprintf+0x966>
10003dc4:	4663      	mov	r3, ip
10003dc6:	065b      	lsls	r3, r3, #25
10003dc8:	d500      	bpl.n	10003dcc <_vsnprintf+0x62c>
10003dca:	e0d4      	b.n	10003f76 <_vsnprintf+0x7d6>
10003dcc:	4663      	mov	r3, ip
10003dce:	061b      	lsls	r3, r3, #24
10003dd0:	d400      	bmi.n	10003dd4 <_vsnprintf+0x634>
10003dd2:	e212      	b.n	100041fa <_vsnprintf+0xa5a>
10003dd4:	9b0c      	ldr	r3, [sp, #48]	@ 0x30
10003dd6:	2200      	movs	r2, #0
10003dd8:	5e9b      	ldrsh	r3, [r3, r2]
10003dda:	17d8      	asrs	r0, r3, #31
10003ddc:	1819      	adds	r1, r3, r0
10003dde:	4041      	eors	r1, r0
10003de0:	b289      	uxth	r1, r1
10003de2:	0fda      	lsrs	r2, r3, #31
10003de4:	920c      	str	r2, [sp, #48]	@ 0x30
10003de6:	2b00      	cmp	r3, #0
10003de8:	d100      	bne.n	10003dec <_vsnprintf+0x64c>
10003dea:	e187      	b.n	100040fc <_vsnprintf+0x95c>
10003dec:	4688      	mov	r8, r1
10003dee:	261f      	movs	r6, #31
10003df0:	ab12      	add	r3, sp, #72	@ 0x48
10003df2:	46bb      	mov	fp, r7
10003df4:	9514      	str	r5, [sp, #80]	@ 0x50
10003df6:	18f7      	adds	r7, r6, r3
10003df8:	4645      	mov	r5, r8
10003dfa:	464e      	mov	r6, r9
10003dfc:	46e0      	mov	r8, ip
10003dfe:	46a1      	mov	r9, r4
10003e00:	e006      	b.n	10003e10 <_vsnprintf+0x670>
10003e02:	0028      	movs	r0, r5
10003e04:	210a      	movs	r1, #10
10003e06:	f7fd fff3 	bl	10001df0 <__wrap___aeabi_uidiv>
10003e0a:	0005      	movs	r5, r0
10003e0c:	2e20      	cmp	r6, #32
10003e0e:	d008      	beq.n	10003e22 <_vsnprintf+0x682>
10003e10:	210a      	movs	r1, #10
10003e12:	0028      	movs	r0, r5
10003e14:	f7fd ffec 	bl	10001df0 <__wrap___aeabi_uidiv>
10003e18:	3601      	adds	r6, #1
10003e1a:	3130      	adds	r1, #48	@ 0x30
10003e1c:	55b9      	strb	r1, [r7, r6]
10003e1e:	2d09      	cmp	r5, #9
10003e20:	d8ef      	bhi.n	10003e02 <_vsnprintf+0x662>
10003e22:	464c      	mov	r4, r9
10003e24:	46c4      	mov	ip, r8
10003e26:	46b1      	mov	r9, r6
10003e28:	465f      	mov	r7, fp
10003e2a:	9d14      	ldr	r5, [sp, #80]	@ 0x50
10003e2c:	4663      	mov	r3, ip
10003e2e:	9306      	str	r3, [sp, #24]
10003e30:	9b0d      	ldr	r3, [sp, #52]	@ 0x34
10003e32:	9505      	str	r5, [sp, #20]
10003e34:	9304      	str	r3, [sp, #16]
10003e36:	230a      	movs	r3, #10
10003e38:	9303      	str	r3, [sp, #12]
10003e3a:	9b0c      	ldr	r3, [sp, #48]	@ 0x30
10003e3c:	9302      	str	r3, [sp, #8]
10003e3e:	464b      	mov	r3, r9
10003e40:	9301      	str	r3, [sp, #4]
10003e42:	ab1a      	add	r3, sp, #104	@ 0x68
10003e44:	0022      	movs	r2, r4
10003e46:	9300      	str	r3, [sp, #0]
10003e48:	990a      	ldr	r1, [sp, #40]	@ 0x28
10003e4a:	4653      	mov	r3, sl
10003e4c:	980b      	ldr	r0, [sp, #44]	@ 0x2c
10003e4e:	f7fe fec1 	bl	10002bd4 <_ntoa_format>
10003e52:	9b0f      	ldr	r3, [sp, #60]	@ 0x3c
10003e54:	0004      	movs	r4, r0
10003e56:	930c      	str	r3, [sp, #48]	@ 0x30
10003e58:	e4c9      	b.n	100037ee <_vsnprintf+0x4e>
10003e5a:	230c      	movs	r3, #12
10003e5c:	0031      	movs	r1, r6
10003e5e:	4399      	bics	r1, r3
10003e60:	e6e3      	b.n	10003c2a <_vsnprintf+0x48a>
10003e62:	2208      	movs	r2, #8
10003e64:	2107      	movs	r1, #7
10003e66:	4691      	mov	r9, r2
10003e68:	9b0c      	ldr	r3, [sp, #48]	@ 0x30
10003e6a:	3307      	adds	r3, #7
10003e6c:	438b      	bics	r3, r1
10003e6e:	4499      	add	r9, r3
10003e70:	464a      	mov	r2, r9
10003e72:	cb0a      	ldmia	r3, {r1, r3}
10003e74:	0008      	movs	r0, r1
10003e76:	920c      	str	r2, [sp, #48]	@ 0x30
10003e78:	0fda      	lsrs	r2, r3, #31
10003e7a:	4693      	mov	fp, r2
10003e7c:	4318      	orrs	r0, r3
10003e7e:	d000      	beq.n	10003e82 <_vsnprintf+0x6e2>
10003e80:	e085      	b.n	10003f8e <_vsnprintf+0x7ee>
10003e82:	2300      	movs	r3, #0
10003e84:	4699      	mov	r9, r3
10003e86:	4643      	mov	r3, r8
10003e88:	2b00      	cmp	r3, #0
10003e8a:	d12f      	bne.n	10003eec <_vsnprintf+0x74c>
10003e8c:	2200      	movs	r2, #0
10003e8e:	2300      	movs	r3, #0
10003e90:	9210      	str	r2, [sp, #64]	@ 0x40
10003e92:	9311      	str	r3, [sp, #68]	@ 0x44
10003e94:	2300      	movs	r3, #0
10003e96:	261f      	movs	r6, #31
10003e98:	4699      	mov	r9, r3
10003e9a:	ab12      	add	r3, sp, #72	@ 0x48
10003e9c:	18f6      	adds	r6, r6, r3
10003e9e:	465b      	mov	r3, fp
10003ea0:	9514      	str	r5, [sp, #80]	@ 0x50
10003ea2:	46bb      	mov	fp, r7
10003ea4:	46e0      	mov	r8, ip
10003ea6:	0037      	movs	r7, r6
10003ea8:	930f      	str	r3, [sp, #60]	@ 0x3c
10003eaa:	464e      	mov	r6, r9
10003eac:	46a1      	mov	r9, r4
10003eae:	9c10      	ldr	r4, [sp, #64]	@ 0x40
10003eb0:	9d11      	ldr	r5, [sp, #68]	@ 0x44
10003eb2:	e005      	b.n	10003ec0 <_vsnprintf+0x720>
10003eb4:	10002b29 	.word	0x10002b29
10003eb8:	0004      	movs	r4, r0
10003eba:	000d      	movs	r5, r1
10003ebc:	2e20      	cmp	r6, #32
10003ebe:	d00c      	beq.n	10003eda <_vsnprintf+0x73a>
10003ec0:	220a      	movs	r2, #10
10003ec2:	2300      	movs	r3, #0
10003ec4:	0020      	movs	r0, r4
10003ec6:	0029      	movs	r1, r5
10003ec8:	f7fd ffd0 	bl	10001e6c <__wrap___aeabi_uldivmod>
10003ecc:	3601      	adds	r6, #1
10003ece:	3230      	adds	r2, #48	@ 0x30
10003ed0:	55ba      	strb	r2, [r7, r6]
10003ed2:	2d00      	cmp	r5, #0
10003ed4:	d1f0      	bne.n	10003eb8 <_vsnprintf+0x718>
10003ed6:	2c09      	cmp	r4, #9
10003ed8:	d8ee      	bhi.n	10003eb8 <_vsnprintf+0x718>
10003eda:	9b0f      	ldr	r3, [sp, #60]	@ 0x3c
10003edc:	9410      	str	r4, [sp, #64]	@ 0x40
10003ede:	9511      	str	r5, [sp, #68]	@ 0x44
10003ee0:	465f      	mov	r7, fp
10003ee2:	464c      	mov	r4, r9
10003ee4:	46c4      	mov	ip, r8
10003ee6:	46b1      	mov	r9, r6
10003ee8:	469b      	mov	fp, r3
10003eea:	9d14      	ldr	r5, [sp, #80]	@ 0x50
10003eec:	4663      	mov	r3, ip
10003eee:	9306      	str	r3, [sp, #24]
10003ef0:	9b0d      	ldr	r3, [sp, #52]	@ 0x34
10003ef2:	9505      	str	r5, [sp, #20]
10003ef4:	9304      	str	r3, [sp, #16]
10003ef6:	230a      	movs	r3, #10
10003ef8:	9303      	str	r3, [sp, #12]
10003efa:	465b      	mov	r3, fp
10003efc:	9302      	str	r3, [sp, #8]
10003efe:	464b      	mov	r3, r9
10003f00:	9301      	str	r3, [sp, #4]
10003f02:	ab1a      	add	r3, sp, #104	@ 0x68
10003f04:	0022      	movs	r2, r4
10003f06:	9300      	str	r3, [sp, #0]
10003f08:	990a      	ldr	r1, [sp, #40]	@ 0x28
10003f0a:	4653      	mov	r3, sl
10003f0c:	980b      	ldr	r0, [sp, #44]	@ 0x2c
10003f0e:	f7fe fe61 	bl	10002bd4 <_ntoa_format>
10003f12:	0004      	movs	r4, r0
10003f14:	e46b      	b.n	100037ee <_vsnprintf+0x4e>
10003f16:	9b0f      	ldr	r3, [sp, #60]	@ 0x3c
10003f18:	429d      	cmp	r5, r3
10003f1a:	d800      	bhi.n	10003f1e <_vsnprintf+0x77e>
10003f1c:	e196      	b.n	1000424c <_vsnprintf+0xaac>
10003f1e:	2380      	movs	r3, #128	@ 0x80
10003f20:	00db      	lsls	r3, r3, #3
10003f22:	930c      	str	r3, [sp, #48]	@ 0x30
10003f24:	9b0f      	ldr	r3, [sp, #60]	@ 0x3c
10003f26:	192e      	adds	r6, r5, r4
10003f28:	1af6      	subs	r6, r6, r3
10003f2a:	4643      	mov	r3, r8
10003f2c:	930f      	str	r3, [sp, #60]	@ 0x3c
10003f2e:	9b0d      	ldr	r3, [sp, #52]	@ 0x34
10003f30:	46a8      	mov	r8, r5
10003f32:	4699      	mov	r9, r3
10003f34:	4653      	mov	r3, sl
10003f36:	46ba      	mov	sl, r7
10003f38:	001f      	movs	r7, r3
10003f3a:	9d0b      	ldr	r5, [sp, #44]	@ 0x2c
10003f3c:	0022      	movs	r2, r4
10003f3e:	003b      	movs	r3, r7
10003f40:	3401      	adds	r4, #1
10003f42:	2020      	movs	r0, #32
10003f44:	990a      	ldr	r1, [sp, #40]	@ 0x28
10003f46:	47a8      	blx	r5
10003f48:	42b4      	cmp	r4, r6
10003f4a:	d1f7      	bne.n	10003f3c <_vsnprintf+0x79c>
10003f4c:	9b0f      	ldr	r3, [sp, #60]	@ 0x3c
10003f4e:	4645      	mov	r5, r8
10003f50:	4698      	mov	r8, r3
10003f52:	464b      	mov	r3, r9
10003f54:	930d      	str	r3, [sp, #52]	@ 0x34
10003f56:	003b      	movs	r3, r7
10003f58:	4657      	mov	r7, sl
10003f5a:	469a      	mov	sl, r3
10003f5c:	4643      	mov	r3, r8
10003f5e:	7818      	ldrb	r0, [r3, #0]
10003f60:	2800      	cmp	r0, #0
10003f62:	d100      	bne.n	10003f66 <_vsnprintf+0x7c6>
10003f64:	e562      	b.n	10003a2c <_vsnprintf+0x28c>
10003f66:	1c6b      	adds	r3, r5, #1
10003f68:	930f      	str	r3, [sp, #60]	@ 0x3c
10003f6a:	9b0c      	ldr	r3, [sp, #48]	@ 0x30
10003f6c:	2b00      	cmp	r3, #0
10003f6e:	d100      	bne.n	10003f72 <_vsnprintf+0x7d2>
10003f70:	e6a8      	b.n	10003cc4 <_vsnprintf+0x524>
10003f72:	2300      	movs	r3, #0
10003f74:	e53d      	b.n	100039f2 <_vsnprintf+0x252>
10003f76:	9b0c      	ldr	r3, [sp, #48]	@ 0x30
10003f78:	781b      	ldrb	r3, [r3, #0]
10003f7a:	0019      	movs	r1, r3
10003f7c:	e731      	b.n	10003de2 <_vsnprintf+0x642>
10003f7e:	2310      	movs	r3, #16
10003f80:	439e      	bics	r6, r3
10003f82:	46b4      	mov	ip, r6
10003f84:	e70b      	b.n	10003d9e <_vsnprintf+0x5fe>
10003f86:	9b0c      	ldr	r3, [sp, #48]	@ 0x30
10003f88:	781b      	ldrb	r3, [r3, #0]
10003f8a:	4699      	mov	r9, r3
10003f8c:	e669      	b.n	10003c62 <_vsnprintf+0x4c2>
10003f8e:	17da      	asrs	r2, r3, #31
10003f90:	9212      	str	r2, [sp, #72]	@ 0x48
10003f92:	9213      	str	r2, [sp, #76]	@ 0x4c
10003f94:	404a      	eors	r2, r1
10003f96:	9210      	str	r2, [sp, #64]	@ 0x40
10003f98:	9812      	ldr	r0, [sp, #72]	@ 0x48
10003f9a:	9913      	ldr	r1, [sp, #76]	@ 0x4c
10003f9c:	000a      	movs	r2, r1
10003f9e:	405a      	eors	r2, r3
10003fa0:	9211      	str	r2, [sp, #68]	@ 0x44
10003fa2:	9a10      	ldr	r2, [sp, #64]	@ 0x40
10003fa4:	9b11      	ldr	r3, [sp, #68]	@ 0x44
10003fa6:	1a12      	subs	r2, r2, r0
10003fa8:	418b      	sbcs	r3, r1
10003faa:	9210      	str	r2, [sp, #64]	@ 0x40
10003fac:	9311      	str	r3, [sp, #68]	@ 0x44
10003fae:	e771      	b.n	10003e94 <_vsnprintf+0x6f4>
10003fb0:	9b0c      	ldr	r3, [sp, #48]	@ 0x30
10003fb2:	0022      	movs	r2, r4
10003fb4:	7818      	ldrb	r0, [r3, #0]
10003fb6:	990a      	ldr	r1, [sp, #40]	@ 0x28
10003fb8:	4653      	mov	r3, sl
10003fba:	9c0b      	ldr	r4, [sp, #44]	@ 0x2c
10003fbc:	47a0      	blx	r4
10003fbe:	4644      	mov	r4, r8
10003fc0:	e534      	b.n	10003a2c <_vsnprintf+0x28c>
10003fc2:	2208      	movs	r2, #8
10003fc4:	2607      	movs	r6, #7
10003fc6:	4690      	mov	r8, r2
10003fc8:	9b0c      	ldr	r3, [sp, #48]	@ 0x30
10003fca:	3307      	adds	r3, #7
10003fcc:	43b3      	bics	r3, r6
10003fce:	4498      	add	r8, r3
10003fd0:	4642      	mov	r2, r8
10003fd2:	920c      	str	r2, [sp, #48]	@ 0x30
10003fd4:	681a      	ldr	r2, [r3, #0]
10003fd6:	685b      	ldr	r3, [r3, #4]
10003fd8:	9214      	str	r2, [sp, #80]	@ 0x50
10003fda:	9308      	str	r3, [sp, #32]
10003fdc:	0013      	movs	r3, r2
10003fde:	9a08      	ldr	r2, [sp, #32]
10003fe0:	4313      	orrs	r3, r2
10003fe2:	d105      	bne.n	10003ff0 <_vsnprintf+0x850>
10003fe4:	3310      	adds	r3, #16
10003fe6:	4399      	bics	r1, r3
10003fe8:	2300      	movs	r3, #0
10003fea:	4698      	mov	r8, r3
10003fec:	2800      	cmp	r0, #0
10003fee:	d138      	bne.n	10004062 <_vsnprintf+0x8c2>
10003ff0:	2061      	movs	r0, #97	@ 0x61
10003ff2:	068b      	lsls	r3, r1, #26
10003ff4:	d500      	bpl.n	10003ff8 <_vsnprintf+0x858>
10003ff6:	2041      	movs	r0, #65	@ 0x41
10003ff8:	2300      	movs	r3, #0
10003ffa:	261f      	movs	r6, #31
10003ffc:	4698      	mov	r8, r3
10003ffe:	465a      	mov	r2, fp
10004000:	ab12      	add	r3, sp, #72	@ 0x48
10004002:	18f6      	adds	r6, r6, r3
10004004:	0003      	movs	r3, r0
10004006:	9218      	str	r2, [sp, #96]	@ 0x60
10004008:	9a0f      	ldr	r2, [sp, #60]	@ 0x3c
1000400a:	3b0a      	subs	r3, #10
1000400c:	46b1      	mov	r9, r6
1000400e:	9516      	str	r5, [sp, #88]	@ 0x58
10004010:	9417      	str	r4, [sp, #92]	@ 0x5c
10004012:	9719      	str	r7, [sp, #100]	@ 0x64
10004014:	4644      	mov	r4, r8
10004016:	4666      	mov	r6, ip
10004018:	4690      	mov	r8, r2
1000401a:	469b      	mov	fp, r3
1000401c:	9f14      	ldr	r7, [sp, #80]	@ 0x50
1000401e:	9d08      	ldr	r5, [sp, #32]
10004020:	9115      	str	r1, [sp, #84]	@ 0x54
10004022:	e003      	b.n	1000402c <_vsnprintf+0x88c>
10004024:	0007      	movs	r7, r0
10004026:	000d      	movs	r5, r1
10004028:	2c20      	cmp	r4, #32
1000402a:	d013      	beq.n	10004054 <_vsnprintf+0x8b4>
1000402c:	0032      	movs	r2, r6
1000402e:	2300      	movs	r3, #0
10004030:	0038      	movs	r0, r7
10004032:	0029      	movs	r1, r5
10004034:	f7fd ff1a 	bl	10001e6c <__wrap___aeabi_uldivmod>
10004038:	465b      	mov	r3, fp
1000403a:	b2d2      	uxtb	r2, r2
1000403c:	18d3      	adds	r3, r2, r3
1000403e:	2a09      	cmp	r2, #9
10004040:	d801      	bhi.n	10004046 <_vsnprintf+0x8a6>
10004042:	0013      	movs	r3, r2
10004044:	3330      	adds	r3, #48	@ 0x30
10004046:	464a      	mov	r2, r9
10004048:	3401      	adds	r4, #1
1000404a:	5513      	strb	r3, [r2, r4]
1000404c:	45a8      	cmp	r8, r5
1000404e:	d1e9      	bne.n	10004024 <_vsnprintf+0x884>
10004050:	42be      	cmp	r6, r7
10004052:	d9e7      	bls.n	10004024 <_vsnprintf+0x884>
10004054:	9b18      	ldr	r3, [sp, #96]	@ 0x60
10004056:	46a0      	mov	r8, r4
10004058:	469b      	mov	fp, r3
1000405a:	9915      	ldr	r1, [sp, #84]	@ 0x54
1000405c:	9d16      	ldr	r5, [sp, #88]	@ 0x58
1000405e:	9c17      	ldr	r4, [sp, #92]	@ 0x5c
10004060:	9f19      	ldr	r7, [sp, #100]	@ 0x64
10004062:	9b0d      	ldr	r3, [sp, #52]	@ 0x34
10004064:	9106      	str	r1, [sp, #24]
10004066:	9304      	str	r3, [sp, #16]
10004068:	465b      	mov	r3, fp
1000406a:	9303      	str	r3, [sp, #12]
1000406c:	2300      	movs	r3, #0
1000406e:	9505      	str	r5, [sp, #20]
10004070:	9302      	str	r3, [sp, #8]
10004072:	4643      	mov	r3, r8
10004074:	e744      	b.n	10003f00 <_vsnprintf+0x760>
10004076:	2061      	movs	r0, #97	@ 0x61
10004078:	068b      	lsls	r3, r1, #26
1000407a:	d500      	bpl.n	1000407e <_vsnprintf+0x8de>
1000407c:	2041      	movs	r0, #65	@ 0x41
1000407e:	261f      	movs	r6, #31
10004080:	ab12      	add	r3, sp, #72	@ 0x48
10004082:	18f2      	adds	r2, r6, r3
10004084:	0003      	movs	r3, r0
10004086:	3b0a      	subs	r3, #10
10004088:	930c      	str	r3, [sp, #48]	@ 0x30
1000408a:	464b      	mov	r3, r9
1000408c:	4646      	mov	r6, r8
1000408e:	46a1      	mov	r9, r4
10004090:	46a8      	mov	r8, r5
10004092:	001c      	movs	r4, r3
10004094:	465d      	mov	r5, fp
10004096:	9114      	str	r1, [sp, #80]	@ 0x50
10004098:	46bb      	mov	fp, r7
1000409a:	0017      	movs	r7, r2
1000409c:	e002      	b.n	100040a4 <_vsnprintf+0x904>
1000409e:	0004      	movs	r4, r0
100040a0:	2e20      	cmp	r6, #32
100040a2:	d00d      	beq.n	100040c0 <_vsnprintf+0x920>
100040a4:	0029      	movs	r1, r5
100040a6:	0020      	movs	r0, r4
100040a8:	f7fd fea2 	bl	10001df0 <__wrap___aeabi_uidiv>
100040ac:	9b0c      	ldr	r3, [sp, #48]	@ 0x30
100040ae:	18cb      	adds	r3, r1, r3
100040b0:	2909      	cmp	r1, #9
100040b2:	d801      	bhi.n	100040b8 <_vsnprintf+0x918>
100040b4:	000b      	movs	r3, r1
100040b6:	3330      	adds	r3, #48	@ 0x30
100040b8:	3601      	adds	r6, #1
100040ba:	55bb      	strb	r3, [r7, r6]
100040bc:	42ac      	cmp	r4, r5
100040be:	d2ee      	bcs.n	1000409e <_vsnprintf+0x8fe>
100040c0:	465f      	mov	r7, fp
100040c2:	464c      	mov	r4, r9
100040c4:	46ab      	mov	fp, r5
100040c6:	9914      	ldr	r1, [sp, #80]	@ 0x50
100040c8:	4645      	mov	r5, r8
100040ca:	46b0      	mov	r8, r6
100040cc:	e5d4      	b.n	10003c78 <_vsnprintf+0x4d8>
100040ce:	9b0f      	ldr	r3, [sp, #60]	@ 0x3c
100040d0:	429d      	cmp	r5, r3
100040d2:	d900      	bls.n	100040d6 <_vsnprintf+0x936>
100040d4:	e726      	b.n	10003f24 <_vsnprintf+0x784>
100040d6:	3301      	adds	r3, #1
100040d8:	930f      	str	r3, [sp, #60]	@ 0x3c
100040da:	e5f3      	b.n	10003cc4 <_vsnprintf+0x524>
100040dc:	2310      	movs	r3, #16
100040de:	0032      	movs	r2, r6
100040e0:	439a      	bics	r2, r3
100040e2:	4694      	mov	ip, r2
100040e4:	2869      	cmp	r0, #105	@ 0x69
100040e6:	d000      	beq.n	100040ea <_vsnprintf+0x94a>
100040e8:	e0a2      	b.n	10004230 <_vsnprintf+0xa90>
100040ea:	2380      	movs	r3, #128	@ 0x80
100040ec:	0032      	movs	r2, r6
100040ee:	00db      	lsls	r3, r3, #3
100040f0:	401a      	ands	r2, r3
100040f2:	4690      	mov	r8, r2
100040f4:	421e      	tst	r6, r3
100040f6:	d100      	bne.n	100040fa <_vsnprintf+0x95a>
100040f8:	e651      	b.n	10003d9e <_vsnprintf+0x5fe>
100040fa:	e64c      	b.n	10003d96 <_vsnprintf+0x5f6>
100040fc:	4643      	mov	r3, r8
100040fe:	2b00      	cmp	r3, #0
10004100:	d000      	beq.n	10004104 <_vsnprintf+0x964>
10004102:	e693      	b.n	10003e2c <_vsnprintf+0x68c>
10004104:	e673      	b.n	10003dee <_vsnprintf+0x64e>
10004106:	9b0c      	ldr	r3, [sp, #48]	@ 0x30
10004108:	681b      	ldr	r3, [r3, #0]
1000410a:	0fda      	lsrs	r2, r3, #31
1000410c:	2b00      	cmp	r3, #0
1000410e:	d070      	beq.n	100041f2 <_vsnprintf+0xa52>
10004110:	17d9      	asrs	r1, r3, #31
10004112:	185b      	adds	r3, r3, r1
10004114:	404b      	eors	r3, r1
10004116:	4698      	mov	r8, r3
10004118:	261f      	movs	r6, #31
1000411a:	ab12      	add	r3, sp, #72	@ 0x48
1000411c:	18f6      	adds	r6, r6, r3
1000411e:	46a1      	mov	r9, r4
10004120:	9514      	str	r5, [sp, #80]	@ 0x50
10004122:	465c      	mov	r4, fp
10004124:	4645      	mov	r5, r8
10004126:	46bb      	mov	fp, r7
10004128:	46e0      	mov	r8, ip
1000412a:	0037      	movs	r7, r6
1000412c:	920c      	str	r2, [sp, #48]	@ 0x30
1000412e:	e006      	b.n	1000413e <_vsnprintf+0x99e>
10004130:	0028      	movs	r0, r5
10004132:	210a      	movs	r1, #10
10004134:	f7fd fe5c 	bl	10001df0 <__wrap___aeabi_uidiv>
10004138:	0005      	movs	r5, r0
1000413a:	2c20      	cmp	r4, #32
1000413c:	d008      	beq.n	10004150 <_vsnprintf+0x9b0>
1000413e:	210a      	movs	r1, #10
10004140:	0028      	movs	r0, r5
10004142:	f7fd fe55 	bl	10001df0 <__wrap___aeabi_uidiv>
10004146:	3401      	adds	r4, #1
10004148:	3130      	adds	r1, #48	@ 0x30
1000414a:	5539      	strb	r1, [r7, r4]
1000414c:	2d09      	cmp	r5, #9
1000414e:	d8ef      	bhi.n	10004130 <_vsnprintf+0x990>
10004150:	465f      	mov	r7, fp
10004152:	46c4      	mov	ip, r8
10004154:	46a3      	mov	fp, r4
10004156:	464c      	mov	r4, r9
10004158:	9d14      	ldr	r5, [sp, #80]	@ 0x50
1000415a:	9a0c      	ldr	r2, [sp, #48]	@ 0x30
1000415c:	4663      	mov	r3, ip
1000415e:	9306      	str	r3, [sp, #24]
10004160:	9b0d      	ldr	r3, [sp, #52]	@ 0x34
10004162:	9505      	str	r5, [sp, #20]
10004164:	9304      	str	r3, [sp, #16]
10004166:	230a      	movs	r3, #10
10004168:	9202      	str	r2, [sp, #8]
1000416a:	9303      	str	r3, [sp, #12]
1000416c:	465b      	mov	r3, fp
1000416e:	e667      	b.n	10003e40 <_vsnprintf+0x6a0>
10004170:	9b0c      	ldr	r3, [sp, #48]	@ 0x30
10004172:	681b      	ldr	r3, [r3, #0]
10004174:	4698      	mov	r8, r3
10004176:	2b00      	cmp	r3, #0
10004178:	d103      	bne.n	10004182 <_vsnprintf+0x9e2>
1000417a:	3310      	adds	r3, #16
1000417c:	4399      	bics	r1, r3
1000417e:	2800      	cmp	r0, #0
10004180:	d12d      	bne.n	100041de <_vsnprintf+0xa3e>
10004182:	2061      	movs	r0, #97	@ 0x61
10004184:	068b      	lsls	r3, r1, #26
10004186:	d500      	bpl.n	1000418a <_vsnprintf+0x9ea>
10004188:	2041      	movs	r0, #65	@ 0x41
1000418a:	261f      	movs	r6, #31
1000418c:	ab12      	add	r3, sp, #72	@ 0x48
1000418e:	18f6      	adds	r6, r6, r3
10004190:	0003      	movs	r3, r0
10004192:	3b0a      	subs	r3, #10
10004194:	464a      	mov	r2, r9
10004196:	930c      	str	r3, [sp, #48]	@ 0x30
10004198:	9114      	str	r1, [sp, #80]	@ 0x50
1000419a:	4643      	mov	r3, r8
1000419c:	0031      	movs	r1, r6
1000419e:	46a8      	mov	r8, r5
100041a0:	46a1      	mov	r9, r4
100041a2:	465e      	mov	r6, fp
100041a4:	0014      	movs	r4, r2
100041a6:	46bb      	mov	fp, r7
100041a8:	001d      	movs	r5, r3
100041aa:	000f      	movs	r7, r1
100041ac:	e002      	b.n	100041b4 <_vsnprintf+0xa14>
100041ae:	0005      	movs	r5, r0
100041b0:	2c20      	cmp	r4, #32
100041b2:	d00d      	beq.n	100041d0 <_vsnprintf+0xa30>
100041b4:	0031      	movs	r1, r6
100041b6:	0028      	movs	r0, r5
100041b8:	f7fd fe1a 	bl	10001df0 <__wrap___aeabi_uidiv>
100041bc:	9b0c      	ldr	r3, [sp, #48]	@ 0x30
100041be:	18cb      	adds	r3, r1, r3
100041c0:	2909      	cmp	r1, #9
100041c2:	d801      	bhi.n	100041c8 <_vsnprintf+0xa28>
100041c4:	000b      	movs	r3, r1
100041c6:	3330      	adds	r3, #48	@ 0x30
100041c8:	3401      	adds	r4, #1
100041ca:	553b      	strb	r3, [r7, r4]
100041cc:	42b5      	cmp	r5, r6
100041ce:	d2ee      	bcs.n	100041ae <_vsnprintf+0xa0e>
100041d0:	0023      	movs	r3, r4
100041d2:	465f      	mov	r7, fp
100041d4:	464c      	mov	r4, r9
100041d6:	4645      	mov	r5, r8
100041d8:	46b3      	mov	fp, r6
100041da:	4699      	mov	r9, r3
100041dc:	9914      	ldr	r1, [sp, #80]	@ 0x50
100041de:	9b0d      	ldr	r3, [sp, #52]	@ 0x34
100041e0:	9106      	str	r1, [sp, #24]
100041e2:	9304      	str	r3, [sp, #16]
100041e4:	465b      	mov	r3, fp
100041e6:	9303      	str	r3, [sp, #12]
100041e8:	2300      	movs	r3, #0
100041ea:	9505      	str	r5, [sp, #20]
100041ec:	9302      	str	r3, [sp, #8]
100041ee:	464b      	mov	r3, r9
100041f0:	e626      	b.n	10003e40 <_vsnprintf+0x6a0>
100041f2:	4643      	mov	r3, r8
100041f4:	2b00      	cmp	r3, #0
100041f6:	d1b1      	bne.n	1000415c <_vsnprintf+0x9bc>
100041f8:	e78e      	b.n	10004118 <_vsnprintf+0x978>
100041fa:	9b0c      	ldr	r3, [sp, #48]	@ 0x30
100041fc:	681b      	ldr	r3, [r3, #0]
100041fe:	17d8      	asrs	r0, r3, #31
10004200:	1819      	adds	r1, r3, r0
10004202:	4041      	eors	r1, r0
10004204:	e5ed      	b.n	10003de2 <_vsnprintf+0x642>
10004206:	2380      	movs	r3, #128	@ 0x80
10004208:	0032      	movs	r2, r6
1000420a:	00db      	lsls	r3, r3, #3
1000420c:	401a      	ands	r2, r3
1000420e:	920f      	str	r2, [sp, #60]	@ 0x3c
10004210:	421e      	tst	r6, r3
10004212:	d00f      	beq.n	10004234 <_vsnprintf+0xa94>
10004214:	3002      	adds	r0, #2
10004216:	0002      	movs	r2, r0
10004218:	4032      	ands	r2, r6
1000421a:	920f      	str	r2, [sp, #60]	@ 0x3c
1000421c:	4230      	tst	r0, r6
1000421e:	d019      	beq.n	10004254 <_vsnprintf+0xab4>
10004220:	2300      	movs	r3, #0
10004222:	46a0      	mov	r8, r4
10004224:	930f      	str	r3, [sp, #60]	@ 0x3c
10004226:	e59a      	b.n	10003d5e <_vsnprintf+0x5be>
10004228:	9b0c      	ldr	r3, [sp, #48]	@ 0x30
1000422a:	681b      	ldr	r3, [r3, #0]
1000422c:	4699      	mov	r9, r3
1000422e:	e518      	b.n	10003c62 <_vsnprintf+0x4c2>
10004230:	0016      	movs	r6, r2
10004232:	e49b      	b.n	10003b6c <_vsnprintf+0x3cc>
10004234:	2302      	movs	r3, #2
10004236:	001a      	movs	r2, r3
10004238:	4032      	ands	r2, r6
1000423a:	920c      	str	r2, [sp, #48]	@ 0x30
1000423c:	4233      	tst	r3, r6
1000423e:	d000      	beq.n	10004242 <_vsnprintf+0xaa2>
10004240:	e58c      	b.n	10003d5c <_vsnprintf+0x5bc>
10004242:	2d00      	cmp	r5, #0
10004244:	d000      	beq.n	10004248 <_vsnprintf+0xaa8>
10004246:	e66d      	b.n	10003f24 <_vsnprintf+0x784>
10004248:	f7ff fbf0 	bl	10003a2c <_vsnprintf+0x28c>
1000424c:	3301      	adds	r3, #1
1000424e:	930f      	str	r3, [sp, #60]	@ 0x3c
10004250:	f7ff fbd0 	bl	100039f4 <_vsnprintf+0x254>
10004254:	930c      	str	r3, [sp, #48]	@ 0x30
10004256:	e7f4      	b.n	10004242 <_vsnprintf+0xaa2>

10004258 <vfctprintf>:
10004258:	b500      	push	{lr}
1000425a:	b085      	sub	sp, #20
1000425c:	9103      	str	r1, [sp, #12]
1000425e:	2101      	movs	r1, #1
10004260:	9002      	str	r0, [sp, #8]
10004262:	9300      	str	r3, [sp, #0]
10004264:	4803      	ldr	r0, [pc, #12]	@ (10004274 <vfctprintf+0x1c>)
10004266:	0013      	movs	r3, r2
10004268:	424a      	negs	r2, r1
1000426a:	a902      	add	r1, sp, #8
1000426c:	f7ff fa98 	bl	100037a0 <_vsnprintf>
10004270:	b005      	add	sp, #20
10004272:	bd00      	pop	{pc}
10004274:	10002dbd 	.word	0x10002dbd

10004278 <weak_raw_vprintf>:
10004278:	b510      	push	{r4, lr}
1000427a:	4a09      	ldr	r2, [pc, #36]	@ (100042a0 <weak_raw_vprintf+0x28>)
1000427c:	0003      	movs	r3, r0
1000427e:	6814      	ldr	r4, [r2, #0]
10004280:	b084      	sub	sp, #16
10004282:	2c00      	cmp	r4, #0
10004284:	d008      	beq.n	10004298 <weak_raw_vprintf+0x20>
10004286:	2201      	movs	r2, #1
10004288:	9100      	str	r1, [sp, #0]
1000428a:	4806      	ldr	r0, [pc, #24]	@ (100042a4 <weak_raw_vprintf+0x2c>)
1000428c:	4252      	negs	r2, r2
1000428e:	a903      	add	r1, sp, #12
10004290:	47a0      	blx	r4
10004292:	2001      	movs	r0, #1
10004294:	b004      	add	sp, #16
10004296:	bd10      	pop	{r4, pc}
10004298:	f000 f980 	bl	1000459c <__wrap_puts>
1000429c:	2000      	movs	r0, #0
1000429e:	e7f9      	b.n	10004294 <weak_raw_vprintf+0x1c>
100042a0:	20001bfc 	.word	0x20001bfc
100042a4:	10002dad 	.word	0x10002dad

100042a8 <_exit>:
100042a8:	be00      	bkpt	0x0000
100042aa:	e7fd      	b.n	100042a8 <_exit>

100042ac <_fini>:
100042ac:	4770      	bx	lr
100042ae:	46c0      	nop			@ (mov r8, r8)

100042b0 <exit>:
100042b0:	b510      	push	{r4, lr}
100042b2:	f7ff fff9 	bl	100042a8 <_exit>
100042b6:	46c0      	nop			@ (mov r8, r8)

100042b8 <runtime_init>:
100042b8:	b570      	push	{r4, r5, r6, lr}
100042ba:	f7fd fc4d 	bl	10001b58 <runtime_run_initializers>
100042be:	4d07      	ldr	r5, [pc, #28]	@ (100042dc <runtime_init+0x24>)
100042c0:	4e07      	ldr	r6, [pc, #28]	@ (100042e0 <runtime_init+0x28>)
100042c2:	42b5      	cmp	r5, r6
100042c4:	d209      	bcs.n	100042da <runtime_init+0x22>
100042c6:	2400      	movs	r4, #0
100042c8:	3e01      	subs	r6, #1
100042ca:	1b76      	subs	r6, r6, r5
100042cc:	08b6      	lsrs	r6, r6, #2
100042ce:	3601      	adds	r6, #1
100042d0:	cd08      	ldmia	r5!, {r3}
100042d2:	3401      	adds	r4, #1
100042d4:	4798      	blx	r3
100042d6:	42b4      	cmp	r4, r6
100042d8:	d1fa      	bne.n	100042d0 <runtime_init+0x18>
100042da:	bd70      	pop	{r4, r5, r6, pc}
100042dc:	10006b14 	.word	0x10006b14
100042e0:	10006b18 	.word	0x10006b18

100042e4 <stdio_out_chars_no_crlf>:
100042e4:	0003      	movs	r3, r0
100042e6:	b510      	push	{r4, lr}
100042e8:	0008      	movs	r0, r1
100042ea:	0011      	movs	r1, r2
100042ec:	681b      	ldr	r3, [r3, #0]
100042ee:	4798      	blx	r3
100042f0:	bd10      	pop	{r4, pc}
100042f2:	46c0      	nop			@ (mov r8, r8)

100042f4 <stdio_out_chars_crlf>:
100042f4:	b5f8      	push	{r3, r4, r5, r6, r7, lr}
100042f6:	7d43      	ldrb	r3, [r0, #21]
100042f8:	0007      	movs	r7, r0
100042fa:	000d      	movs	r5, r1
100042fc:	0016      	movs	r6, r2
100042fe:	2b00      	cmp	r3, #0
10004300:	d038      	beq.n	10004374 <stdio_out_chars_crlf+0x80>
10004302:	2a00      	cmp	r2, #0
10004304:	dd1a      	ble.n	1000433c <stdio_out_chars_crlf+0x48>
10004306:	780b      	ldrb	r3, [r1, #0]
10004308:	2b0a      	cmp	r3, #10
1000430a:	d018      	beq.n	1000433e <stdio_out_chars_crlf+0x4a>
1000430c:	2000      	movs	r0, #0
1000430e:	2e01      	cmp	r6, #1
10004310:	d009      	beq.n	10004326 <stdio_out_chars_crlf+0x32>
10004312:	2401      	movs	r4, #1
10004314:	0021      	movs	r1, r4
10004316:	5c6b      	ldrb	r3, [r5, r1]
10004318:	3401      	adds	r4, #1
1000431a:	2b0a      	cmp	r3, #10
1000431c:	d01a      	beq.n	10004354 <stdio_out_chars_crlf+0x60>
1000431e:	42b4      	cmp	r4, r6
10004320:	d1f8      	bne.n	10004314 <stdio_out_chars_crlf+0x20>
10004322:	4286      	cmp	r6, r0
10004324:	dd03      	ble.n	1000432e <stdio_out_chars_crlf+0x3a>
10004326:	1a31      	subs	r1, r6, r0
10004328:	683b      	ldr	r3, [r7, #0]
1000432a:	1828      	adds	r0, r5, r0
1000432c:	4798      	blx	r3
1000432e:	19ad      	adds	r5, r5, r6
10004330:	3d01      	subs	r5, #1
10004332:	782b      	ldrb	r3, [r5, #0]
10004334:	3b0d      	subs	r3, #13
10004336:	425a      	negs	r2, r3
10004338:	4153      	adcs	r3, r2
1000433a:	753b      	strb	r3, [r7, #20]
1000433c:	bdf8      	pop	{r3, r4, r5, r6, r7, pc}
1000433e:	7d03      	ldrb	r3, [r0, #20]
10004340:	2b00      	cmp	r3, #0
10004342:	d1e3      	bne.n	1000430c <stdio_out_chars_crlf+0x18>
10004344:	2102      	movs	r1, #2
10004346:	480e      	ldr	r0, [pc, #56]	@ (10004380 <stdio_out_chars_crlf+0x8c>)
10004348:	683b      	ldr	r3, [r7, #0]
1000434a:	4798      	blx	r3
1000434c:	2e01      	cmp	r6, #1
1000434e:	d0ee      	beq.n	1000432e <stdio_out_chars_crlf+0x3a>
10004350:	2001      	movs	r0, #1
10004352:	e7de      	b.n	10004312 <stdio_out_chars_crlf+0x1e>
10004354:	1e6b      	subs	r3, r5, #1
10004356:	5c5b      	ldrb	r3, [r3, r1]
10004358:	2b0d      	cmp	r3, #13
1000435a:	d0e0      	beq.n	1000431e <stdio_out_chars_crlf+0x2a>
1000435c:	4288      	cmp	r0, r1
1000435e:	da03      	bge.n	10004368 <stdio_out_chars_crlf+0x74>
10004360:	1a09      	subs	r1, r1, r0
10004362:	683b      	ldr	r3, [r7, #0]
10004364:	1828      	adds	r0, r5, r0
10004366:	4798      	blx	r3
10004368:	4805      	ldr	r0, [pc, #20]	@ (10004380 <stdio_out_chars_crlf+0x8c>)
1000436a:	2102      	movs	r1, #2
1000436c:	683b      	ldr	r3, [r7, #0]
1000436e:	4798      	blx	r3
10004370:	0020      	movs	r0, r4
10004372:	e7d4      	b.n	1000431e <stdio_out_chars_crlf+0x2a>
10004374:	6803      	ldr	r3, [r0, #0]
10004376:	0011      	movs	r1, r2
10004378:	0028      	movs	r0, r5
1000437a:	4798      	blx	r3
1000437c:	e7de      	b.n	1000433c <stdio_out_chars_crlf+0x48>
1000437e:	46c0      	nop			@ (mov r8, r8)
10004380:	10006ee0 	.word	0x10006ee0

10004384 <stdio_buffered_printer>:
10004384:	b5f8      	push	{r3, r4, r5, r6, r7, lr}
10004386:	680b      	ldr	r3, [r1, #0]
10004388:	000d      	movs	r5, r1
1000438a:	1c5a      	adds	r2, r3, #1
1000438c:	18cb      	adds	r3, r1, r3
1000438e:	600a      	str	r2, [r1, #0]
10004390:	7118      	strb	r0, [r3, #4]
10004392:	2a80      	cmp	r2, #128	@ 0x80
10004394:	d000      	beq.n	10004398 <stdio_buffered_printer+0x14>
10004396:	bdf8      	pop	{r3, r4, r5, r6, r7, pc}
10004398:	4b0e      	ldr	r3, [pc, #56]	@ (100043d4 <stdio_buffered_printer+0x50>)
1000439a:	681c      	ldr	r4, [r3, #0]
1000439c:	2c00      	cmp	r4, #0
1000439e:	d015      	beq.n	100043cc <stdio_buffered_printer+0x48>
100043a0:	4e0d      	ldr	r6, [pc, #52]	@ (100043d8 <stdio_buffered_printer+0x54>)
100043a2:	1d0f      	adds	r7, r1, #4
100043a4:	e002      	b.n	100043ac <stdio_buffered_printer+0x28>
100043a6:	6924      	ldr	r4, [r4, #16]
100043a8:	2c00      	cmp	r4, #0
100043aa:	d00f      	beq.n	100043cc <stdio_buffered_printer+0x48>
100043ac:	6823      	ldr	r3, [r4, #0]
100043ae:	2b00      	cmp	r3, #0
100043b0:	d0f9      	beq.n	100043a6 <stdio_buffered_printer+0x22>
100043b2:	6833      	ldr	r3, [r6, #0]
100043b4:	2b00      	cmp	r3, #0
100043b6:	d001      	beq.n	100043bc <stdio_buffered_printer+0x38>
100043b8:	42a3      	cmp	r3, r4
100043ba:	d1f4      	bne.n	100043a6 <stdio_buffered_printer+0x22>
100043bc:	0020      	movs	r0, r4
100043be:	0039      	movs	r1, r7
100043c0:	682a      	ldr	r2, [r5, #0]
100043c2:	f7ff ff97 	bl	100042f4 <stdio_out_chars_crlf>
100043c6:	6924      	ldr	r4, [r4, #16]
100043c8:	2c00      	cmp	r4, #0
100043ca:	d1ef      	bne.n	100043ac <stdio_buffered_printer+0x28>
100043cc:	2300      	movs	r3, #0
100043ce:	602b      	str	r3, [r5, #0]
100043d0:	e7e1      	b.n	10004396 <stdio_buffered_printer+0x12>
100043d2:	46c0      	nop			@ (mov r8, r8)
100043d4:	200017ec 	.word	0x200017ec
100043d8:	200017f8 	.word	0x200017f8

100043dc <stdio_put_string>:
100043dc:	b5f0      	push	{r4, r5, r6, r7, lr}
100043de:	4646      	mov	r6, r8
100043e0:	46d6      	mov	lr, sl
100043e2:	464f      	mov	r7, r9
100043e4:	b5c0      	push	{r6, r7, lr}
100043e6:	b082      	sub	sp, #8
100043e8:	4690      	mov	r8, r2
100043ea:	001c      	movs	r4, r3
100043ec:	0006      	movs	r6, r0
100043ee:	000d      	movs	r5, r1
100043f0:	f7fd f99e 	bl	10001730 <time_us_64>
100043f4:	2300      	movs	r3, #0
100043f6:	4a2f      	ldr	r2, [pc, #188]	@ (100044b4 <stdio_put_string+0xd8>)
100043f8:	1812      	adds	r2, r2, r0
100043fa:	414b      	adcs	r3, r1
100043fc:	2b00      	cmp	r3, #0
100043fe:	da02      	bge.n	10004406 <stdio_put_string+0x2a>
10004400:	2201      	movs	r2, #1
10004402:	4b2d      	ldr	r3, [pc, #180]	@ (100044b8 <stdio_put_string+0xdc>)
10004404:	4252      	negs	r2, r2
10004406:	492d      	ldr	r1, [pc, #180]	@ (100044bc <stdio_put_string+0xe0>)
10004408:	0008      	movs	r0, r1
1000440a:	468a      	mov	sl, r1
1000440c:	f002 fb1c 	bl	10006a48 <__mutex_try_enter_block_until_veneer>
10004410:	4681      	mov	r9, r0
10004412:	1c6b      	adds	r3, r5, #1
10004414:	d103      	bne.n	1000441e <stdio_put_string+0x42>
10004416:	0030      	movs	r0, r6
10004418:	f002 facc 	bl	100069b4 <strlen>
1000441c:	0005      	movs	r5, r0
1000441e:	2c00      	cmp	r4, #0
10004420:	d027      	beq.n	10004472 <stdio_put_string+0x96>
10004422:	4f27      	ldr	r7, [pc, #156]	@ (100044c0 <stdio_put_string+0xe4>)
10004424:	4b27      	ldr	r3, [pc, #156]	@ (100044c4 <stdio_put_string+0xe8>)
10004426:	681c      	ldr	r4, [r3, #0]
10004428:	2c00      	cmp	r4, #0
1000442a:	d018      	beq.n	1000445e <stdio_put_string+0x82>
1000442c:	4643      	mov	r3, r8
1000442e:	2b00      	cmp	r3, #0
10004430:	d121      	bne.n	10004476 <stdio_put_string+0x9a>
10004432:	4b25      	ldr	r3, [pc, #148]	@ (100044c8 <stdio_put_string+0xec>)
10004434:	4698      	mov	r8, r3
10004436:	e002      	b.n	1000443e <stdio_put_string+0x62>
10004438:	6924      	ldr	r4, [r4, #16]
1000443a:	2c00      	cmp	r4, #0
1000443c:	d00f      	beq.n	1000445e <stdio_put_string+0x82>
1000443e:	6823      	ldr	r3, [r4, #0]
10004440:	2b00      	cmp	r3, #0
10004442:	d0f9      	beq.n	10004438 <stdio_put_string+0x5c>
10004444:	4643      	mov	r3, r8
10004446:	681b      	ldr	r3, [r3, #0]
10004448:	2b00      	cmp	r3, #0
1000444a:	d001      	beq.n	10004450 <stdio_put_string+0x74>
1000444c:	429c      	cmp	r4, r3
1000444e:	d1f3      	bne.n	10004438 <stdio_put_string+0x5c>
10004450:	0020      	movs	r0, r4
10004452:	002a      	movs	r2, r5
10004454:	0031      	movs	r1, r6
10004456:	47b8      	blx	r7
10004458:	6924      	ldr	r4, [r4, #16]
1000445a:	2c00      	cmp	r4, #0
1000445c:	d1ef      	bne.n	1000443e <stdio_put_string+0x62>
1000445e:	464b      	mov	r3, r9
10004460:	2b00      	cmp	r3, #0
10004462:	d123      	bne.n	100044ac <stdio_put_string+0xd0>
10004464:	0028      	movs	r0, r5
10004466:	b002      	add	sp, #8
10004468:	bce0      	pop	{r5, r6, r7}
1000446a:	46ba      	mov	sl, r7
1000446c:	46b1      	mov	r9, r6
1000446e:	46a8      	mov	r8, r5
10004470:	bdf0      	pop	{r4, r5, r6, r7, pc}
10004472:	4f16      	ldr	r7, [pc, #88]	@ (100044cc <stdio_put_string+0xf0>)
10004474:	e7d6      	b.n	10004424 <stdio_put_string+0x48>
10004476:	4b14      	ldr	r3, [pc, #80]	@ (100044c8 <stdio_put_string+0xec>)
10004478:	4698      	mov	r8, r3
1000447a:	e002      	b.n	10004482 <stdio_put_string+0xa6>
1000447c:	6924      	ldr	r4, [r4, #16]
1000447e:	2c00      	cmp	r4, #0
10004480:	d0ed      	beq.n	1000445e <stdio_put_string+0x82>
10004482:	6823      	ldr	r3, [r4, #0]
10004484:	2b00      	cmp	r3, #0
10004486:	d0f9      	beq.n	1000447c <stdio_put_string+0xa0>
10004488:	4643      	mov	r3, r8
1000448a:	681b      	ldr	r3, [r3, #0]
1000448c:	2b00      	cmp	r3, #0
1000448e:	d001      	beq.n	10004494 <stdio_put_string+0xb8>
10004490:	42a3      	cmp	r3, r4
10004492:	d1f3      	bne.n	1000447c <stdio_put_string+0xa0>
10004494:	002a      	movs	r2, r5
10004496:	0031      	movs	r1, r6
10004498:	0020      	movs	r0, r4
1000449a:	47b8      	blx	r7
1000449c:	466b      	mov	r3, sp
1000449e:	220a      	movs	r2, #10
100044a0:	0020      	movs	r0, r4
100044a2:	71da      	strb	r2, [r3, #7]
100044a4:	1dd9      	adds	r1, r3, #7
100044a6:	3a09      	subs	r2, #9
100044a8:	47b8      	blx	r7
100044aa:	e7e7      	b.n	1000447c <stdio_put_string+0xa0>
100044ac:	4650      	mov	r0, sl
100044ae:	f002 fb0b 	bl	10006ac8 <__mutex_exit_veneer>
100044b2:	e7d7      	b.n	10004464 <stdio_put_string+0x88>
100044b4:	000f4240 	.word	0x000f4240
100044b8:	7fffffff 	.word	0x7fffffff
100044bc:	20001028 	.word	0x20001028
100044c0:	100042f5 	.word	0x100042f5
100044c4:	200017ec 	.word	0x200017ec
100044c8:	200017f8 	.word	0x200017f8
100044cc:	100042e5 	.word	0x100042e5

100044d0 <stdio_set_driver_enabled>:
100044d0:	4a0a      	ldr	r2, [pc, #40]	@ (100044fc <stdio_set_driver_enabled+0x2c>)
100044d2:	6813      	ldr	r3, [r2, #0]
100044d4:	2b00      	cmp	r3, #0
100044d6:	d105      	bne.n	100044e4 <stdio_set_driver_enabled+0x14>
100044d8:	e00c      	b.n	100044f4 <stdio_set_driver_enabled+0x24>
100044da:	001a      	movs	r2, r3
100044dc:	691b      	ldr	r3, [r3, #16]
100044de:	3210      	adds	r2, #16
100044e0:	2b00      	cmp	r3, #0
100044e2:	d007      	beq.n	100044f4 <stdio_set_driver_enabled+0x24>
100044e4:	4283      	cmp	r3, r0
100044e6:	d1f8      	bne.n	100044da <stdio_set_driver_enabled+0xa>
100044e8:	2900      	cmp	r1, #0
100044ea:	d102      	bne.n	100044f2 <stdio_set_driver_enabled+0x22>
100044ec:	6918      	ldr	r0, [r3, #16]
100044ee:	6010      	str	r0, [r2, #0]
100044f0:	6119      	str	r1, [r3, #16]
100044f2:	4770      	bx	lr
100044f4:	2900      	cmp	r1, #0
100044f6:	d0fc      	beq.n	100044f2 <stdio_set_driver_enabled+0x22>
100044f8:	6010      	str	r0, [r2, #0]
100044fa:	e7fa      	b.n	100044f2 <stdio_set_driver_enabled+0x22>
100044fc:	200017ec 	.word	0x200017ec

10004500 <stdio_init_all>:
10004500:	b510      	push	{r4, lr}
10004502:	f000 fa67 	bl	100049d4 <stdio_usb_init>
10004506:	bd10      	pop	{r4, pc}

10004508 <__wrap_putchar>:
10004508:	b5f0      	push	{r4, r5, r6, r7, lr}
1000450a:	46ce      	mov	lr, r9
1000450c:	4647      	mov	r7, r8
1000450e:	b580      	push	{r7, lr}
10004510:	b083      	sub	sp, #12
10004512:	466b      	mov	r3, sp
10004514:	0006      	movs	r6, r0
10004516:	1ddd      	adds	r5, r3, #7
10004518:	7028      	strb	r0, [r5, #0]
1000451a:	f7fd f909 	bl	10001730 <time_us_64>
1000451e:	2300      	movs	r3, #0
10004520:	4a19      	ldr	r2, [pc, #100]	@ (10004588 <__wrap_putchar+0x80>)
10004522:	1812      	adds	r2, r2, r0
10004524:	414b      	adcs	r3, r1
10004526:	2b00      	cmp	r3, #0
10004528:	da02      	bge.n	10004530 <__wrap_putchar+0x28>
1000452a:	2201      	movs	r2, #1
1000452c:	4b17      	ldr	r3, [pc, #92]	@ (1000458c <__wrap_putchar+0x84>)
1000452e:	4252      	negs	r2, r2
10004530:	4917      	ldr	r1, [pc, #92]	@ (10004590 <__wrap_putchar+0x88>)
10004532:	0008      	movs	r0, r1
10004534:	4689      	mov	r9, r1
10004536:	f002 fa87 	bl	10006a48 <__mutex_try_enter_block_until_veneer>
1000453a:	4b16      	ldr	r3, [pc, #88]	@ (10004594 <__wrap_putchar+0x8c>)
1000453c:	4680      	mov	r8, r0
1000453e:	681c      	ldr	r4, [r3, #0]
10004540:	2c00      	cmp	r4, #0
10004542:	d014      	beq.n	1000456e <__wrap_putchar+0x66>
10004544:	4f14      	ldr	r7, [pc, #80]	@ (10004598 <__wrap_putchar+0x90>)
10004546:	e002      	b.n	1000454e <__wrap_putchar+0x46>
10004548:	6924      	ldr	r4, [r4, #16]
1000454a:	2c00      	cmp	r4, #0
1000454c:	d00f      	beq.n	1000456e <__wrap_putchar+0x66>
1000454e:	6823      	ldr	r3, [r4, #0]
10004550:	2b00      	cmp	r3, #0
10004552:	d0f9      	beq.n	10004548 <__wrap_putchar+0x40>
10004554:	683b      	ldr	r3, [r7, #0]
10004556:	2b00      	cmp	r3, #0
10004558:	d001      	beq.n	1000455e <__wrap_putchar+0x56>
1000455a:	429c      	cmp	r4, r3
1000455c:	d1f4      	bne.n	10004548 <__wrap_putchar+0x40>
1000455e:	0020      	movs	r0, r4
10004560:	2201      	movs	r2, #1
10004562:	0029      	movs	r1, r5
10004564:	f7ff fec6 	bl	100042f4 <stdio_out_chars_crlf>
10004568:	6924      	ldr	r4, [r4, #16]
1000456a:	2c00      	cmp	r4, #0
1000456c:	d1ef      	bne.n	1000454e <__wrap_putchar+0x46>
1000456e:	4643      	mov	r3, r8
10004570:	2b00      	cmp	r3, #0
10004572:	d105      	bne.n	10004580 <__wrap_putchar+0x78>
10004574:	0030      	movs	r0, r6
10004576:	b003      	add	sp, #12
10004578:	bcc0      	pop	{r6, r7}
1000457a:	46b9      	mov	r9, r7
1000457c:	46b0      	mov	r8, r6
1000457e:	bdf0      	pop	{r4, r5, r6, r7, pc}
10004580:	4648      	mov	r0, r9
10004582:	f002 faa1 	bl	10006ac8 <__mutex_exit_veneer>
10004586:	e7f5      	b.n	10004574 <__wrap_putchar+0x6c>
10004588:	000f4240 	.word	0x000f4240
1000458c:	7fffffff 	.word	0x7fffffff
10004590:	20001028 	.word	0x20001028
10004594:	200017ec 	.word	0x200017ec
10004598:	200017f8 	.word	0x200017f8

1000459c <__wrap_puts>:
1000459c:	b570      	push	{r4, r5, r6, lr}
1000459e:	0004      	movs	r4, r0
100045a0:	f002 fa08 	bl	100069b4 <strlen>
100045a4:	2301      	movs	r3, #1
100045a6:	0001      	movs	r1, r0
100045a8:	0005      	movs	r5, r0
100045aa:	2201      	movs	r2, #1
100045ac:	0020      	movs	r0, r4
100045ae:	f7ff ff15 	bl	100043dc <stdio_put_string>
100045b2:	4b08      	ldr	r3, [pc, #32]	@ (100045d4 <__wrap_puts+0x38>)
100045b4:	681c      	ldr	r4, [r3, #0]
100045b6:	2c00      	cmp	r4, #0
100045b8:	d006      	beq.n	100045c8 <__wrap_puts+0x2c>
100045ba:	6863      	ldr	r3, [r4, #4]
100045bc:	2b00      	cmp	r3, #0
100045be:	d005      	beq.n	100045cc <__wrap_puts+0x30>
100045c0:	4798      	blx	r3
100045c2:	6924      	ldr	r4, [r4, #16]
100045c4:	2c00      	cmp	r4, #0
100045c6:	d1f8      	bne.n	100045ba <__wrap_puts+0x1e>
100045c8:	0028      	movs	r0, r5
100045ca:	bd70      	pop	{r4, r5, r6, pc}
100045cc:	6924      	ldr	r4, [r4, #16]
100045ce:	2c00      	cmp	r4, #0
100045d0:	d1f3      	bne.n	100045ba <__wrap_puts+0x1e>
100045d2:	e7f9      	b.n	100045c8 <__wrap_puts+0x2c>
100045d4:	200017ec 	.word	0x200017ec

100045d8 <__wrap_vprintf>:
100045d8:	b5f0      	push	{r4, r5, r6, r7, lr}
100045da:	46ce      	mov	lr, r9
100045dc:	4647      	mov	r7, r8
100045de:	b580      	push	{r7, lr}
100045e0:	b0a3      	sub	sp, #140	@ 0x8c
100045e2:	0004      	movs	r4, r0
100045e4:	000e      	movs	r6, r1
100045e6:	f7fd f8a3 	bl	10001730 <time_us_64>
100045ea:	2300      	movs	r3, #0
100045ec:	4a26      	ldr	r2, [pc, #152]	@ (10004688 <__wrap_vprintf+0xb0>)
100045ee:	1812      	adds	r2, r2, r0
100045f0:	414b      	adcs	r3, r1
100045f2:	2b00      	cmp	r3, #0
100045f4:	da02      	bge.n	100045fc <__wrap_vprintf+0x24>
100045f6:	2201      	movs	r2, #1
100045f8:	4b24      	ldr	r3, [pc, #144]	@ (1000468c <__wrap_vprintf+0xb4>)
100045fa:	4252      	negs	r2, r2
100045fc:	4824      	ldr	r0, [pc, #144]	@ (10004690 <__wrap_vprintf+0xb8>)
100045fe:	f002 fa23 	bl	10006a48 <__mutex_try_enter_block_until_veneer>
10004602:	2300      	movs	r3, #0
10004604:	0022      	movs	r2, r4
10004606:	9301      	str	r3, [sp, #4]
10004608:	4680      	mov	r8, r0
1000460a:	0033      	movs	r3, r6
1000460c:	4821      	ldr	r0, [pc, #132]	@ (10004694 <__wrap_vprintf+0xbc>)
1000460e:	a901      	add	r1, sp, #4
10004610:	f7ff fe22 	bl	10004258 <vfctprintf>
10004614:	4f20      	ldr	r7, [pc, #128]	@ (10004698 <__wrap_vprintf+0xc0>)
10004616:	9b01      	ldr	r3, [sp, #4]
10004618:	4681      	mov	r9, r0
1000461a:	683c      	ldr	r4, [r7, #0]
1000461c:	2b00      	cmp	r3, #0
1000461e:	d019      	beq.n	10004654 <__wrap_vprintf+0x7c>
10004620:	2c00      	cmp	r4, #0
10004622:	d02f      	beq.n	10004684 <__wrap_vprintf+0xac>
10004624:	4e1d      	ldr	r6, [pc, #116]	@ (1000469c <__wrap_vprintf+0xc4>)
10004626:	e002      	b.n	1000462e <__wrap_vprintf+0x56>
10004628:	6924      	ldr	r4, [r4, #16]
1000462a:	2c00      	cmp	r4, #0
1000462c:	d00f      	beq.n	1000464e <__wrap_vprintf+0x76>
1000462e:	6823      	ldr	r3, [r4, #0]
10004630:	2b00      	cmp	r3, #0
10004632:	d0f9      	beq.n	10004628 <__wrap_vprintf+0x50>
10004634:	6833      	ldr	r3, [r6, #0]
10004636:	2b00      	cmp	r3, #0
10004638:	d001      	beq.n	1000463e <__wrap_vprintf+0x66>
1000463a:	42a3      	cmp	r3, r4
1000463c:	d1f4      	bne.n	10004628 <__wrap_vprintf+0x50>
1000463e:	0020      	movs	r0, r4
10004640:	9a01      	ldr	r2, [sp, #4]
10004642:	a902      	add	r1, sp, #8
10004644:	f7ff fe56 	bl	100042f4 <stdio_out_chars_crlf>
10004648:	6924      	ldr	r4, [r4, #16]
1000464a:	2c00      	cmp	r4, #0
1000464c:	d1ef      	bne.n	1000462e <__wrap_vprintf+0x56>
1000464e:	2300      	movs	r3, #0
10004650:	683c      	ldr	r4, [r7, #0]
10004652:	9301      	str	r3, [sp, #4]
10004654:	2c00      	cmp	r4, #0
10004656:	d006      	beq.n	10004666 <__wrap_vprintf+0x8e>
10004658:	6863      	ldr	r3, [r4, #4]
1000465a:	2b00      	cmp	r3, #0
1000465c:	d00c      	beq.n	10004678 <__wrap_vprintf+0xa0>
1000465e:	4798      	blx	r3
10004660:	6924      	ldr	r4, [r4, #16]
10004662:	2c00      	cmp	r4, #0
10004664:	d1f8      	bne.n	10004658 <__wrap_vprintf+0x80>
10004666:	4643      	mov	r3, r8
10004668:	2b00      	cmp	r3, #0
1000466a:	d107      	bne.n	1000467c <__wrap_vprintf+0xa4>
1000466c:	4648      	mov	r0, r9
1000466e:	b023      	add	sp, #140	@ 0x8c
10004670:	bcc0      	pop	{r6, r7}
10004672:	46b9      	mov	r9, r7
10004674:	46b0      	mov	r8, r6
10004676:	bdf0      	pop	{r4, r5, r6, r7, pc}
10004678:	6924      	ldr	r4, [r4, #16]
1000467a:	e7eb      	b.n	10004654 <__wrap_vprintf+0x7c>
1000467c:	4804      	ldr	r0, [pc, #16]	@ (10004690 <__wrap_vprintf+0xb8>)
1000467e:	f002 fa23 	bl	10006ac8 <__mutex_exit_veneer>
10004682:	e7f3      	b.n	1000466c <__wrap_vprintf+0x94>
10004684:	9401      	str	r4, [sp, #4]
10004686:	e7ee      	b.n	10004666 <__wrap_vprintf+0x8e>
10004688:	000f4240 	.word	0x000f4240
1000468c:	7fffffff 	.word	0x7fffffff
10004690:	20001028 	.word	0x20001028
10004694:	10004385 	.word	0x10004385
10004698:	200017ec 	.word	0x200017ec
1000469c:	200017f8 	.word	0x200017f8

100046a0 <__wrap_printf>:
100046a0:	b40f      	push	{r0, r1, r2, r3}
100046a2:	b500      	push	{lr}
100046a4:	b083      	sub	sp, #12
100046a6:	a904      	add	r1, sp, #16
100046a8:	c901      	ldmia	r1!, {r0}
100046aa:	9101      	str	r1, [sp, #4]
100046ac:	f7ff ff94 	bl	100045d8 <__wrap_vprintf>
100046b0:	b003      	add	sp, #12
100046b2:	bc08      	pop	{r3}
100046b4:	b004      	add	sp, #16
100046b6:	4718      	bx	r3

100046b8 <stdio_usb_set_chars_available_callback>:
100046b8:	4b02      	ldr	r3, [pc, #8]	@ (100046c4 <stdio_usb_set_chars_available_callback+0xc>)
100046ba:	6018      	str	r0, [r3, #0]
100046bc:	4b02      	ldr	r3, [pc, #8]	@ (100046c8 <stdio_usb_set_chars_available_callback+0x10>)
100046be:	6019      	str	r1, [r3, #0]
100046c0:	4770      	bx	lr
100046c2:	46c0      	nop			@ (mov r8, r8)
100046c4:	2000178c 	.word	0x2000178c
100046c8:	20001790 	.word	0x20001790

100046cc <usb_irq>:
100046cc:	b510      	push	{r4, lr}
100046ce:	4b02      	ldr	r3, [pc, #8]	@ (100046d8 <usb_irq+0xc>)
100046d0:	7818      	ldrb	r0, [r3, #0]
100046d2:	f7fc f939 	bl	10000948 <irq_set_pending>
100046d6:	bd10      	pop	{r4, pc}
100046d8:	20001c58 	.word	0x20001c58

100046dc <timer_task>:
100046dc:	4b15      	ldr	r3, [pc, #84]	@ (10004734 <timer_task+0x58>)
100046de:	b570      	push	{r4, r5, r6, lr}
100046e0:	681a      	ldr	r2, [r3, #0]
100046e2:	2a00      	cmp	r2, #0
100046e4:	d022      	beq.n	1000472c <timer_task+0x50>
100046e6:	f3ef 8110 	mrs	r1, PRIMASK
100046ea:	b672      	cpsid	i
100046ec:	6810      	ldr	r0, [r2, #0]
100046ee:	2800      	cmp	r0, #0
100046f0:	d0fc      	beq.n	100046ec <timer_task+0x10>
100046f2:	f3bf 8f5f 	dmb	sy
100046f6:	2000      	movs	r0, #0
100046f8:	4a0f      	ldr	r2, [pc, #60]	@ (10004738 <timer_task+0x5c>)
100046fa:	6059      	str	r1, [r3, #4]
100046fc:	7010      	strb	r0, [r2, #0]
100046fe:	681b      	ldr	r3, [r3, #0]
10004700:	f3bf 8f5f 	dmb	sy
10004704:	6018      	str	r0, [r3, #0]
10004706:	f381 8810 	msr	PRIMASK, r1
1000470a:	2400      	movs	r4, #0
1000470c:	2500      	movs	r5, #0
1000470e:	4e0b      	ldr	r6, [pc, #44]	@ (1000473c <timer_task+0x60>)
10004710:	7830      	ldrb	r0, [r6, #0]
10004712:	f7fc f90d 	bl	10000930 <irq_is_enabled>
10004716:	2800      	cmp	r0, #0
10004718:	d104      	bne.n	10004724 <timer_task+0x48>
1000471a:	2400      	movs	r4, #0
1000471c:	2500      	movs	r5, #0
1000471e:	0029      	movs	r1, r5
10004720:	0020      	movs	r0, r4
10004722:	bd70      	pop	{r4, r5, r6, pc}
10004724:	7830      	ldrb	r0, [r6, #0]
10004726:	f7fc f90f 	bl	10000948 <irq_set_pending>
1000472a:	e7f8      	b.n	1000471e <timer_task+0x42>
1000472c:	24fa      	movs	r4, #250	@ 0xfa
1000472e:	2500      	movs	r5, #0
10004730:	00a4      	lsls	r4, r4, #2
10004732:	e7ec      	b.n	1000470e <timer_task+0x32>
10004734:	20001c08 	.word	0x20001c08
10004738:	20001c59 	.word	0x20001c59
1000473c:	20001c58 	.word	0x20001c58

10004740 <stdio_usb_in_chars>:
10004740:	b570      	push	{r4, r5, r6, lr}
10004742:	0005      	movs	r5, r0
10004744:	2000      	movs	r0, #0
10004746:	000e      	movs	r6, r1
10004748:	f001 fb78 	bl	10005e3c <tud_cdc_n_connected>
1000474c:	2800      	cmp	r0, #0
1000474e:	d034      	beq.n	100047ba <stdio_usb_in_chars+0x7a>
10004750:	2000      	movs	r0, #0
10004752:	f001 fb89 	bl	10005e68 <tud_cdc_n_available>
10004756:	2800      	cmp	r0, #0
10004758:	d02f      	beq.n	100047ba <stdio_usb_in_chars+0x7a>
1000475a:	f7fc ffe9 	bl	10001730 <time_us_64>
1000475e:	2300      	movs	r3, #0
10004760:	4a17      	ldr	r2, [pc, #92]	@ (100047c0 <stdio_usb_in_chars+0x80>)
10004762:	1812      	adds	r2, r2, r0
10004764:	414b      	adcs	r3, r1
10004766:	2b00      	cmp	r3, #0
10004768:	db16      	blt.n	10004798 <stdio_usb_in_chars+0x58>
1000476a:	4c16      	ldr	r4, [pc, #88]	@ (100047c4 <stdio_usb_in_chars+0x84>)
1000476c:	0020      	movs	r0, r4
1000476e:	f002 f96b 	bl	10006a48 <__mutex_try_enter_block_until_veneer>
10004772:	2800      	cmp	r0, #0
10004774:	d021      	beq.n	100047ba <stdio_usb_in_chars+0x7a>
10004776:	2000      	movs	r0, #0
10004778:	f001 fb60 	bl	10005e3c <tud_cdc_n_connected>
1000477c:	2800      	cmp	r0, #0
1000477e:	d10f      	bne.n	100047a0 <stdio_usb_in_chars+0x60>
10004780:	2001      	movs	r0, #1
10004782:	2100      	movs	r1, #0
10004784:	4240      	negs	r0, r0
10004786:	f000 fd89 	bl	1000529c <tud_task_ext>
1000478a:	2503      	movs	r5, #3
1000478c:	426d      	negs	r5, r5
1000478e:	0020      	movs	r0, r4
10004790:	f002 f99a 	bl	10006ac8 <__mutex_exit_veneer>
10004794:	0028      	movs	r0, r5
10004796:	bd70      	pop	{r4, r5, r6, pc}
10004798:	2201      	movs	r2, #1
1000479a:	4b0b      	ldr	r3, [pc, #44]	@ (100047c8 <stdio_usb_in_chars+0x88>)
1000479c:	4252      	negs	r2, r2
1000479e:	e7e4      	b.n	1000476a <stdio_usb_in_chars+0x2a>
100047a0:	2000      	movs	r0, #0
100047a2:	f001 fb61 	bl	10005e68 <tud_cdc_n_available>
100047a6:	2800      	cmp	r0, #0
100047a8:	d0ea      	beq.n	10004780 <stdio_usb_in_chars+0x40>
100047aa:	0029      	movs	r1, r5
100047ac:	0032      	movs	r2, r6
100047ae:	2000      	movs	r0, #0
100047b0:	f001 fb64 	bl	10005e7c <tud_cdc_n_read>
100047b4:	1e05      	subs	r5, r0, #0
100047b6:	d1ea      	bne.n	1000478e <stdio_usb_in_chars+0x4e>
100047b8:	e7e7      	b.n	1000478a <stdio_usb_in_chars+0x4a>
100047ba:	2503      	movs	r5, #3
100047bc:	426d      	negs	r5, r5
100047be:	e7e9      	b.n	10004794 <stdio_usb_in_chars+0x54>
100047c0:	000f4240 	.word	0x000f4240
100047c4:	20001c38 	.word	0x20001c38
100047c8:	7fffffff 	.word	0x7fffffff

100047cc <stdio_usb_out_flush>:
100047cc:	b510      	push	{r4, lr}
100047ce:	f7fc ffaf 	bl	10001730 <time_us_64>
100047d2:	2300      	movs	r3, #0
100047d4:	4a0d      	ldr	r2, [pc, #52]	@ (1000480c <stdio_usb_out_flush+0x40>)
100047d6:	1812      	adds	r2, r2, r0
100047d8:	414b      	adcs	r3, r1
100047da:	2b00      	cmp	r3, #0
100047dc:	da02      	bge.n	100047e4 <stdio_usb_out_flush+0x18>
100047de:	2201      	movs	r2, #1
100047e0:	4b0b      	ldr	r3, [pc, #44]	@ (10004810 <stdio_usb_out_flush+0x44>)
100047e2:	4252      	negs	r2, r2
100047e4:	480b      	ldr	r0, [pc, #44]	@ (10004814 <stdio_usb_out_flush+0x48>)
100047e6:	f002 f92f 	bl	10006a48 <__mutex_try_enter_block_until_veneer>
100047ea:	2800      	cmp	r0, #0
100047ec:	d00c      	beq.n	10004808 <stdio_usb_out_flush+0x3c>
100047ee:	2001      	movs	r0, #1
100047f0:	2100      	movs	r1, #0
100047f2:	4240      	negs	r0, r0
100047f4:	f000 fd52 	bl	1000529c <tud_task_ext>
100047f8:	2000      	movs	r0, #0
100047fa:	f001 fb83 	bl	10005f04 <tud_cdc_n_write_flush>
100047fe:	2800      	cmp	r0, #0
10004800:	d1f5      	bne.n	100047ee <stdio_usb_out_flush+0x22>
10004802:	4804      	ldr	r0, [pc, #16]	@ (10004814 <stdio_usb_out_flush+0x48>)
10004804:	f002 f960 	bl	10006ac8 <__mutex_exit_veneer>
10004808:	bd10      	pop	{r4, pc}
1000480a:	46c0      	nop			@ (mov r8, r8)
1000480c:	000f4240 	.word	0x000f4240
10004810:	7fffffff 	.word	0x7fffffff
10004814:	20001c38 	.word	0x20001c38

10004818 <stdio_usb_out_chars>:
10004818:	b5f8      	push	{r3, r4, r5, r6, r7, lr}
1000481a:	46ce      	mov	lr, r9
1000481c:	4647      	mov	r7, r8
1000481e:	b580      	push	{r7, lr}
10004820:	0005      	movs	r5, r0
10004822:	000c      	movs	r4, r1
10004824:	f7fc ff84 	bl	10001730 <time_us_64>
10004828:	2300      	movs	r3, #0
1000482a:	4a34      	ldr	r2, [pc, #208]	@ (100048fc <stdio_usb_out_chars+0xe4>)
1000482c:	1812      	adds	r2, r2, r0
1000482e:	414b      	adcs	r3, r1
10004830:	2b00      	cmp	r3, #0
10004832:	da02      	bge.n	1000483a <stdio_usb_out_chars+0x22>
10004834:	2201      	movs	r2, #1
10004836:	4b32      	ldr	r3, [pc, #200]	@ (10004900 <stdio_usb_out_chars+0xe8>)
10004838:	4252      	negs	r2, r2
1000483a:	4932      	ldr	r1, [pc, #200]	@ (10004904 <stdio_usb_out_chars+0xec>)
1000483c:	0008      	movs	r0, r1
1000483e:	4688      	mov	r8, r1
10004840:	f002 f902 	bl	10006a48 <__mutex_try_enter_block_until_veneer>
10004844:	2800      	cmp	r0, #0
10004846:	d103      	bne.n	10004850 <stdio_usb_out_chars+0x38>
10004848:	bcc0      	pop	{r6, r7}
1000484a:	46b9      	mov	r9, r7
1000484c:	46b0      	mov	r8, r6
1000484e:	bdf8      	pop	{r3, r4, r5, r6, r7, pc}
10004850:	2000      	movs	r0, #0
10004852:	f001 faf3 	bl	10005e3c <tud_cdc_n_connected>
10004856:	2800      	cmp	r0, #0
10004858:	d048      	beq.n	100048ec <stdio_usb_out_chars+0xd4>
1000485a:	2600      	movs	r6, #0
1000485c:	2c00      	cmp	r4, #0
1000485e:	dd41      	ble.n	100048e4 <stdio_usb_out_chars+0xcc>
10004860:	4b29      	ldr	r3, [pc, #164]	@ (10004908 <stdio_usb_out_chars+0xf0>)
10004862:	4699      	mov	r9, r3
10004864:	e013      	b.n	1000488e <stdio_usb_out_chars+0x76>
10004866:	19a9      	adds	r1, r5, r6
10004868:	2000      	movs	r0, #0
1000486a:	f001 fb87 	bl	10005f7c <tud_cdc_n_write>
1000486e:	0007      	movs	r7, r0
10004870:	2001      	movs	r0, #1
10004872:	2100      	movs	r1, #0
10004874:	4240      	negs	r0, r0
10004876:	f000 fd11 	bl	1000529c <tud_task_ext>
1000487a:	2000      	movs	r0, #0
1000487c:	f001 fb42 	bl	10005f04 <tud_cdc_n_write_flush>
10004880:	f7fc ff56 	bl	10001730 <time_us_64>
10004884:	4b20      	ldr	r3, [pc, #128]	@ (10004908 <stdio_usb_out_chars+0xf0>)
10004886:	19f6      	adds	r6, r6, r7
10004888:	c303      	stmia	r3!, {r0, r1}
1000488a:	42b4      	cmp	r4, r6
1000488c:	dd2a      	ble.n	100048e4 <stdio_usb_out_chars+0xcc>
1000488e:	2000      	movs	r0, #0
10004890:	f001 fb94 	bl	10005fbc <tud_cdc_n_write_available>
10004894:	1ba7      	subs	r7, r4, r6
10004896:	0002      	movs	r2, r0
10004898:	42b8      	cmp	r0, r7
1000489a:	dd00      	ble.n	1000489e <stdio_usb_out_chars+0x86>
1000489c:	003a      	movs	r2, r7
1000489e:	2a00      	cmp	r2, #0
100048a0:	d1e1      	bne.n	10004866 <stdio_usb_out_chars+0x4e>
100048a2:	2001      	movs	r0, #1
100048a4:	2100      	movs	r1, #0
100048a6:	4240      	negs	r0, r0
100048a8:	f000 fcf8 	bl	1000529c <tud_task_ext>
100048ac:	2000      	movs	r0, #0
100048ae:	f001 fb29 	bl	10005f04 <tud_cdc_n_write_flush>
100048b2:	2000      	movs	r0, #0
100048b4:	f001 fac2 	bl	10005e3c <tud_cdc_n_connected>
100048b8:	2800      	cmp	r0, #0
100048ba:	d013      	beq.n	100048e4 <stdio_usb_out_chars+0xcc>
100048bc:	2000      	movs	r0, #0
100048be:	f001 fb7d 	bl	10005fbc <tud_cdc_n_write_available>
100048c2:	2800      	cmp	r0, #0
100048c4:	d1e1      	bne.n	1000488a <stdio_usb_out_chars+0x72>
100048c6:	f7fc ff33 	bl	10001730 <time_us_64>
100048ca:	464b      	mov	r3, r9
100048cc:	000f      	movs	r7, r1
100048ce:	cb0c      	ldmia	r3, {r2, r3}
100048d0:	2100      	movs	r1, #0
100048d2:	4684      	mov	ip, r0
100048d4:	480d      	ldr	r0, [pc, #52]	@ (1000490c <stdio_usb_out_chars+0xf4>)
100048d6:	1812      	adds	r2, r2, r0
100048d8:	414b      	adcs	r3, r1
100048da:	429f      	cmp	r7, r3
100048dc:	d802      	bhi.n	100048e4 <stdio_usb_out_chars+0xcc>
100048de:	d1d4      	bne.n	1000488a <stdio_usb_out_chars+0x72>
100048e0:	4594      	cmp	ip, r2
100048e2:	d9d2      	bls.n	1000488a <stdio_usb_out_chars+0x72>
100048e4:	4640      	mov	r0, r8
100048e6:	f002 f8ef 	bl	10006ac8 <__mutex_exit_veneer>
100048ea:	e7ad      	b.n	10004848 <stdio_usb_out_chars+0x30>
100048ec:	2000      	movs	r0, #0
100048ee:	2100      	movs	r1, #0
100048f0:	4b05      	ldr	r3, [pc, #20]	@ (10004908 <stdio_usb_out_chars+0xf0>)
100048f2:	c303      	stmia	r3!, {r0, r1}
100048f4:	4640      	mov	r0, r8
100048f6:	f002 f8e7 	bl	10006ac8 <__mutex_exit_veneer>
100048fa:	e7a5      	b.n	10004848 <stdio_usb_out_chars+0x30>
100048fc:	000f4240 	.word	0x000f4240
10004900:	7fffffff 	.word	0x7fffffff
10004904:	20001c38 	.word	0x20001c38
10004908:	20001278 	.word	0x20001278
1000490c:	0007a120 	.word	0x0007a120

10004910 <low_priority_worker_irq>:
10004910:	b530      	push	{r4, r5, lr}
10004912:	2100      	movs	r1, #0
10004914:	b085      	sub	sp, #20
10004916:	4828      	ldr	r0, [pc, #160]	@ (100049b8 <low_priority_worker_irq+0xa8>)
10004918:	f002 f8be 	bl	10006a98 <__mutex_try_enter_veneer>
1000491c:	2800      	cmp	r0, #0
1000491e:	d11c      	bne.n	1000495a <low_priority_worker_irq+0x4a>
10004920:	4b26      	ldr	r3, [pc, #152]	@ (100049bc <low_priority_worker_irq+0xac>)
10004922:	681a      	ldr	r2, [r3, #0]
10004924:	2a00      	cmp	r2, #0
10004926:	d016      	beq.n	10004956 <low_priority_worker_irq+0x46>
10004928:	f3ef 8110 	mrs	r1, PRIMASK
1000492c:	b672      	cpsid	i
1000492e:	6810      	ldr	r0, [r2, #0]
10004930:	2800      	cmp	r0, #0
10004932:	d0fc      	beq.n	1000492e <low_priority_worker_irq+0x1e>
10004934:	f3bf 8f5f 	dmb	sy
10004938:	2401      	movs	r4, #1
1000493a:	4821      	ldr	r0, [pc, #132]	@ (100049c0 <low_priority_worker_irq+0xb0>)
1000493c:	6059      	str	r1, [r3, #4]
1000493e:	7802      	ldrb	r2, [r0, #0]
10004940:	681b      	ldr	r3, [r3, #0]
10004942:	b2d2      	uxtb	r2, r2
10004944:	7004      	strb	r4, [r0, #0]
10004946:	f3bf 8f5f 	dmb	sy
1000494a:	2000      	movs	r0, #0
1000494c:	6018      	str	r0, [r3, #0]
1000494e:	f381 8810 	msr	PRIMASK, r1
10004952:	2a00      	cmp	r2, #0
10004954:	d017      	beq.n	10004986 <low_priority_worker_irq+0x76>
10004956:	b005      	add	sp, #20
10004958:	bd30      	pop	{r4, r5, pc}
1000495a:	2001      	movs	r0, #1
1000495c:	2100      	movs	r1, #0
1000495e:	4240      	negs	r0, r0
10004960:	f000 fc9c 	bl	1000529c <tud_task_ext>
10004964:	2000      	movs	r0, #0
10004966:	f001 fa7f 	bl	10005e68 <tud_cdc_n_available>
1000496a:	0005      	movs	r5, r0
1000496c:	4812      	ldr	r0, [pc, #72]	@ (100049b8 <low_priority_worker_irq+0xa8>)
1000496e:	f002 f8ab 	bl	10006ac8 <__mutex_exit_veneer>
10004972:	2d00      	cmp	r5, #0
10004974:	d0ef      	beq.n	10004956 <low_priority_worker_irq+0x46>
10004976:	4b13      	ldr	r3, [pc, #76]	@ (100049c4 <low_priority_worker_irq+0xb4>)
10004978:	681b      	ldr	r3, [r3, #0]
1000497a:	2b00      	cmp	r3, #0
1000497c:	d0eb      	beq.n	10004956 <low_priority_worker_irq+0x46>
1000497e:	4a12      	ldr	r2, [pc, #72]	@ (100049c8 <low_priority_worker_irq+0xb8>)
10004980:	6810      	ldr	r0, [r2, #0]
10004982:	4798      	blx	r3
10004984:	e7e7      	b.n	10004956 <low_priority_worker_irq+0x46>
10004986:	f7fc fca9 	bl	100012dc <alarm_pool_get_default>
1000498a:	0004      	movs	r4, r0
1000498c:	f7fc fed0 	bl	10001730 <time_us_64>
10004990:	22fa      	movs	r2, #250	@ 0xfa
10004992:	2300      	movs	r3, #0
10004994:	0092      	lsls	r2, r2, #2
10004996:	1812      	adds	r2, r2, r0
10004998:	414b      	adcs	r3, r1
1000499a:	2b00      	cmp	r3, #0
1000499c:	da02      	bge.n	100049a4 <low_priority_worker_irq+0x94>
1000499e:	2201      	movs	r2, #1
100049a0:	4b0a      	ldr	r3, [pc, #40]	@ (100049cc <low_priority_worker_irq+0xbc>)
100049a2:	4252      	negs	r2, r2
100049a4:	2101      	movs	r1, #1
100049a6:	9102      	str	r1, [sp, #8]
100049a8:	2100      	movs	r1, #0
100049aa:	9101      	str	r1, [sp, #4]
100049ac:	4908      	ldr	r1, [pc, #32]	@ (100049d0 <low_priority_worker_irq+0xc0>)
100049ae:	0020      	movs	r0, r4
100049b0:	9100      	str	r1, [sp, #0]
100049b2:	f7fc fc97 	bl	100012e4 <alarm_pool_add_alarm_at>
100049b6:	e7ce      	b.n	10004956 <low_priority_worker_irq+0x46>
100049b8:	20001c38 	.word	0x20001c38
100049bc:	20001c08 	.word	0x20001c08
100049c0:	20001c59 	.word	0x20001c59
100049c4:	2000178c 	.word	0x2000178c
100049c8:	20001790 	.word	0x20001790
100049cc:	7fffffff 	.word	0x7fffffff
100049d0:	100046dd 	.word	0x100046dd

100049d4 <stdio_usb_init>:
100049d4:	23d0      	movs	r3, #208	@ 0xd0
100049d6:	b510      	push	{r4, lr}
100049d8:	061b      	lsls	r3, r3, #24
100049da:	b084      	sub	sp, #16
100049dc:	681c      	ldr	r4, [r3, #0]
100049de:	f7fc fc7d 	bl	100012dc <alarm_pool_get_default>
100049e2:	f7fc fd7d 	bl	100014e0 <alarm_pool_core_num>
100049e6:	42a0      	cmp	r0, r4
100049e8:	d002      	beq.n	100049f0 <stdio_usb_init+0x1c>
100049ea:	2000      	movs	r0, #0
100049ec:	b004      	add	sp, #16
100049ee:	bd10      	pop	{r4, pc}
100049f0:	4b28      	ldr	r3, [pc, #160]	@ (10004a94 <stdio_usb_init+0xc0>)
100049f2:	2100      	movs	r1, #0
100049f4:	2000      	movs	r0, #0
100049f6:	781b      	ldrb	r3, [r3, #0]
100049f8:	f001 fca6 	bl	10006348 <tusb_rhport_init>
100049fc:	4826      	ldr	r0, [pc, #152]	@ (10004a98 <stdio_usb_init+0xc4>)
100049fe:	6803      	ldr	r3, [r0, #0]
10004a00:	2b00      	cmp	r3, #0
10004a02:	d044      	beq.n	10004a8e <stdio_usb_init+0xba>
10004a04:	2001      	movs	r0, #1
10004a06:	f7fc fa01 	bl	10000e0c <user_irq_claim_unused>
10004a0a:	23ff      	movs	r3, #255	@ 0xff
10004a0c:	4c23      	ldr	r4, [pc, #140]	@ (10004a9c <stdio_usb_init+0xc8>)
10004a0e:	4924      	ldr	r1, [pc, #144]	@ (10004aa0 <stdio_usb_init+0xcc>)
10004a10:	7020      	strb	r0, [r4, #0]
10004a12:	4018      	ands	r0, r3
10004a14:	f7fb ffb0 	bl	10000978 <irq_set_exclusive_handler>
10004a18:	7820      	ldrb	r0, [r4, #0]
10004a1a:	2101      	movs	r1, #1
10004a1c:	f7fb ff76 	bl	1000090c <irq_set_enabled>
10004a20:	2005      	movs	r0, #5
10004a22:	f7fb ff99 	bl	10000958 <irq_has_shared_handler>
10004a26:	2800      	cmp	r0, #0
10004a28:	d124      	bne.n	10004a74 <stdio_usb_init+0xa0>
10004a2a:	2208      	movs	r2, #8
10004a2c:	2100      	movs	r1, #0
10004a2e:	481d      	ldr	r0, [pc, #116]	@ (10004aa4 <stdio_usb_init+0xd0>)
10004a30:	f7fe f86e 	bl	10002b10 <__wrap_memset>
10004a34:	f7fc fc52 	bl	100012dc <alarm_pool_get_default>
10004a38:	0004      	movs	r4, r0
10004a3a:	f7fc fe79 	bl	10001730 <time_us_64>
10004a3e:	22fa      	movs	r2, #250	@ 0xfa
10004a40:	2300      	movs	r3, #0
10004a42:	0092      	lsls	r2, r2, #2
10004a44:	1812      	adds	r2, r2, r0
10004a46:	414b      	adcs	r3, r1
10004a48:	2b00      	cmp	r3, #0
10004a4a:	da02      	bge.n	10004a52 <stdio_usb_init+0x7e>
10004a4c:	2201      	movs	r2, #1
10004a4e:	4b16      	ldr	r3, [pc, #88]	@ (10004aa8 <stdio_usb_init+0xd4>)
10004a50:	4252      	negs	r2, r2
10004a52:	2101      	movs	r1, #1
10004a54:	9102      	str	r1, [sp, #8]
10004a56:	2100      	movs	r1, #0
10004a58:	9101      	str	r1, [sp, #4]
10004a5a:	4914      	ldr	r1, [pc, #80]	@ (10004aac <stdio_usb_init+0xd8>)
10004a5c:	0020      	movs	r0, r4
10004a5e:	9100      	str	r1, [sp, #0]
10004a60:	f7fc fc40 	bl	100012e4 <alarm_pool_add_alarm_at>
10004a64:	2800      	cmp	r0, #0
10004a66:	dbc0      	blt.n	100049ea <stdio_usb_init+0x16>
10004a68:	4811      	ldr	r0, [pc, #68]	@ (10004ab0 <stdio_usb_init+0xdc>)
10004a6a:	2101      	movs	r1, #1
10004a6c:	f7ff fd30 	bl	100044d0 <stdio_set_driver_enabled>
10004a70:	2001      	movs	r0, #1
10004a72:	e7bb      	b.n	100049ec <stdio_usb_init+0x18>
10004a74:	2001      	movs	r0, #1
10004a76:	f7fb ff07 	bl	10000888 <spin_lock_claim_unused>
10004a7a:	0001      	movs	r1, r0
10004a7c:	4809      	ldr	r0, [pc, #36]	@ (10004aa4 <stdio_usb_init+0xd0>)
10004a7e:	f7fc fa25 	bl	10000ecc <critical_section_init_with_lock_num>
10004a82:	2200      	movs	r2, #0
10004a84:	2005      	movs	r0, #5
10004a86:	490b      	ldr	r1, [pc, #44]	@ (10004ab4 <stdio_usb_init+0xe0>)
10004a88:	f7fb ffa0 	bl	100009cc <irq_add_shared_handler>
10004a8c:	e7ec      	b.n	10004a68 <stdio_usb_init+0x94>
10004a8e:	f7fc fa01 	bl	10000e94 <mutex_init>
10004a92:	e7b7      	b.n	10004a04 <stdio_usb_init+0x30>
10004a94:	10007140 	.word	0x10007140
10004a98:	20001c38 	.word	0x20001c38
10004a9c:	20001c58 	.word	0x20001c58
10004aa0:	10004911 	.word	0x10004911
10004aa4:	20001c08 	.word	0x20001c08
10004aa8:	7fffffff 	.word	0x7fffffff
10004aac:	100046dd 	.word	0x100046dd
10004ab0:	20000ff0 	.word	0x20000ff0
10004ab4:	100046cd 	.word	0x100046cd

10004ab8 <tud_descriptor_device_cb>:
10004ab8:	4800      	ldr	r0, [pc, #0]	@ (10004abc <tud_descriptor_device_cb+0x4>)
10004aba:	4770      	bx	lr
10004abc:	10006f5c 	.word	0x10006f5c

10004ac0 <tud_descriptor_configuration_cb>:
10004ac0:	4800      	ldr	r0, [pc, #0]	@ (10004ac4 <tud_descriptor_configuration_cb+0x4>)
10004ac2:	4770      	bx	lr
10004ac4:	10006f08 	.word	0x10006f08

10004ac8 <tud_descriptor_string_cb>:
10004ac8:	b510      	push	{r4, lr}
10004aca:	0004      	movs	r4, r0
10004acc:	4816      	ldr	r0, [pc, #88]	@ (10004b28 <tud_descriptor_string_cb+0x60>)
10004ace:	7803      	ldrb	r3, [r0, #0]
10004ad0:	2b00      	cmp	r3, #0
10004ad2:	d020      	beq.n	10004b16 <tud_descriptor_string_cb+0x4e>
10004ad4:	2c00      	cmp	r4, #0
10004ad6:	d106      	bne.n	10004ae6 <tud_descriptor_string_cb+0x1e>
10004ad8:	4b14      	ldr	r3, [pc, #80]	@ (10004b2c <tud_descriptor_string_cb+0x64>)
10004ada:	4815      	ldr	r0, [pc, #84]	@ (10004b30 <tud_descriptor_string_cb+0x68>)
10004adc:	8043      	strh	r3, [r0, #2]
10004ade:	3b06      	subs	r3, #6
10004ae0:	3bff      	subs	r3, #255	@ 0xff
10004ae2:	8003      	strh	r3, [r0, #0]
10004ae4:	bd10      	pop	{r4, pc}
10004ae6:	2c05      	cmp	r4, #5
10004ae8:	d81c      	bhi.n	10004b24 <tud_descriptor_string_cb+0x5c>
10004aea:	4b12      	ldr	r3, [pc, #72]	@ (10004b34 <tud_descriptor_string_cb+0x6c>)
10004aec:	00a4      	lsls	r4, r4, #2
10004aee:	58e4      	ldr	r4, [r4, r3]
10004af0:	480f      	ldr	r0, [pc, #60]	@ (10004b30 <tud_descriptor_string_cb+0x68>)
10004af2:	2301      	movs	r3, #1
10004af4:	1c81      	adds	r1, r0, #2
10004af6:	3c01      	subs	r4, #1
10004af8:	e004      	b.n	10004b04 <tud_descriptor_string_cb+0x3c>
10004afa:	3301      	adds	r3, #1
10004afc:	800a      	strh	r2, [r1, #0]
10004afe:	3102      	adds	r1, #2
10004b00:	2b14      	cmp	r3, #20
10004b02:	d00c      	beq.n	10004b1e <tud_descriptor_string_cb+0x56>
10004b04:	5ce2      	ldrb	r2, [r4, r3]
10004b06:	2a00      	cmp	r2, #0
10004b08:	d1f7      	bne.n	10004afa <tud_descriptor_string_cb+0x32>
10004b0a:	22c0      	movs	r2, #192	@ 0xc0
10004b0c:	b2db      	uxtb	r3, r3
10004b0e:	005b      	lsls	r3, r3, #1
10004b10:	0092      	lsls	r2, r2, #2
10004b12:	4313      	orrs	r3, r2
10004b14:	e7e5      	b.n	10004ae2 <tud_descriptor_string_cb+0x1a>
10004b16:	2111      	movs	r1, #17
10004b18:	f000 f816 	bl	10004b48 <pico_get_unique_board_id_string>
10004b1c:	e7da      	b.n	10004ad4 <tud_descriptor_string_cb+0xc>
10004b1e:	23ca      	movs	r3, #202	@ 0xca
10004b20:	009b      	lsls	r3, r3, #2
10004b22:	e7de      	b.n	10004ae2 <tud_descriptor_string_cb+0x1a>
10004b24:	2000      	movs	r0, #0
10004b26:	e7dd      	b.n	10004ae4 <tud_descriptor_string_cb+0x1c>
10004b28:	20001c40 	.word	0x20001c40
10004b2c:	00000409 	.word	0x00000409
10004b30:	200017c4 	.word	0x200017c4
10004b34:	10006ef0 	.word	0x10006ef0

10004b38 <_retrieve_unique_id_on_boot>:
10004b38:	b510      	push	{r4, lr}
10004b3a:	4802      	ldr	r0, [pc, #8]	@ (10004b44 <_retrieve_unique_id_on_boot+0xc>)
10004b3c:	f000 f8f4 	bl	10004d28 <flash_get_unique_id>
10004b40:	bd10      	pop	{r4, pc}
10004b42:	46c0      	nop			@ (mov r8, r8)
10004b44:	20001c28 	.word	0x20001c28

10004b48 <pico_get_unique_board_id_string>:
10004b48:	b530      	push	{r4, r5, lr}
10004b4a:	2901      	cmp	r1, #1
10004b4c:	d100      	bne.n	10004b50 <pico_get_unique_board_id_string+0x8>
10004b4e:	e0bb      	b.n	10004cc8 <pico_get_unique_board_id_string+0x180>
10004b50:	4b74      	ldr	r3, [pc, #464]	@ (10004d24 <pico_get_unique_board_id_string+0x1dc>)
10004b52:	3901      	subs	r1, #1
10004b54:	781a      	ldrb	r2, [r3, #0]
10004b56:	1112      	asrs	r2, r2, #4
10004b58:	0014      	movs	r4, r2
10004b5a:	3430      	adds	r4, #48	@ 0x30
10004b5c:	2a09      	cmp	r2, #9
10004b5e:	dd00      	ble.n	10004b62 <pico_get_unique_board_id_string+0x1a>
10004b60:	e0b5      	b.n	10004cce <pico_get_unique_board_id_string+0x186>
10004b62:	7004      	strb	r4, [r0, #0]
10004b64:	2901      	cmp	r1, #1
10004b66:	d100      	bne.n	10004b6a <pico_get_unique_board_id_string+0x22>
10004b68:	e0da      	b.n	10004d20 <pico_get_unique_board_id_string+0x1d8>
10004b6a:	220f      	movs	r2, #15
10004b6c:	781c      	ldrb	r4, [r3, #0]
10004b6e:	4022      	ands	r2, r4
10004b70:	0014      	movs	r4, r2
10004b72:	3430      	adds	r4, #48	@ 0x30
10004b74:	2a09      	cmp	r2, #9
10004b76:	d900      	bls.n	10004b7a <pico_get_unique_board_id_string+0x32>
10004b78:	e0ac      	b.n	10004cd4 <pico_get_unique_board_id_string+0x18c>
10004b7a:	7044      	strb	r4, [r0, #1]
10004b7c:	2902      	cmp	r1, #2
10004b7e:	d100      	bne.n	10004b82 <pico_get_unique_board_id_string+0x3a>
10004b80:	e0ce      	b.n	10004d20 <pico_get_unique_board_id_string+0x1d8>
10004b82:	785a      	ldrb	r2, [r3, #1]
10004b84:	4694      	mov	ip, r2
10004b86:	1112      	asrs	r2, r2, #4
10004b88:	0014      	movs	r4, r2
10004b8a:	3430      	adds	r4, #48	@ 0x30
10004b8c:	2a09      	cmp	r2, #9
10004b8e:	dd00      	ble.n	10004b92 <pico_get_unique_board_id_string+0x4a>
10004b90:	e0a3      	b.n	10004cda <pico_get_unique_board_id_string+0x192>
10004b92:	7084      	strb	r4, [r0, #2]
10004b94:	2903      	cmp	r1, #3
10004b96:	d100      	bne.n	10004b9a <pico_get_unique_board_id_string+0x52>
10004b98:	e0c2      	b.n	10004d20 <pico_get_unique_board_id_string+0x1d8>
10004b9a:	4664      	mov	r4, ip
10004b9c:	220f      	movs	r2, #15
10004b9e:	4022      	ands	r2, r4
10004ba0:	0014      	movs	r4, r2
10004ba2:	3430      	adds	r4, #48	@ 0x30
10004ba4:	2a09      	cmp	r2, #9
10004ba6:	d900      	bls.n	10004baa <pico_get_unique_board_id_string+0x62>
10004ba8:	e09a      	b.n	10004ce0 <pico_get_unique_board_id_string+0x198>
10004baa:	70c4      	strb	r4, [r0, #3]
10004bac:	2904      	cmp	r1, #4
10004bae:	d100      	bne.n	10004bb2 <pico_get_unique_board_id_string+0x6a>
10004bb0:	e0b6      	b.n	10004d20 <pico_get_unique_board_id_string+0x1d8>
10004bb2:	789a      	ldrb	r2, [r3, #2]
10004bb4:	4694      	mov	ip, r2
10004bb6:	1112      	asrs	r2, r2, #4
10004bb8:	0014      	movs	r4, r2
10004bba:	3430      	adds	r4, #48	@ 0x30
10004bbc:	2a09      	cmp	r2, #9
10004bbe:	dd00      	ble.n	10004bc2 <pico_get_unique_board_id_string+0x7a>
10004bc0:	e091      	b.n	10004ce6 <pico_get_unique_board_id_string+0x19e>
10004bc2:	7104      	strb	r4, [r0, #4]
10004bc4:	2905      	cmp	r1, #5
10004bc6:	d100      	bne.n	10004bca <pico_get_unique_board_id_string+0x82>
10004bc8:	e0aa      	b.n	10004d20 <pico_get_unique_board_id_string+0x1d8>
10004bca:	4664      	mov	r4, ip
10004bcc:	220f      	movs	r2, #15
10004bce:	4022      	ands	r2, r4
10004bd0:	0014      	movs	r4, r2
10004bd2:	3430      	adds	r4, #48	@ 0x30
10004bd4:	2a09      	cmp	r2, #9
10004bd6:	d900      	bls.n	10004bda <pico_get_unique_board_id_string+0x92>
10004bd8:	e088      	b.n	10004cec <pico_get_unique_board_id_string+0x1a4>
10004bda:	7144      	strb	r4, [r0, #5]
10004bdc:	2906      	cmp	r1, #6
10004bde:	d100      	bne.n	10004be2 <pico_get_unique_board_id_string+0x9a>
10004be0:	e09e      	b.n	10004d20 <pico_get_unique_board_id_string+0x1d8>
10004be2:	2530      	movs	r5, #48	@ 0x30
10004be4:	46ac      	mov	ip, r5
10004be6:	78dc      	ldrb	r4, [r3, #3]
10004be8:	1122      	asrs	r2, r4, #4
10004bea:	4494      	add	ip, r2
10004bec:	2a09      	cmp	r2, #9
10004bee:	dd00      	ble.n	10004bf2 <pico_get_unique_board_id_string+0xaa>
10004bf0:	e07f      	b.n	10004cf2 <pico_get_unique_board_id_string+0x1aa>
10004bf2:	4662      	mov	r2, ip
10004bf4:	7182      	strb	r2, [r0, #6]
10004bf6:	2907      	cmp	r1, #7
10004bf8:	d100      	bne.n	10004bfc <pico_get_unique_board_id_string+0xb4>
10004bfa:	e091      	b.n	10004d20 <pico_get_unique_board_id_string+0x1d8>
10004bfc:	220f      	movs	r2, #15
10004bfe:	4022      	ands	r2, r4
10004c00:	0014      	movs	r4, r2
10004c02:	3430      	adds	r4, #48	@ 0x30
10004c04:	2a09      	cmp	r2, #9
10004c06:	d900      	bls.n	10004c0a <pico_get_unique_board_id_string+0xc2>
10004c08:	e077      	b.n	10004cfa <pico_get_unique_board_id_string+0x1b2>
10004c0a:	71c4      	strb	r4, [r0, #7]
10004c0c:	2908      	cmp	r1, #8
10004c0e:	d100      	bne.n	10004c12 <pico_get_unique_board_id_string+0xca>
10004c10:	e086      	b.n	10004d20 <pico_get_unique_board_id_string+0x1d8>
10004c12:	2530      	movs	r5, #48	@ 0x30
10004c14:	46ac      	mov	ip, r5
10004c16:	791c      	ldrb	r4, [r3, #4]
10004c18:	1122      	asrs	r2, r4, #4
10004c1a:	4494      	add	ip, r2
10004c1c:	2a09      	cmp	r2, #9
10004c1e:	dd00      	ble.n	10004c22 <pico_get_unique_board_id_string+0xda>
10004c20:	e06e      	b.n	10004d00 <pico_get_unique_board_id_string+0x1b8>
10004c22:	4662      	mov	r2, ip
10004c24:	7202      	strb	r2, [r0, #8]
10004c26:	2909      	cmp	r1, #9
10004c28:	d100      	bne.n	10004c2c <pico_get_unique_board_id_string+0xe4>
10004c2a:	e079      	b.n	10004d20 <pico_get_unique_board_id_string+0x1d8>
10004c2c:	220f      	movs	r2, #15
10004c2e:	4022      	ands	r2, r4
10004c30:	0014      	movs	r4, r2
10004c32:	3430      	adds	r4, #48	@ 0x30
10004c34:	2a09      	cmp	r2, #9
10004c36:	d867      	bhi.n	10004d08 <pico_get_unique_board_id_string+0x1c0>
10004c38:	7244      	strb	r4, [r0, #9]
10004c3a:	290a      	cmp	r1, #10
10004c3c:	d100      	bne.n	10004c40 <pico_get_unique_board_id_string+0xf8>
10004c3e:	e06f      	b.n	10004d20 <pico_get_unique_board_id_string+0x1d8>
10004c40:	2530      	movs	r5, #48	@ 0x30
10004c42:	46ac      	mov	ip, r5
10004c44:	795c      	ldrb	r4, [r3, #5]
10004c46:	1122      	asrs	r2, r4, #4
10004c48:	4494      	add	ip, r2
10004c4a:	2a09      	cmp	r2, #9
10004c4c:	dc5f      	bgt.n	10004d0e <pico_get_unique_board_id_string+0x1c6>
10004c4e:	4662      	mov	r2, ip
10004c50:	7282      	strb	r2, [r0, #10]
10004c52:	290b      	cmp	r1, #11
10004c54:	d064      	beq.n	10004d20 <pico_get_unique_board_id_string+0x1d8>
10004c56:	220f      	movs	r2, #15
10004c58:	4022      	ands	r2, r4
10004c5a:	0014      	movs	r4, r2
10004c5c:	3430      	adds	r4, #48	@ 0x30
10004c5e:	2a09      	cmp	r2, #9
10004c60:	d859      	bhi.n	10004d16 <pico_get_unique_board_id_string+0x1ce>
10004c62:	72c4      	strb	r4, [r0, #11]
10004c64:	290c      	cmp	r1, #12
10004c66:	d05b      	beq.n	10004d20 <pico_get_unique_board_id_string+0x1d8>
10004c68:	2530      	movs	r5, #48	@ 0x30
10004c6a:	46ac      	mov	ip, r5
10004c6c:	799c      	ldrb	r4, [r3, #6]
10004c6e:	1122      	asrs	r2, r4, #4
10004c70:	4494      	add	ip, r2
10004c72:	2a09      	cmp	r2, #9
10004c74:	dd02      	ble.n	10004c7c <pico_get_unique_board_id_string+0x134>
10004c76:	3507      	adds	r5, #7
10004c78:	46ac      	mov	ip, r5
10004c7a:	4494      	add	ip, r2
10004c7c:	4662      	mov	r2, ip
10004c7e:	7302      	strb	r2, [r0, #12]
10004c80:	290d      	cmp	r1, #13
10004c82:	d04d      	beq.n	10004d20 <pico_get_unique_board_id_string+0x1d8>
10004c84:	220f      	movs	r2, #15
10004c86:	4022      	ands	r2, r4
10004c88:	0014      	movs	r4, r2
10004c8a:	3430      	adds	r4, #48	@ 0x30
10004c8c:	2a09      	cmp	r2, #9
10004c8e:	d901      	bls.n	10004c94 <pico_get_unique_board_id_string+0x14c>
10004c90:	3237      	adds	r2, #55	@ 0x37
10004c92:	0014      	movs	r4, r2
10004c94:	7344      	strb	r4, [r0, #13]
10004c96:	290e      	cmp	r1, #14
10004c98:	d042      	beq.n	10004d20 <pico_get_unique_board_id_string+0x1d8>
10004c9a:	79da      	ldrb	r2, [r3, #7]
10004c9c:	1113      	asrs	r3, r2, #4
10004c9e:	001c      	movs	r4, r3
10004ca0:	3430      	adds	r4, #48	@ 0x30
10004ca2:	2b09      	cmp	r3, #9
10004ca4:	dd01      	ble.n	10004caa <pico_get_unique_board_id_string+0x162>
10004ca6:	3337      	adds	r3, #55	@ 0x37
10004ca8:	001c      	movs	r4, r3
10004caa:	7384      	strb	r4, [r0, #14]
10004cac:	290f      	cmp	r1, #15
10004cae:	d037      	beq.n	10004d20 <pico_get_unique_board_id_string+0x1d8>
10004cb0:	230f      	movs	r3, #15
10004cb2:	4013      	ands	r3, r2
10004cb4:	001a      	movs	r2, r3
10004cb6:	3237      	adds	r2, #55	@ 0x37
10004cb8:	2b09      	cmp	r3, #9
10004cba:	d801      	bhi.n	10004cc0 <pico_get_unique_board_id_string+0x178>
10004cbc:	3330      	adds	r3, #48	@ 0x30
10004cbe:	001a      	movs	r2, r3
10004cc0:	73c2      	strb	r2, [r0, #15]
10004cc2:	2910      	cmp	r1, #16
10004cc4:	d02c      	beq.n	10004d20 <pico_get_unique_board_id_string+0x1d8>
10004cc6:	3010      	adds	r0, #16
10004cc8:	2300      	movs	r3, #0
10004cca:	7003      	strb	r3, [r0, #0]
10004ccc:	bd30      	pop	{r4, r5, pc}
10004cce:	3237      	adds	r2, #55	@ 0x37
10004cd0:	0014      	movs	r4, r2
10004cd2:	e746      	b.n	10004b62 <pico_get_unique_board_id_string+0x1a>
10004cd4:	3237      	adds	r2, #55	@ 0x37
10004cd6:	0014      	movs	r4, r2
10004cd8:	e74f      	b.n	10004b7a <pico_get_unique_board_id_string+0x32>
10004cda:	3237      	adds	r2, #55	@ 0x37
10004cdc:	0014      	movs	r4, r2
10004cde:	e758      	b.n	10004b92 <pico_get_unique_board_id_string+0x4a>
10004ce0:	3237      	adds	r2, #55	@ 0x37
10004ce2:	0014      	movs	r4, r2
10004ce4:	e761      	b.n	10004baa <pico_get_unique_board_id_string+0x62>
10004ce6:	3237      	adds	r2, #55	@ 0x37
10004ce8:	0014      	movs	r4, r2
10004cea:	e76a      	b.n	10004bc2 <pico_get_unique_board_id_string+0x7a>
10004cec:	3237      	adds	r2, #55	@ 0x37
10004cee:	0014      	movs	r4, r2
10004cf0:	e773      	b.n	10004bda <pico_get_unique_board_id_string+0x92>
10004cf2:	3507      	adds	r5, #7
10004cf4:	46ac      	mov	ip, r5
10004cf6:	4494      	add	ip, r2
10004cf8:	e77b      	b.n	10004bf2 <pico_get_unique_board_id_string+0xaa>
10004cfa:	3237      	adds	r2, #55	@ 0x37
10004cfc:	0014      	movs	r4, r2
10004cfe:	e784      	b.n	10004c0a <pico_get_unique_board_id_string+0xc2>
10004d00:	3507      	adds	r5, #7
10004d02:	46ac      	mov	ip, r5
10004d04:	4494      	add	ip, r2
10004d06:	e78c      	b.n	10004c22 <pico_get_unique_board_id_string+0xda>
10004d08:	3237      	adds	r2, #55	@ 0x37
10004d0a:	0014      	movs	r4, r2
10004d0c:	e794      	b.n	10004c38 <pico_get_unique_board_id_string+0xf0>
10004d0e:	3507      	adds	r5, #7
10004d10:	46ac      	mov	ip, r5
10004d12:	4494      	add	ip, r2
10004d14:	e79b      	b.n	10004c4e <pico_get_unique_board_id_string+0x106>
10004d16:	3237      	adds	r2, #55	@ 0x37
10004d18:	0014      	movs	r4, r2
10004d1a:	72c4      	strb	r4, [r0, #11]
10004d1c:	290c      	cmp	r1, #12
10004d1e:	d1a3      	bne.n	10004c68 <pico_get_unique_board_id_string+0x120>
10004d20:	1840      	adds	r0, r0, r1
10004d22:	e7d1      	b.n	10004cc8 <pico_get_unique_board_id_string+0x180>
10004d24:	20001c28 	.word	0x20001c28

10004d28 <flash_get_unique_id>:
10004d28:	b510      	push	{r4, lr}
10004d2a:	b088      	sub	sp, #32
10004d2c:	0004      	movs	r4, r0
10004d2e:	220d      	movs	r2, #13
10004d30:	2100      	movs	r1, #0
10004d32:	4668      	mov	r0, sp
10004d34:	f7fd feec 	bl	10002b10 <__wrap_memset>
10004d38:	220d      	movs	r2, #13
10004d3a:	2100      	movs	r1, #0
10004d3c:	a804      	add	r0, sp, #16
10004d3e:	f7fd fee7 	bl	10002b10 <__wrap_memset>
10004d42:	466a      	mov	r2, sp
10004d44:	234b      	movs	r3, #75	@ 0x4b
10004d46:	4668      	mov	r0, sp
10004d48:	7013      	strb	r3, [r2, #0]
10004d4a:	a904      	add	r1, sp, #16
10004d4c:	2300      	movs	r3, #0
10004d4e:	220d      	movs	r2, #13
10004d50:	f001 fe92 	bl	10006a78 <__flash_do_cmd_cs_veneer>
10004d54:	2115      	movs	r1, #21
10004d56:	2208      	movs	r2, #8
10004d58:	0020      	movs	r0, r4
10004d5a:	4469      	add	r1, sp
10004d5c:	f7fd fede 	bl	10002b1c <__wrap___aeabi_memcpy>
10004d60:	b008      	add	sp, #32
10004d62:	bd10      	pop	{r4, pc}

10004d64 <usb_reset_interface_init>:
10004d64:	4770      	bx	lr
10004d66:	46c0      	nop			@ (mov r8, r8)

10004d68 <usb_reset_interface_reset>:
10004d68:	2200      	movs	r2, #0
10004d6a:	4b01      	ldr	r3, [pc, #4]	@ (10004d70 <usb_reset_interface_reset+0x8>)
10004d6c:	701a      	strb	r2, [r3, #0]
10004d6e:	4770      	bx	lr
10004d70:	20001c56 	.word	0x20001c56

10004d74 <usb_reset_interface_open>:
10004d74:	794b      	ldrb	r3, [r1, #5]
10004d76:	2000      	movs	r0, #0
10004d78:	2bff      	cmp	r3, #255	@ 0xff
10004d7a:	d10b      	bne.n	10004d94 <usb_reset_interface_open+0x20>
10004d7c:	798b      	ldrb	r3, [r1, #6]
10004d7e:	2b00      	cmp	r3, #0
10004d80:	d108      	bne.n	10004d94 <usb_reset_interface_open+0x20>
10004d82:	79cb      	ldrb	r3, [r1, #7]
10004d84:	2b01      	cmp	r3, #1
10004d86:	d105      	bne.n	10004d94 <usb_reset_interface_open+0x20>
10004d88:	2a08      	cmp	r2, #8
10004d8a:	d903      	bls.n	10004d94 <usb_reset_interface_open+0x20>
10004d8c:	4b02      	ldr	r3, [pc, #8]	@ (10004d98 <usb_reset_interface_open+0x24>)
10004d8e:	788a      	ldrb	r2, [r1, #2]
10004d90:	3009      	adds	r0, #9
10004d92:	701a      	strb	r2, [r3, #0]
10004d94:	4770      	bx	lr
10004d96:	46c0      	nop			@ (mov r8, r8)
10004d98:	20001c56 	.word	0x20001c56

10004d9c <usb_reset_interface_xfer_cb>:
10004d9c:	2001      	movs	r0, #1
10004d9e:	4770      	bx	lr

10004da0 <usb_reset_interface_control_xfer_cb>:
10004da0:	b510      	push	{r4, lr}
10004da2:	2901      	cmp	r1, #1
10004da4:	d113      	bne.n	10004dce <usb_reset_interface_control_xfer_cb+0x2e>
10004da6:	4915      	ldr	r1, [pc, #84]	@ (10004dfc <usb_reset_interface_control_xfer_cb+0x5c>)
10004da8:	7953      	ldrb	r3, [r2, #5]
10004daa:	7910      	ldrb	r0, [r2, #4]
10004dac:	7809      	ldrb	r1, [r1, #0]
10004dae:	021b      	lsls	r3, r3, #8
10004db0:	4303      	orrs	r3, r0
10004db2:	2000      	movs	r0, #0
10004db4:	4299      	cmp	r1, r3
10004db6:	d000      	beq.n	10004dba <usb_reset_interface_control_xfer_cb+0x1a>
10004db8:	bd10      	pop	{r4, pc}
10004dba:	7853      	ldrb	r3, [r2, #1]
10004dbc:	2b01      	cmp	r3, #1
10004dbe:	d008      	beq.n	10004dd2 <usb_reset_interface_control_xfer_cb+0x32>
10004dc0:	2b02      	cmp	r3, #2
10004dc2:	d1f9      	bne.n	10004db8 <usb_reset_interface_control_xfer_cb+0x18>
10004dc4:	2264      	movs	r2, #100	@ 0x64
10004dc6:	2100      	movs	r1, #0
10004dc8:	2000      	movs	r0, #0
10004dca:	f7fc fe0f 	bl	100019ec <watchdog_reboot>
10004dce:	2001      	movs	r0, #1
10004dd0:	e7f2      	b.n	10004db8 <usb_reset_interface_control_xfer_cb+0x18>
10004dd2:	78d1      	ldrb	r1, [r2, #3]
10004dd4:	7893      	ldrb	r3, [r2, #2]
10004dd6:	0209      	lsls	r1, r1, #8
10004dd8:	4319      	orrs	r1, r3
10004dda:	2380      	movs	r3, #128	@ 0x80
10004ddc:	000a      	movs	r2, r1
10004dde:	005b      	lsls	r3, r3, #1
10004de0:	401a      	ands	r2, r3
10004de2:	4219      	tst	r1, r3
10004de4:	d006      	beq.n	10004df4 <usb_reset_interface_control_xfer_cb+0x54>
10004de6:	060a      	lsls	r2, r1, #24
10004de8:	0fd2      	lsrs	r2, r2, #31
10004dea:	0a48      	lsrs	r0, r1, #9
10004dec:	2303      	movs	r3, #3
10004dee:	4019      	ands	r1, r3
10004df0:	f7fc fe84 	bl	10001afc <rom_reset_usb_boot_extra>
10004df4:	2001      	movs	r0, #1
10004df6:	4240      	negs	r0, r0
10004df8:	e7f8      	b.n	10004dec <usb_reset_interface_control_xfer_cb+0x4c>
10004dfa:	46c0      	nop			@ (mov r8, r8)
10004dfc:	20001c56 	.word	0x20001c56

10004e00 <tud_descriptor_bos_cb>:
10004e00:	4800      	ldr	r0, [pc, #0]	@ (10004e04 <tud_descriptor_bos_cb+0x4>)
10004e02:	4770      	bx	lr
10004e04:	10007018 	.word	0x10007018

10004e08 <tud_vendor_control_xfer_cb>:
10004e08:	4694      	mov	ip, r2
10004e0a:	2301      	movs	r3, #1
10004e0c:	b510      	push	{r4, lr}
10004e0e:	2901      	cmp	r1, #1
10004e10:	d10a      	bne.n	10004e28 <tud_vendor_control_xfer_cb+0x20>
10004e12:	7852      	ldrb	r2, [r2, #1]
10004e14:	2300      	movs	r3, #0
10004e16:	2a01      	cmp	r2, #1
10004e18:	d106      	bne.n	10004e28 <tud_vendor_control_xfer_cb+0x20>
10004e1a:	4662      	mov	r2, ip
10004e1c:	7911      	ldrb	r1, [r2, #4]
10004e1e:	7952      	ldrb	r2, [r2, #5]
10004e20:	0212      	lsls	r2, r2, #8
10004e22:	430a      	orrs	r2, r1
10004e24:	2a07      	cmp	r2, #7
10004e26:	d001      	beq.n	10004e2c <tud_vendor_control_xfer_cb+0x24>
10004e28:	0018      	movs	r0, r3
10004e2a:	bd10      	pop	{r4, pc}
10004e2c:	33a6      	adds	r3, #166	@ 0xa6
10004e2e:	4661      	mov	r1, ip
10004e30:	4a02      	ldr	r2, [pc, #8]	@ (10004e3c <tud_vendor_control_xfer_cb+0x34>)
10004e32:	f000 feeb 	bl	10005c0c <tud_control_xfer>
10004e36:	0003      	movs	r3, r0
10004e38:	e7f6      	b.n	10004e28 <tud_vendor_control_xfer_cb+0x20>
10004e3a:	46c0      	nop			@ (mov r8, r8)
10004e3c:	10006f70 	.word	0x10006f70

10004e40 <usbd_app_driver_get_cb>:
10004e40:	2301      	movs	r3, #1
10004e42:	7003      	strb	r3, [r0, #0]
10004e44:	4800      	ldr	r0, [pc, #0]	@ (10004e48 <usbd_app_driver_get_cb+0x8>)
10004e46:	4770      	bx	lr
10004e48:	1000703c 	.word	0x1000703c

10004e4c <tud_cdc_line_coding_cb>:
10004e4c:	784b      	ldrb	r3, [r1, #1]
10004e4e:	780a      	ldrb	r2, [r1, #0]
10004e50:	021b      	lsls	r3, r3, #8
10004e52:	4313      	orrs	r3, r2
10004e54:	788a      	ldrb	r2, [r1, #2]
10004e56:	b510      	push	{r4, lr}
10004e58:	0412      	lsls	r2, r2, #16
10004e5a:	431a      	orrs	r2, r3
10004e5c:	78cb      	ldrb	r3, [r1, #3]
10004e5e:	061b      	lsls	r3, r3, #24
10004e60:	4313      	orrs	r3, r2
10004e62:	2296      	movs	r2, #150	@ 0x96
10004e64:	00d2      	lsls	r2, r2, #3
10004e66:	4293      	cmp	r3, r2
10004e68:	d000      	beq.n	10004e6c <tud_cdc_line_coding_cb+0x20>
10004e6a:	bd10      	pop	{r4, pc}
10004e6c:	2200      	movs	r2, #0
10004e6e:	2001      	movs	r0, #1
10004e70:	0011      	movs	r1, r2
10004e72:	4240      	negs	r0, r0
10004e74:	f7fc fe42 	bl	10001afc <rom_reset_usb_boot_extra>

10004e78 <dcd_init>:
10004e78:	b5f8      	push	{r3, r4, r5, r6, r7, lr}
10004e7a:	f000 f93b 	bl	100050f4 <rp2040_usb_init>
10004e7e:	230c      	movs	r3, #12
10004e80:	4d19      	ldr	r5, [pc, #100]	@ (10004ee8 <dcd_init+0x70>)
10004e82:	22ff      	movs	r2, #255	@ 0xff
10004e84:	67ab      	str	r3, [r5, #120]	@ 0x78
10004e86:	2005      	movs	r0, #5
10004e88:	4918      	ldr	r1, [pc, #96]	@ (10004eec <dcd_init+0x74>)
10004e8a:	f7fb fd9f 	bl	100009cc <irq_add_shared_handler>
10004e8e:	4c18      	ldr	r4, [pc, #96]	@ (10004ef0 <dcd_init+0x78>)
10004e90:	2240      	movs	r2, #64	@ 0x40
10004e92:	2100      	movs	r1, #0
10004e94:	0020      	movs	r0, r4
10004e96:	f7fd fe3b 	bl	10002b10 <__wrap_memset>
10004e9a:	2740      	movs	r7, #64	@ 0x40
10004e9c:	2300      	movs	r3, #0
10004e9e:	2601      	movs	r6, #1
10004ea0:	2121      	movs	r1, #33	@ 0x21
10004ea2:	4a14      	ldr	r2, [pc, #80]	@ (10004ef4 <dcd_init+0x7c>)
10004ea4:	7066      	strb	r6, [r4, #1]
10004ea6:	8327      	strh	r7, [r4, #24]
10004ea8:	60a2      	str	r2, [r4, #8]
10004eaa:	6013      	str	r3, [r2, #0]
10004eac:	5463      	strb	r3, [r4, r1]
10004eae:	315f      	adds	r1, #95	@ 0x5f
10004eb0:	8461      	strh	r1, [r4, #34]	@ 0x22
10004eb2:	3945      	subs	r1, #69	@ 0x45
10004eb4:	5463      	strb	r3, [r4, r1]
10004eb6:	4a10      	ldr	r2, [pc, #64]	@ (10004ef8 <dcd_init+0x80>)
10004eb8:	4910      	ldr	r1, [pc, #64]	@ (10004efc <dcd_init+0x84>)
10004eba:	6063      	str	r3, [r4, #4]
10004ebc:	60e2      	str	r2, [r4, #12]
10004ebe:	8727      	strh	r7, [r4, #56]	@ 0x38
10004ec0:	62a1      	str	r1, [r4, #40]	@ 0x28
10004ec2:	600b      	str	r3, [r1, #0]
10004ec4:	6263      	str	r3, [r4, #36]	@ 0x24
10004ec6:	62e2      	str	r2, [r4, #44]	@ 0x2c
10004ec8:	f001 fdae 	bl	10006a28 <__reset_non_control_endpoints_veneer>
10004ecc:	2380      	movs	r3, #128	@ 0x80
10004ece:	059b      	lsls	r3, r3, #22
10004ed0:	642e      	str	r6, [r5, #64]	@ 0x40
10004ed2:	64eb      	str	r3, [r5, #76]	@ 0x4c
10004ed4:	2390      	movs	r3, #144	@ 0x90
10004ed6:	4a0a      	ldr	r2, [pc, #40]	@ (10004f00 <dcd_init+0x88>)
10004ed8:	2001      	movs	r0, #1
10004eda:	50ea      	str	r2, [r5, r3]
10004edc:	2280      	movs	r2, #128	@ 0x80
10004ede:	4b09      	ldr	r3, [pc, #36]	@ (10004f04 <dcd_init+0x8c>)
10004ee0:	0252      	lsls	r2, r2, #9
10004ee2:	64da      	str	r2, [r3, #76]	@ 0x4c
10004ee4:	bdf8      	pop	{r3, r4, r5, r6, r7, pc}
10004ee6:	46c0      	nop			@ (mov r8, r8)
10004ee8:	50110000 	.word	0x50110000
10004eec:	200004c1 	.word	0x200004c1
10004ef0:	200017fc 	.word	0x200017fc
10004ef4:	50100084 	.word	0x50100084
10004ef8:	50100100 	.word	0x50100100
10004efc:	50100080 	.word	0x50100080
10004f00:	0001d010 	.word	0x0001d010
10004f04:	50112000 	.word	0x50112000

10004f08 <dcd_int_enable>:
10004f08:	b510      	push	{r4, lr}
10004f0a:	2101      	movs	r1, #1
10004f0c:	2005      	movs	r0, #5
10004f0e:	f7fb fcfd 	bl	1000090c <irq_set_enabled>
10004f12:	bd10      	pop	{r4, pc}

10004f14 <dcd_set_address>:
10004f14:	b510      	push	{r4, lr}
10004f16:	2200      	movs	r2, #0
10004f18:	2100      	movs	r1, #0
10004f1a:	4802      	ldr	r0, [pc, #8]	@ (10004f24 <dcd_set_address+0x10>)
10004f1c:	f000 f90a 	bl	10005134 <hw_endpoint_xfer_start>
10004f20:	bd10      	pop	{r4, pc}
10004f22:	46c0      	nop			@ (mov r8, r8)
10004f24:	2000181c 	.word	0x2000181c

10004f28 <dcd_sof_enable>:
10004f28:	4b04      	ldr	r3, [pc, #16]	@ (10004f3c <dcd_sof_enable+0x14>)
10004f2a:	7019      	strb	r1, [r3, #0]
10004f2c:	2900      	cmp	r1, #0
10004f2e:	d004      	beq.n	10004f3a <dcd_sof_enable+0x12>
10004f30:	2180      	movs	r1, #128	@ 0x80
10004f32:	2390      	movs	r3, #144	@ 0x90
10004f34:	4a02      	ldr	r2, [pc, #8]	@ (10004f40 <dcd_sof_enable+0x18>)
10004f36:	0289      	lsls	r1, r1, #10
10004f38:	50d1      	str	r1, [r2, r3]
10004f3a:	4770      	bx	lr
10004f3c:	20001c52 	.word	0x20001c52
10004f40:	50112000 	.word	0x50112000

10004f44 <dcd_edpt0_status_complete>:
10004f44:	780b      	ldrb	r3, [r1, #0]
10004f46:	065b      	lsls	r3, r3, #25
10004f48:	d000      	beq.n	10004f4c <dcd_edpt0_status_complete+0x8>
10004f4a:	4770      	bx	lr
10004f4c:	784b      	ldrb	r3, [r1, #1]
10004f4e:	2b05      	cmp	r3, #5
10004f50:	d1fb      	bne.n	10004f4a <dcd_edpt0_status_complete+0x6>
10004f52:	788a      	ldrb	r2, [r1, #2]
10004f54:	4b01      	ldr	r3, [pc, #4]	@ (10004f5c <dcd_edpt0_status_complete+0x18>)
10004f56:	601a      	str	r2, [r3, #0]
10004f58:	e7f7      	b.n	10004f4a <dcd_edpt0_status_complete+0x6>
10004f5a:	46c0      	nop			@ (mov r8, r8)
10004f5c:	50110000 	.word	0x50110000

10004f60 <dcd_edpt_open>:
10004f60:	b5f8      	push	{r3, r4, r5, r6, r7, lr}
10004f62:	46ce      	mov	lr, r9
10004f64:	4647      	mov	r7, r8
10004f66:	78cb      	ldrb	r3, [r1, #3]
10004f68:	b580      	push	{r7, lr}
10004f6a:	079b      	lsls	r3, r3, #30
10004f6c:	0f9a      	lsrs	r2, r3, #30
10004f6e:	0010      	movs	r0, r2
10004f70:	2a01      	cmp	r2, #1
10004f72:	d058      	beq.n	10005026 <dcd_edpt_open+0xc6>
10004f74:	788c      	ldrb	r4, [r1, #2]
10004f76:	790a      	ldrb	r2, [r1, #4]
10004f78:	794b      	ldrb	r3, [r1, #5]
10004f7a:	217f      	movs	r1, #127	@ 0x7f
10004f7c:	021b      	lsls	r3, r3, #8
10004f7e:	4021      	ands	r1, r4
10004f80:	09e5      	lsrs	r5, r4, #7
10004f82:	4313      	orrs	r3, r2
10004f84:	004a      	lsls	r2, r1, #1
10004f86:	4691      	mov	r9, r2
10004f88:	4e2c      	ldr	r6, [pc, #176]	@ (1000503c <dcd_edpt_open+0xdc>)
10004f8a:	1952      	adds	r2, r2, r5
10004f8c:	0152      	lsls	r2, r2, #5
10004f8e:	18b2      	adds	r2, r6, r2
10004f90:	7094      	strb	r4, [r2, #2]
10004f92:	2401      	movs	r4, #1
10004f94:	406c      	eors	r4, r5
10004f96:	7054      	strb	r4, [r2, #1]
10004f98:	2400      	movs	r4, #0
10004f9a:	055b      	lsls	r3, r3, #21
10004f9c:	0d5b      	lsrs	r3, r3, #21
10004f9e:	70d4      	strb	r4, [r2, #3]
10004fa0:	8313      	strh	r3, [r2, #24]
10004fa2:	76d0      	strb	r0, [r2, #27]
10004fa4:	00ca      	lsls	r2, r1, #3
10004fa6:	2d01      	cmp	r5, #1
10004fa8:	d02c      	beq.n	10005004 <dcd_edpt_open+0xa4>
10004faa:	4f25      	ldr	r7, [pc, #148]	@ (10005040 <dcd_edpt_open+0xe0>)
10004fac:	19d2      	adds	r2, r2, r7
10004fae:	018f      	lsls	r7, r1, #6
10004fb0:	46bc      	mov	ip, r7
10004fb2:	44b4      	add	ip, r6
10004fb4:	4667      	mov	r7, ip
10004fb6:	60ba      	str	r2, [r7, #8]
10004fb8:	6014      	str	r4, [r2, #0]
10004fba:	2900      	cmp	r1, #0
10004fbc:	d02c      	beq.n	10005018 <dcd_edpt_open+0xb8>
10004fbe:	4a21      	ldr	r2, [pc, #132]	@ (10005044 <dcd_edpt_open+0xe4>)
10004fc0:	00c9      	lsls	r1, r1, #3
10004fc2:	1889      	adds	r1, r1, r2
10004fc4:	6079      	str	r1, [r7, #4]
10004fc6:	333f      	adds	r3, #63	@ 0x3f
10004fc8:	099b      	lsrs	r3, r3, #6
10004fca:	2802      	cmp	r0, #2
10004fcc:	d032      	beq.n	10005034 <dcd_edpt_open+0xd4>
10004fce:	019a      	lsls	r2, r3, #6
10004fd0:	464b      	mov	r3, r9
10004fd2:	4c1d      	ldr	r4, [pc, #116]	@ (10005048 <dcd_edpt_open+0xe8>)
10004fd4:	195b      	adds	r3, r3, r5
10004fd6:	6821      	ldr	r1, [r4, #0]
10004fd8:	015b      	lsls	r3, r3, #5
10004fda:	18f6      	adds	r6, r6, r3
10004fdc:	4b1b      	ldr	r3, [pc, #108]	@ (1000504c <dcd_edpt_open+0xec>)
10004fde:	188a      	adds	r2, r1, r2
10004fe0:	60f1      	str	r1, [r6, #12]
10004fe2:	6022      	str	r2, [r4, #0]
10004fe4:	429a      	cmp	r2, r3
10004fe6:	d827      	bhi.n	10005038 <dcd_edpt_open+0xd8>
10004fe8:	4a19      	ldr	r2, [pc, #100]	@ (10005050 <dcd_edpt_open+0xf0>)
10004fea:	0683      	lsls	r3, r0, #26
10004fec:	404a      	eors	r2, r1
10004fee:	4313      	orrs	r3, r2
10004ff0:	2280      	movs	r2, #128	@ 0x80
10004ff2:	0612      	lsls	r2, r2, #24
10004ff4:	4313      	orrs	r3, r2
10004ff6:	6872      	ldr	r2, [r6, #4]
10004ff8:	6013      	str	r3, [r2, #0]
10004ffa:	2001      	movs	r0, #1
10004ffc:	bcc0      	pop	{r6, r7}
10004ffe:	46b9      	mov	r9, r7
10005000:	46b0      	mov	r8, r6
10005002:	bdf8      	pop	{r3, r4, r5, r6, r7, pc}
10005004:	4f13      	ldr	r7, [pc, #76]	@ (10005054 <dcd_edpt_open+0xf4>)
10005006:	19d2      	adds	r2, r2, r7
10005008:	018f      	lsls	r7, r1, #6
1000500a:	46bc      	mov	ip, r7
1000500c:	44b4      	add	ip, r6
1000500e:	4667      	mov	r7, ip
10005010:	62ba      	str	r2, [r7, #40]	@ 0x28
10005012:	6014      	str	r4, [r2, #0]
10005014:	2900      	cmp	r1, #0
10005016:	d108      	bne.n	1000502a <dcd_edpt_open+0xca>
10005018:	2300      	movs	r3, #0
1000501a:	016d      	lsls	r5, r5, #5
1000501c:	1975      	adds	r5, r6, r5
1000501e:	606b      	str	r3, [r5, #4]
10005020:	4b0d      	ldr	r3, [pc, #52]	@ (10005058 <dcd_edpt_open+0xf8>)
10005022:	60eb      	str	r3, [r5, #12]
10005024:	e7e9      	b.n	10004ffa <dcd_edpt_open+0x9a>
10005026:	2000      	movs	r0, #0
10005028:	e7e8      	b.n	10004ffc <dcd_edpt_open+0x9c>
1000502a:	4a09      	ldr	r2, [pc, #36]	@ (10005050 <dcd_edpt_open+0xf0>)
1000502c:	00c9      	lsls	r1, r1, #3
1000502e:	1889      	adds	r1, r1, r2
10005030:	6279      	str	r1, [r7, #36]	@ 0x24
10005032:	e7c8      	b.n	10004fc6 <dcd_edpt_open+0x66>
10005034:	01da      	lsls	r2, r3, #7
10005036:	e7cb      	b.n	10004fd0 <dcd_edpt_open+0x70>
10005038:	f7fc fd88 	bl	10001b4c <hard_assertion_failure>
1000503c:	200017fc 	.word	0x200017fc
10005040:	50100084 	.word	0x50100084
10005044:	50100004 	.word	0x50100004
10005048:	20001c04 	.word	0x20001c04
1000504c:	50100fff 	.word	0x50100fff
10005050:	50100000 	.word	0x50100000
10005054:	50100080 	.word	0x50100080
10005058:	50100100 	.word	0x50100100

1000505c <dcd_edpt_close_all>:
1000505c:	b510      	push	{r4, lr}
1000505e:	f001 fce3 	bl	10006a28 <__reset_non_control_endpoints_veneer>
10005062:	bd10      	pop	{r4, pc}

10005064 <dcd_edpt_xfer>:
10005064:	207f      	movs	r0, #127	@ 0x7f
10005066:	b510      	push	{r4, lr}
10005068:	4008      	ands	r0, r1
1000506a:	0040      	lsls	r0, r0, #1
1000506c:	09c9      	lsrs	r1, r1, #7
1000506e:	1840      	adds	r0, r0, r1
10005070:	0011      	movs	r1, r2
10005072:	4a04      	ldr	r2, [pc, #16]	@ (10005084 <dcd_edpt_xfer+0x20>)
10005074:	0140      	lsls	r0, r0, #5
10005076:	1880      	adds	r0, r0, r2
10005078:	001a      	movs	r2, r3
1000507a:	f000 f85b 	bl	10005134 <hw_endpoint_xfer_start>
1000507e:	2001      	movs	r0, #1
10005080:	bd10      	pop	{r4, pc}
10005082:	46c0      	nop			@ (mov r8, r8)
10005084:	200017fc 	.word	0x200017fc

10005088 <dcd_edpt_stall>:
10005088:	237f      	movs	r3, #127	@ 0x7f
1000508a:	0018      	movs	r0, r3
1000508c:	b500      	push	{lr}
1000508e:	4008      	ands	r0, r1
10005090:	b083      	sub	sp, #12
10005092:	420b      	tst	r3, r1
10005094:	d104      	bne.n	100050a0 <dcd_edpt_stall+0x18>
10005096:	424b      	negs	r3, r1
10005098:	414b      	adcs	r3, r1
1000509a:	4a08      	ldr	r2, [pc, #32]	@ (100050bc <dcd_edpt_stall+0x34>)
1000509c:	3301      	adds	r3, #1
1000509e:	6693      	str	r3, [r2, #104]	@ 0x68
100050a0:	2280      	movs	r2, #128	@ 0x80
100050a2:	09c9      	lsrs	r1, r1, #7
100050a4:	0040      	lsls	r0, r0, #1
100050a6:	4b06      	ldr	r3, [pc, #24]	@ (100050c0 <dcd_edpt_stall+0x38>)
100050a8:	1840      	adds	r0, r0, r1
100050aa:	0140      	lsls	r0, r0, #5
100050ac:	2100      	movs	r1, #0
100050ae:	18c0      	adds	r0, r0, r3
100050b0:	0112      	lsls	r2, r2, #4
100050b2:	f001 fcd1 	bl	10006a58 <___hw_endpoint_buffer_control_update32_veneer>
100050b6:	b003      	add	sp, #12
100050b8:	bd00      	pop	{pc}
100050ba:	46c0      	nop			@ (mov r8, r8)
100050bc:	50112000 	.word	0x50112000
100050c0:	200017fc 	.word	0x200017fc

100050c4 <dcd_edpt_clear_stall>:
100050c4:	227f      	movs	r2, #127	@ 0x7f
100050c6:	0013      	movs	r3, r2
100050c8:	b510      	push	{r4, lr}
100050ca:	400b      	ands	r3, r1
100050cc:	420a      	tst	r2, r1
100050ce:	d100      	bne.n	100050d2 <dcd_edpt_clear_stall+0xe>
100050d0:	bd10      	pop	{r4, pc}
100050d2:	09c9      	lsrs	r1, r1, #7
100050d4:	005b      	lsls	r3, r3, #1
100050d6:	185b      	adds	r3, r3, r1
100050d8:	4804      	ldr	r0, [pc, #16]	@ (100050ec <dcd_edpt_clear_stall+0x28>)
100050da:	015b      	lsls	r3, r3, #5
100050dc:	18c0      	adds	r0, r0, r3
100050de:	2300      	movs	r3, #0
100050e0:	2200      	movs	r2, #0
100050e2:	4903      	ldr	r1, [pc, #12]	@ (100050f0 <dcd_edpt_clear_stall+0x2c>)
100050e4:	70c3      	strb	r3, [r0, #3]
100050e6:	f001 fcb7 	bl	10006a58 <___hw_endpoint_buffer_control_update32_veneer>
100050ea:	e7f1      	b.n	100050d0 <dcd_edpt_clear_stall+0xc>
100050ec:	200017fc 	.word	0x200017fc
100050f0:	fffff7ff 	.word	0xfffff7ff

100050f4 <rp2040_usb_init>:
100050f4:	2280      	movs	r2, #128	@ 0x80
100050f6:	4b0a      	ldr	r3, [pc, #40]	@ (10005120 <rp2040_usb_init+0x2c>)
100050f8:	0452      	lsls	r2, r2, #17
100050fa:	b510      	push	{r4, lr}
100050fc:	601a      	str	r2, [r3, #0]
100050fe:	4b09      	ldr	r3, [pc, #36]	@ (10005124 <rp2040_usb_init+0x30>)
10005100:	4909      	ldr	r1, [pc, #36]	@ (10005128 <rp2040_usb_init+0x34>)
10005102:	601a      	str	r2, [r3, #0]
10005104:	0010      	movs	r0, r2
10005106:	680b      	ldr	r3, [r1, #0]
10005108:	4398      	bics	r0, r3
1000510a:	d1fb      	bne.n	10005104 <rp2040_usb_init+0x10>
1000510c:	2280      	movs	r2, #128	@ 0x80
1000510e:	2100      	movs	r1, #0
10005110:	0152      	lsls	r2, r2, #5
10005112:	4806      	ldr	r0, [pc, #24]	@ (1000512c <rp2040_usb_init+0x38>)
10005114:	f7fd fcfc 	bl	10002b10 <__wrap_memset>
10005118:	2209      	movs	r2, #9
1000511a:	4b05      	ldr	r3, [pc, #20]	@ (10005130 <rp2040_usb_init+0x3c>)
1000511c:	675a      	str	r2, [r3, #116]	@ 0x74
1000511e:	bd10      	pop	{r4, pc}
10005120:	4000e000 	.word	0x4000e000
10005124:	4000f000 	.word	0x4000f000
10005128:	4000c008 	.word	0x4000c008
1000512c:	50100000 	.word	0x50100000
10005130:	50110000 	.word	0x50110000

10005134 <hw_endpoint_xfer_start>:
10005134:	2300      	movs	r3, #0
10005136:	b510      	push	{r4, lr}
10005138:	82c3      	strh	r3, [r0, #22]
1000513a:	3301      	adds	r3, #1
1000513c:	8282      	strh	r2, [r0, #20]
1000513e:	7683      	strb	r3, [r0, #26]
10005140:	6101      	str	r1, [r0, #16]
10005142:	0004      	movs	r4, r0
10005144:	f001 fcb0 	bl	10006aa8 <__e15_is_bulkin_ep_veneer>
10005148:	2800      	cmp	r0, #0
1000514a:	d004      	beq.n	10005156 <hw_endpoint_xfer_start+0x22>
1000514c:	2180      	movs	r1, #128	@ 0x80
1000514e:	2390      	movs	r3, #144	@ 0x90
10005150:	4a07      	ldr	r2, [pc, #28]	@ (10005170 <hw_endpoint_xfer_start+0x3c>)
10005152:	0289      	lsls	r1, r1, #10
10005154:	50d1      	str	r1, [r2, r3]
10005156:	0020      	movs	r0, r4
10005158:	f001 fc96 	bl	10006a88 <__e15_is_critical_frame_period_veneer>
1000515c:	2800      	cmp	r0, #0
1000515e:	d002      	beq.n	10005166 <hw_endpoint_xfer_start+0x32>
10005160:	2301      	movs	r3, #1
10005162:	7723      	strb	r3, [r4, #28]
10005164:	bd10      	pop	{r4, pc}
10005166:	0020      	movs	r0, r4
10005168:	f001 fc56 	bl	10006a18 <__hw_endpoint_start_next_buffer_veneer>
1000516c:	e7fa      	b.n	10005164 <hw_endpoint_xfer_start+0x30>
1000516e:	46c0      	nop			@ (mov r8, r8)
10005170:	50112000 	.word	0x50112000

10005174 <tud_event_hook_cb>:
10005174:	4770      	bx	lr
10005176:	46c0      	nop			@ (mov r8, r8)

10005178 <tud_sof_cb>:
10005178:	4770      	bx	lr
1000517a:	46c0      	nop			@ (mov r8, r8)

1000517c <tud_descriptor_device_qualifier_cb>:
1000517c:	2000      	movs	r0, #0
1000517e:	4770      	bx	lr

10005180 <tud_descriptor_other_speed_configuration_cb>:
10005180:	2000      	movs	r0, #0
10005182:	4770      	bx	lr

10005184 <tud_mount_cb>:
10005184:	4770      	bx	lr
10005186:	46c0      	nop			@ (mov r8, r8)

10005188 <tud_umount_cb>:
10005188:	4770      	bx	lr
1000518a:	46c0      	nop			@ (mov r8, r8)

1000518c <tud_suspend_cb>:
1000518c:	4770      	bx	lr
1000518e:	46c0      	nop			@ (mov r8, r8)

10005190 <tud_resume_cb>:
10005190:	4770      	bx	lr
10005192:	46c0      	nop			@ (mov r8, r8)

10005194 <tud_mounted>:
10005194:	4b02      	ldr	r3, [pc, #8]	@ (100051a0 <tud_mounted+0xc>)
10005196:	7858      	ldrb	r0, [r3, #1]
10005198:	1e43      	subs	r3, r0, #1
1000519a:	4198      	sbcs	r0, r3
1000519c:	b2c0      	uxtb	r0, r0
1000519e:	4770      	bx	lr
100051a0:	20001568 	.word	0x20001568

100051a4 <tud_suspended>:
100051a4:	4b02      	ldr	r3, [pc, #8]	@ (100051b0 <tud_suspended+0xc>)
100051a6:	7818      	ldrb	r0, [r3, #0]
100051a8:	0740      	lsls	r0, r0, #29
100051aa:	0fc0      	lsrs	r0, r0, #31
100051ac:	4770      	bx	lr
100051ae:	46c0      	nop			@ (mov r8, r8)
100051b0:	20001568 	.word	0x20001568

100051b4 <tud_rhport_init>:
100051b4:	b5f0      	push	{r4, r5, r6, r7, lr}
100051b6:	46d6      	mov	lr, sl
100051b8:	464f      	mov	r7, r9
100051ba:	4646      	mov	r6, r8
100051bc:	b5c0      	push	{r6, r7, lr}
100051be:	4b2c      	ldr	r3, [pc, #176]	@ (10005270 <tud_rhport_init+0xbc>)
100051c0:	4681      	mov	r9, r0
100051c2:	4698      	mov	r8, r3
100051c4:	781b      	ldrb	r3, [r3, #0]
100051c6:	468a      	mov	sl, r1
100051c8:	2bff      	cmp	r3, #255	@ 0xff
100051ca:	d14b      	bne.n	10005264 <tud_rhport_init+0xb0>
100051cc:	2900      	cmp	r1, #0
100051ce:	d03b      	beq.n	10005248 <tud_rhport_init+0x94>
100051d0:	2100      	movs	r1, #0
100051d2:	2254      	movs	r2, #84	@ 0x54
100051d4:	4827      	ldr	r0, [pc, #156]	@ (10005274 <tud_rhport_init+0xc0>)
100051d6:	f7fd fc9b 	bl	10002b10 <__wrap_memset>
100051da:	2200      	movs	r2, #0
100051dc:	4c26      	ldr	r4, [pc, #152]	@ (10005278 <tud_rhport_init+0xc4>)
100051de:	4b27      	ldr	r3, [pc, #156]	@ (1000527c <tud_rhport_init+0xc8>)
100051e0:	0020      	movs	r0, r4
100051e2:	701a      	strb	r2, [r3, #0]
100051e4:	f7fb fe56 	bl	10000e94 <mutex_init>
100051e8:	4b25      	ldr	r3, [pc, #148]	@ (10005280 <tud_rhport_init+0xcc>)
100051ea:	601c      	str	r4, [r3, #0]
100051ec:	4c25      	ldr	r4, [pc, #148]	@ (10005284 <tud_rhport_init+0xd0>)
100051ee:	0020      	movs	r0, r4
100051f0:	3c14      	subs	r4, #20
100051f2:	f7fb fe5d 	bl	10000eb0 <critical_section_init>
100051f6:	0020      	movs	r0, r4
100051f8:	f001 fb98 	bl	1000692c <tu_fifo_clear>
100051fc:	4b22      	ldr	r3, [pc, #136]	@ (10005288 <tud_rhport_init+0xd4>)
100051fe:	4d23      	ldr	r5, [pc, #140]	@ (1000528c <tud_rhport_init+0xd8>)
10005200:	601c      	str	r4, [r3, #0]
10005202:	4b23      	ldr	r3, [pc, #140]	@ (10005290 <tud_rhport_init+0xdc>)
10005204:	2b00      	cmp	r3, #0
10005206:	d004      	beq.n	10005212 <tud_rhport_init+0x5e>
10005208:	0028      	movs	r0, r5
1000520a:	f7ff fe19 	bl	10004e40 <usbd_app_driver_get_cb>
1000520e:	4b21      	ldr	r3, [pc, #132]	@ (10005294 <tud_rhport_init+0xe0>)
10005210:	6018      	str	r0, [r3, #0]
10005212:	2400      	movs	r4, #0
10005214:	782b      	ldrb	r3, [r5, #0]
10005216:	4f20      	ldr	r7, [pc, #128]	@ (10005298 <tud_rhport_init+0xe4>)
10005218:	4e1e      	ldr	r6, [pc, #120]	@ (10005294 <tud_rhport_init+0xe0>)
1000521a:	e00d      	b.n	10005238 <tud_rhport_init+0x84>
1000521c:	6833      	ldr	r3, [r6, #0]
1000521e:	0162      	lsls	r2, r4, #5
10005220:	189b      	adds	r3, r3, r2
10005222:	2b00      	cmp	r3, #0
10005224:	d010      	beq.n	10005248 <tud_rhport_init+0x94>
10005226:	685b      	ldr	r3, [r3, #4]
10005228:	2b00      	cmp	r3, #0
1000522a:	d00d      	beq.n	10005248 <tud_rhport_init+0x94>
1000522c:	4798      	blx	r3
1000522e:	3401      	adds	r4, #1
10005230:	782b      	ldrb	r3, [r5, #0]
10005232:	b2e4      	uxtb	r4, r4
10005234:	42a3      	cmp	r3, r4
10005236:	d309      	bcc.n	1000524c <tud_rhport_init+0x98>
10005238:	42a3      	cmp	r3, r4
1000523a:	d8ef      	bhi.n	1000521c <tud_rhport_init+0x68>
1000523c:	1ae3      	subs	r3, r4, r3
1000523e:	015b      	lsls	r3, r3, #5
10005240:	19db      	adds	r3, r3, r7
10005242:	685b      	ldr	r3, [r3, #4]
10005244:	2b00      	cmp	r3, #0
10005246:	d1f1      	bne.n	1000522c <tud_rhport_init+0x78>
10005248:	2000      	movs	r0, #0
1000524a:	e00c      	b.n	10005266 <tud_rhport_init+0xb2>
1000524c:	4642      	mov	r2, r8
1000524e:	464b      	mov	r3, r9
10005250:	4651      	mov	r1, sl
10005252:	4648      	mov	r0, r9
10005254:	7013      	strb	r3, [r2, #0]
10005256:	f7ff fe0f 	bl	10004e78 <dcd_init>
1000525a:	2800      	cmp	r0, #0
1000525c:	d0f4      	beq.n	10005248 <tud_rhport_init+0x94>
1000525e:	4648      	mov	r0, r9
10005260:	f7ff fe52 	bl	10004f08 <dcd_int_enable>
10005264:	2001      	movs	r0, #1
10005266:	bce0      	pop	{r5, r6, r7}
10005268:	46ba      	mov	sl, r7
1000526a:	46b1      	mov	r9, r6
1000526c:	46a8      	mov	r8, r5
1000526e:	bdf0      	pop	{r4, r5, r6, r7, pc}
10005270:	20001024 	.word	0x20001024
10005274:	20001568 	.word	0x20001568
10005278:	20001560 	.word	0x20001560
1000527c:	20001c53 	.word	0x20001c53
10005280:	200015bc 	.word	0x200015bc
10005284:	2000101c 	.word	0x2000101c
10005288:	200015c0 	.word	0x200015c0
1000528c:	20001c51 	.word	0x20001c51
10005290:	10004e41 	.word	0x10004e41
10005294:	20001480 	.word	0x20001480
10005298:	10007104 	.word	0x10007104

1000529c <tud_task_ext>:
1000529c:	b5f0      	push	{r4, r5, r6, r7, lr}
1000529e:	46de      	mov	lr, fp
100052a0:	4657      	mov	r7, sl
100052a2:	464e      	mov	r6, r9
100052a4:	4645      	mov	r5, r8
100052a6:	b5e0      	push	{r5, r6, r7, lr}
100052a8:	4bc8      	ldr	r3, [pc, #800]	@ (100055cc <tud_task_ext+0x330>)
100052aa:	b091      	sub	sp, #68	@ 0x44
100052ac:	9303      	str	r3, [sp, #12]
100052ae:	781b      	ldrb	r3, [r3, #0]
100052b0:	2bff      	cmp	r3, #255	@ 0xff
100052b2:	d100      	bne.n	100052b6 <tud_task_ext+0x1a>
100052b4:	e142      	b.n	1000553c <tud_task_ext+0x2a0>
100052b6:	4bc6      	ldr	r3, [pc, #792]	@ (100055d0 <tud_task_ext+0x334>)
100052b8:	4ec6      	ldr	r6, [pc, #792]	@ (100055d4 <tud_task_ext+0x338>)
100052ba:	001f      	movs	r7, r3
100052bc:	4bc6      	ldr	r3, [pc, #792]	@ (100055d8 <tud_task_ext+0x33c>)
100052be:	ac0d      	add	r4, sp, #52	@ 0x34
100052c0:	9302      	str	r3, [sp, #8]
100052c2:	4bc6      	ldr	r3, [pc, #792]	@ (100055dc <tud_task_ext+0x340>)
100052c4:	9301      	str	r3, [sp, #4]
100052c6:	6835      	ldr	r5, [r6, #0]
100052c8:	696a      	ldr	r2, [r5, #20]
100052ca:	f3ef 8110 	mrs	r1, PRIMASK
100052ce:	b672      	cpsid	i
100052d0:	6813      	ldr	r3, [r2, #0]
100052d2:	2b00      	cmp	r3, #0
100052d4:	d0fc      	beq.n	100052d0 <tud_task_ext+0x34>
100052d6:	f3bf 8f5f 	dmb	sy
100052da:	61a9      	str	r1, [r5, #24]
100052dc:	0028      	movs	r0, r5
100052de:	0021      	movs	r1, r4
100052e0:	f001 f95a 	bl	10006598 <tu_fifo_read>
100052e4:	696a      	ldr	r2, [r5, #20]
100052e6:	69ab      	ldr	r3, [r5, #24]
100052e8:	f3bf 8f5f 	dmb	sy
100052ec:	2100      	movs	r1, #0
100052ee:	6011      	str	r1, [r2, #0]
100052f0:	f383 8810 	msr	PRIMASK, r3
100052f4:	2800      	cmp	r0, #0
100052f6:	d100      	bne.n	100052fa <tud_task_ext+0x5e>
100052f8:	e120      	b.n	1000553c <tud_task_ext+0x2a0>
100052fa:	7863      	ldrb	r3, [r4, #1]
100052fc:	2b08      	cmp	r3, #8
100052fe:	d8e2      	bhi.n	100052c6 <tud_task_ext+0x2a>
10005300:	009b      	lsls	r3, r3, #2
10005302:	58fb      	ldr	r3, [r7, r3]
10005304:	469f      	mov	pc, r3
10005306:	6863      	ldr	r3, [r4, #4]
10005308:	2b00      	cmp	r3, #0
1000530a:	d0dc      	beq.n	100052c6 <tud_task_ext+0x2a>
1000530c:	68a0      	ldr	r0, [r4, #8]
1000530e:	4798      	blx	r3
10005310:	e7d9      	b.n	100052c6 <tud_task_ext+0x2a>
10005312:	227f      	movs	r2, #127	@ 0x7f
10005314:	7921      	ldrb	r1, [r4, #4]
10005316:	4db0      	ldr	r5, [pc, #704]	@ (100055d8 <tud_task_ext+0x33c>)
10005318:	400a      	ands	r2, r1
1000531a:	0053      	lsls	r3, r2, #1
1000531c:	18eb      	adds	r3, r5, r3
1000531e:	4698      	mov	r8, r3
10005320:	09c8      	lsrs	r0, r1, #7
10005322:	4480      	add	r8, r0
10005324:	4640      	mov	r0, r8
10005326:	2301      	movs	r3, #1
10005328:	3030      	adds	r0, #48	@ 0x30
1000532a:	7905      	ldrb	r5, [r0, #4]
1000532c:	439d      	bics	r5, r3
1000532e:	7105      	strb	r5, [r0, #4]
10005330:	7905      	ldrb	r5, [r0, #4]
10005332:	3303      	adds	r3, #3
10005334:	439d      	bics	r5, r3
10005336:	7105      	strb	r5, [r0, #4]
10005338:	2a00      	cmp	r2, #0
1000533a:	d100      	bne.n	1000533e <tud_task_ext+0xa2>
1000533c:	e105      	b.n	1000554a <tud_task_ext+0x2ae>
1000533e:	4643      	mov	r3, r8
10005340:	4aa7      	ldr	r2, [pc, #668]	@ (100055e0 <tud_task_ext+0x344>)
10005342:	7d1b      	ldrb	r3, [r3, #20]
10005344:	7812      	ldrb	r2, [r2, #0]
10005346:	4293      	cmp	r3, r2
10005348:	d300      	bcc.n	1000534c <tud_task_ext+0xb0>
1000534a:	e0f5      	b.n	10005538 <tud_task_ext+0x29c>
1000534c:	4aa5      	ldr	r2, [pc, #660]	@ (100055e4 <tud_task_ext+0x348>)
1000534e:	015b      	lsls	r3, r3, #5
10005350:	6815      	ldr	r5, [r2, #0]
10005352:	18ed      	adds	r5, r5, r3
10005354:	2d00      	cmp	r5, #0
10005356:	d100      	bne.n	1000535a <tud_task_ext+0xbe>
10005358:	e0f0      	b.n	1000553c <tud_task_ext+0x2a0>
1000535a:	68a3      	ldr	r3, [r4, #8]
1000535c:	7962      	ldrb	r2, [r4, #5]
1000535e:	7820      	ldrb	r0, [r4, #0]
10005360:	69ad      	ldr	r5, [r5, #24]
10005362:	47a8      	blx	r5
10005364:	e7af      	b.n	100052c6 <tud_task_ext+0x2a>
10005366:	4ba0      	ldr	r3, [pc, #640]	@ (100055e8 <tud_task_ext+0x34c>)
10005368:	781a      	ldrb	r2, [r3, #0]
1000536a:	2a00      	cmp	r2, #0
1000536c:	d100      	bne.n	10005370 <tud_task_ext+0xd4>
1000536e:	e0e5      	b.n	1000553c <tud_task_ext+0x2a0>
10005370:	781a      	ldrb	r2, [r3, #0]
10005372:	3a01      	subs	r2, #1
10005374:	701a      	strb	r2, [r3, #0]
10005376:	781b      	ldrb	r3, [r3, #0]
10005378:	2b00      	cmp	r3, #0
1000537a:	d1a4      	bne.n	100052c6 <tud_task_ext+0x2a>
1000537c:	2201      	movs	r2, #1
1000537e:	4d96      	ldr	r5, [pc, #600]	@ (100055d8 <tud_task_ext+0x33c>)
10005380:	2101      	movs	r1, #1
10005382:	782b      	ldrb	r3, [r5, #0]
10005384:	2004      	movs	r0, #4
10005386:	4313      	orrs	r3, r2
10005388:	702b      	strb	r3, [r5, #0]
1000538a:	2334      	movs	r3, #52	@ 0x34
1000538c:	5cea      	ldrb	r2, [r5, r3]
1000538e:	438a      	bics	r2, r1
10005390:	54ea      	strb	r2, [r5, r3]
10005392:	5cea      	ldrb	r2, [r5, r3]
10005394:	4382      	bics	r2, r0
10005396:	54ea      	strb	r2, [r5, r3]
10005398:	3301      	adds	r3, #1
1000539a:	5cea      	ldrb	r2, [r5, r3]
1000539c:	438a      	bics	r2, r1
1000539e:	54ea      	strb	r2, [r5, r3]
100053a0:	5cea      	ldrb	r2, [r5, r3]
100053a2:	4382      	bics	r2, r0
100053a4:	54ea      	strb	r2, [r5, r3]
100053a6:	7823      	ldrb	r3, [r4, #0]
100053a8:	2000      	movs	r0, #0
100053aa:	469b      	mov	fp, r3
100053ac:	f000 fc88 	bl	10005cc0 <usbd_control_set_complete_callback>
100053b0:	2260      	movs	r2, #96	@ 0x60
100053b2:	7923      	ldrb	r3, [r4, #4]
100053b4:	401a      	ands	r2, r3
100053b6:	2a60      	cmp	r2, #96	@ 0x60
100053b8:	d100      	bne.n	100053bc <tud_task_ext+0x120>
100053ba:	e0f1      	b.n	100055a0 <tud_task_ext+0x304>
100053bc:	2a40      	cmp	r2, #64	@ 0x40
100053be:	d100      	bne.n	100053c2 <tud_task_ext+0x126>
100053c0:	e0f7      	b.n	100055b2 <tud_task_ext+0x316>
100053c2:	06db      	lsls	r3, r3, #27
100053c4:	0edb      	lsrs	r3, r3, #27
100053c6:	2b01      	cmp	r3, #1
100053c8:	d100      	bne.n	100053cc <tud_task_ext+0x130>
100053ca:	e115      	b.n	100055f8 <tud_task_ext+0x35c>
100053cc:	2b02      	cmp	r3, #2
100053ce:	d100      	bne.n	100053d2 <tud_task_ext+0x136>
100053d0:	e0ca      	b.n	10005568 <tud_task_ext+0x2cc>
100053d2:	2b00      	cmp	r3, #0
100053d4:	d000      	beq.n	100053d8 <tud_task_ext+0x13c>
100053d6:	e0e3      	b.n	100055a0 <tud_task_ext+0x304>
100053d8:	2a20      	cmp	r2, #32
100053da:	d100      	bne.n	100053de <tud_task_ext+0x142>
100053dc:	e211      	b.n	10005802 <tud_task_ext+0x566>
100053de:	2a00      	cmp	r2, #0
100053e0:	d000      	beq.n	100053e4 <tud_task_ext+0x148>
100053e2:	e0dd      	b.n	100055a0 <tud_task_ext+0x304>
100053e4:	7963      	ldrb	r3, [r4, #5]
100053e6:	2b09      	cmp	r3, #9
100053e8:	d900      	bls.n	100053ec <tud_task_ext+0x150>
100053ea:	e0d9      	b.n	100055a0 <tud_task_ext+0x304>
100053ec:	4a7f      	ldr	r2, [pc, #508]	@ (100055ec <tud_task_ext+0x350>)
100053ee:	009b      	lsls	r3, r3, #2
100053f0:	58d3      	ldr	r3, [r2, r3]
100053f2:	469f      	mov	pc, r3
100053f4:	4d78      	ldr	r5, [pc, #480]	@ (100055d8 <tud_task_ext+0x33c>)
100053f6:	782b      	ldrb	r3, [r5, #0]
100053f8:	07db      	lsls	r3, r3, #31
100053fa:	d400      	bmi.n	100053fe <tud_task_ext+0x162>
100053fc:	e763      	b.n	100052c6 <tud_task_ext+0x2a>
100053fe:	f7ff fec7 	bl	10005190 <tud_resume_cb>
10005402:	e760      	b.n	100052c6 <tud_task_ext+0x2a>
10005404:	9b02      	ldr	r3, [sp, #8]
10005406:	78db      	ldrb	r3, [r3, #3]
10005408:	07db      	lsls	r3, r3, #31
1000540a:	d400      	bmi.n	1000540e <tud_task_ext+0x172>
1000540c:	e75b      	b.n	100052c6 <tud_task_ext+0x2a>
1000540e:	6860      	ldr	r0, [r4, #4]
10005410:	f7ff feb2 	bl	10005178 <tud_sof_cb>
10005414:	e757      	b.n	100052c6 <tud_task_ext+0x2a>
10005416:	4d70      	ldr	r5, [pc, #448]	@ (100055d8 <tud_task_ext+0x33c>)
10005418:	782b      	ldrb	r3, [r5, #0]
1000541a:	07db      	lsls	r3, r3, #31
1000541c:	d400      	bmi.n	10005420 <tud_task_ext+0x184>
1000541e:	e752      	b.n	100052c6 <tud_task_ext+0x2a>
10005420:	7828      	ldrb	r0, [r5, #0]
10005422:	0700      	lsls	r0, r0, #28
10005424:	0fc0      	lsrs	r0, r0, #31
10005426:	f7ff feb1 	bl	1000518c <tud_suspend_cb>
1000542a:	e74c      	b.n	100052c6 <tud_task_ext+0x2a>
1000542c:	7823      	ldrb	r3, [r4, #0]
1000542e:	4a6b      	ldr	r2, [pc, #428]	@ (100055dc <tud_task_ext+0x340>)
10005430:	4699      	mov	r9, r3
10005432:	4693      	mov	fp, r2
10005434:	4b6a      	ldr	r3, [pc, #424]	@ (100055e0 <tud_task_ext+0x344>)
10005436:	4a6b      	ldr	r2, [pc, #428]	@ (100055e4 <tud_task_ext+0x348>)
10005438:	4698      	mov	r8, r3
1000543a:	4692      	mov	sl, r2
1000543c:	003a      	movs	r2, r7
1000543e:	2500      	movs	r5, #0
10005440:	4647      	mov	r7, r8
10005442:	781b      	ldrb	r3, [r3, #0]
10005444:	46b0      	mov	r8, r6
10005446:	464e      	mov	r6, r9
10005448:	4691      	mov	r9, r2
1000544a:	e00e      	b.n	1000546a <tud_task_ext+0x1ce>
1000544c:	4653      	mov	r3, sl
1000544e:	681b      	ldr	r3, [r3, #0]
10005450:	016a      	lsls	r2, r5, #5
10005452:	189b      	adds	r3, r3, r2
10005454:	2b00      	cmp	r3, #0
10005456:	d100      	bne.n	1000545a <tud_task_ext+0x1be>
10005458:	e07d      	b.n	10005556 <tud_task_ext+0x2ba>
1000545a:	68db      	ldr	r3, [r3, #12]
1000545c:	0030      	movs	r0, r6
1000545e:	4798      	blx	r3
10005460:	3501      	adds	r5, #1
10005462:	783b      	ldrb	r3, [r7, #0]
10005464:	b2ed      	uxtb	r5, r5
10005466:	42ab      	cmp	r3, r5
10005468:	d30c      	bcc.n	10005484 <tud_task_ext+0x1e8>
1000546a:	42ab      	cmp	r3, r5
1000546c:	d8ee      	bhi.n	1000544c <tud_task_ext+0x1b0>
1000546e:	1aeb      	subs	r3, r5, r3
10005470:	015b      	lsls	r3, r3, #5
10005472:	445b      	add	r3, fp
10005474:	68db      	ldr	r3, [r3, #12]
10005476:	0030      	movs	r0, r6
10005478:	4798      	blx	r3
1000547a:	3501      	adds	r5, #1
1000547c:	783b      	ldrb	r3, [r7, #0]
1000547e:	b2ed      	uxtb	r5, r5
10005480:	42ab      	cmp	r3, r5
10005482:	d2f2      	bcs.n	1000546a <tud_task_ext+0x1ce>
10005484:	4d54      	ldr	r5, [pc, #336]	@ (100055d8 <tud_task_ext+0x33c>)
10005486:	2254      	movs	r2, #84	@ 0x54
10005488:	2100      	movs	r1, #0
1000548a:	0028      	movs	r0, r5
1000548c:	f7fd fb40 	bl	10002b10 <__wrap_memset>
10005490:	2210      	movs	r2, #16
10005492:	21ff      	movs	r1, #255	@ 0xff
10005494:	1d28      	adds	r0, r5, #4
10005496:	f7fd fb3b 	bl	10002b10 <__wrap_memset>
1000549a:	0028      	movs	r0, r5
1000549c:	2220      	movs	r2, #32
1000549e:	21ff      	movs	r1, #255	@ 0xff
100054a0:	3014      	adds	r0, #20
100054a2:	4646      	mov	r6, r8
100054a4:	464f      	mov	r7, r9
100054a6:	f7fd fb33 	bl	10002b10 <__wrap_memset>
100054aa:	f000 fbff 	bl	10005cac <usbd_control_reset>
100054ae:	7923      	ldrb	r3, [r4, #4]
100054b0:	70ab      	strb	r3, [r5, #2]
100054b2:	e708      	b.n	100052c6 <tud_task_ext+0x2a>
100054b4:	7823      	ldrb	r3, [r4, #0]
100054b6:	4a4b      	ldr	r2, [pc, #300]	@ (100055e4 <tud_task_ext+0x348>)
100054b8:	4699      	mov	r9, r3
100054ba:	4b49      	ldr	r3, [pc, #292]	@ (100055e0 <tud_task_ext+0x344>)
100054bc:	4692      	mov	sl, r2
100054be:	4698      	mov	r8, r3
100054c0:	0032      	movs	r2, r6
100054c2:	46bb      	mov	fp, r7
100054c4:	464e      	mov	r6, r9
100054c6:	2500      	movs	r5, #0
100054c8:	4647      	mov	r7, r8
100054ca:	4691      	mov	r9, r2
100054cc:	781b      	ldrb	r3, [r3, #0]
100054ce:	e00d      	b.n	100054ec <tud_task_ext+0x250>
100054d0:	4653      	mov	r3, sl
100054d2:	681b      	ldr	r3, [r3, #0]
100054d4:	016a      	lsls	r2, r5, #5
100054d6:	189b      	adds	r3, r3, r2
100054d8:	2b00      	cmp	r3, #0
100054da:	d040      	beq.n	1000555e <tud_task_ext+0x2c2>
100054dc:	68db      	ldr	r3, [r3, #12]
100054de:	0030      	movs	r0, r6
100054e0:	4798      	blx	r3
100054e2:	3501      	adds	r5, #1
100054e4:	783b      	ldrb	r3, [r7, #0]
100054e6:	b2ed      	uxtb	r5, r5
100054e8:	42ab      	cmp	r3, r5
100054ea:	d30d      	bcc.n	10005508 <tud_task_ext+0x26c>
100054ec:	429d      	cmp	r5, r3
100054ee:	d3ef      	bcc.n	100054d0 <tud_task_ext+0x234>
100054f0:	9a01      	ldr	r2, [sp, #4]
100054f2:	1aeb      	subs	r3, r5, r3
100054f4:	015b      	lsls	r3, r3, #5
100054f6:	18d3      	adds	r3, r2, r3
100054f8:	68db      	ldr	r3, [r3, #12]
100054fa:	0030      	movs	r0, r6
100054fc:	4798      	blx	r3
100054fe:	3501      	adds	r5, #1
10005500:	783b      	ldrb	r3, [r7, #0]
10005502:	b2ed      	uxtb	r5, r5
10005504:	42ab      	cmp	r3, r5
10005506:	d2f1      	bcs.n	100054ec <tud_task_ext+0x250>
10005508:	9d02      	ldr	r5, [sp, #8]
1000550a:	2254      	movs	r2, #84	@ 0x54
1000550c:	2100      	movs	r1, #0
1000550e:	0028      	movs	r0, r5
10005510:	f7fd fafe 	bl	10002b10 <__wrap_memset>
10005514:	2210      	movs	r2, #16
10005516:	21ff      	movs	r1, #255	@ 0xff
10005518:	4835      	ldr	r0, [pc, #212]	@ (100055f0 <tud_task_ext+0x354>)
1000551a:	f7fd faf9 	bl	10002b10 <__wrap_memset>
1000551e:	0028      	movs	r0, r5
10005520:	2220      	movs	r2, #32
10005522:	21ff      	movs	r1, #255	@ 0xff
10005524:	3014      	adds	r0, #20
10005526:	464e      	mov	r6, r9
10005528:	465f      	mov	r7, fp
1000552a:	f7fd faf1 	bl	10002b10 <__wrap_memset>
1000552e:	f000 fbbd 	bl	10005cac <usbd_control_reset>
10005532:	f7ff fe29 	bl	10005188 <tud_umount_cb>
10005536:	e6c6      	b.n	100052c6 <tud_task_ext+0x2a>
10005538:	4293      	cmp	r3, r2
1000553a:	d013      	beq.n	10005564 <tud_task_ext+0x2c8>
1000553c:	b011      	add	sp, #68	@ 0x44
1000553e:	bcf0      	pop	{r4, r5, r6, r7}
10005540:	46bb      	mov	fp, r7
10005542:	46b2      	mov	sl, r6
10005544:	46a9      	mov	r9, r5
10005546:	46a0      	mov	r8, r4
10005548:	bdf0      	pop	{r4, r5, r6, r7, pc}
1000554a:	68a3      	ldr	r3, [r4, #8]
1000554c:	7962      	ldrb	r2, [r4, #5]
1000554e:	7820      	ldrb	r0, [r4, #0]
10005550:	f000 fbca 	bl	10005ce8 <usbd_control_xfer_cb>
10005554:	e6b7      	b.n	100052c6 <tud_task_ext+0x2a>
10005556:	4646      	mov	r6, r8
10005558:	464f      	mov	r7, r9
1000555a:	4d1f      	ldr	r5, [pc, #124]	@ (100055d8 <tud_task_ext+0x33c>)
1000555c:	e7a5      	b.n	100054aa <tud_task_ext+0x20e>
1000555e:	464e      	mov	r6, r9
10005560:	465f      	mov	r7, fp
10005562:	e7e4      	b.n	1000552e <tud_task_ext+0x292>
10005564:	4d1d      	ldr	r5, [pc, #116]	@ (100055dc <tud_task_ext+0x340>)
10005566:	e6f8      	b.n	1000535a <tud_task_ext+0xbe>
10005568:	2370      	movs	r3, #112	@ 0x70
1000556a:	7a21      	ldrb	r1, [r4, #8]
1000556c:	420b      	tst	r3, r1
1000556e:	d117      	bne.n	100055a0 <tud_task_ext+0x304>
10005570:	09c8      	lsrs	r0, r1, #7
10005572:	4682      	mov	sl, r0
10005574:	330f      	adds	r3, #15
10005576:	400b      	ands	r3, r1
10005578:	005b      	lsls	r3, r3, #1
1000557a:	4698      	mov	r8, r3
1000557c:	4818      	ldr	r0, [pc, #96]	@ (100055e0 <tud_task_ext+0x344>)
1000557e:	18eb      	adds	r3, r5, r3
10005580:	4453      	add	r3, sl
10005582:	7d1b      	ldrb	r3, [r3, #20]
10005584:	7800      	ldrb	r0, [r0, #0]
10005586:	4283      	cmp	r3, r0
10005588:	d264      	bcs.n	10005654 <tud_task_ext+0x3b8>
1000558a:	4816      	ldr	r0, [pc, #88]	@ (100055e4 <tud_task_ext+0x348>)
1000558c:	015b      	lsls	r3, r3, #5
1000558e:	6800      	ldr	r0, [r0, #0]
10005590:	4681      	mov	r9, r0
10005592:	4499      	add	r9, r3
10005594:	2a00      	cmp	r2, #0
10005596:	d100      	bne.n	1000559a <tud_task_ext+0x2fe>
10005598:	e155      	b.n	10005846 <tud_task_ext+0x5aa>
1000559a:	464b      	mov	r3, r9
1000559c:	2b00      	cmp	r3, #0
1000559e:	d161      	bne.n	10005664 <tud_task_ext+0x3c8>
100055a0:	7820      	ldrb	r0, [r4, #0]
100055a2:	2100      	movs	r1, #0
100055a4:	f7ff fd70 	bl	10005088 <dcd_edpt_stall>
100055a8:	2180      	movs	r1, #128	@ 0x80
100055aa:	7820      	ldrb	r0, [r4, #0]
100055ac:	f7ff fd6c 	bl	10005088 <dcd_edpt_stall>
100055b0:	e689      	b.n	100052c6 <tud_task_ext+0x2a>
100055b2:	4810      	ldr	r0, [pc, #64]	@ (100055f4 <tud_task_ext+0x358>)
100055b4:	f000 fb84 	bl	10005cc0 <usbd_control_set_complete_callback>
100055b8:	2101      	movs	r1, #1
100055ba:	4658      	mov	r0, fp
100055bc:	aa0e      	add	r2, sp, #56	@ 0x38
100055be:	f7ff fc23 	bl	10004e08 <tud_vendor_control_xfer_cb>
100055c2:	2800      	cmp	r0, #0
100055c4:	d000      	beq.n	100055c8 <tud_task_ext+0x32c>
100055c6:	e67e      	b.n	100052c6 <tud_task_ext+0x2a>
100055c8:	e7ea      	b.n	100055a0 <tud_task_ext+0x304>
100055ca:	46c0      	nop			@ (mov r8, r8)
100055cc:	20001024 	.word	0x20001024
100055d0:	1000705c 	.word	0x1000705c
100055d4:	200015c0 	.word	0x200015c0
100055d8:	20001568 	.word	0x20001568
100055dc:	10007104 	.word	0x10007104
100055e0:	20001c51 	.word	0x20001c51
100055e4:	20001480 	.word	0x20001480
100055e8:	20001c53 	.word	0x20001c53
100055ec:	10007080 	.word	0x10007080
100055f0:	2000156c 	.word	0x2000156c
100055f4:	10004e09 	.word	0x10004e09
100055f8:	7a23      	ldrb	r3, [r4, #8]
100055fa:	8922      	ldrh	r2, [r4, #8]
100055fc:	2b0f      	cmp	r3, #15
100055fe:	d8cf      	bhi.n	100055a0 <tud_task_ext+0x304>
10005600:	23ff      	movs	r3, #255	@ 0xff
10005602:	4013      	ands	r3, r2
10005604:	4ad1      	ldr	r2, [pc, #836]	@ (1000594c <tud_task_ext+0x6b0>)
10005606:	18eb      	adds	r3, r5, r3
10005608:	791b      	ldrb	r3, [r3, #4]
1000560a:	7812      	ldrb	r2, [r2, #0]
1000560c:	4293      	cmp	r3, r2
1000560e:	d334      	bcc.n	1000567a <tud_task_ext+0x3de>
10005610:	d1c6      	bne.n	100055a0 <tud_task_ext+0x304>
10005612:	4dcf      	ldr	r5, [pc, #828]	@ (10005950 <tud_task_ext+0x6b4>)
10005614:	6968      	ldr	r0, [r5, #20]
10005616:	f000 fb53 	bl	10005cc0 <usbd_control_set_complete_callback>
1000561a:	2101      	movs	r1, #1
1000561c:	4658      	mov	r0, fp
1000561e:	696b      	ldr	r3, [r5, #20]
10005620:	aa0e      	add	r2, sp, #56	@ 0x38
10005622:	4798      	blx	r3
10005624:	2800      	cmp	r0, #0
10005626:	d000      	beq.n	1000562a <tud_task_ext+0x38e>
10005628:	e64d      	b.n	100052c6 <tud_task_ext+0x2a>
1000562a:	2260      	movs	r2, #96	@ 0x60
1000562c:	0015      	movs	r5, r2
1000562e:	7923      	ldrb	r3, [r4, #4]
10005630:	401d      	ands	r5, r3
10005632:	421a      	tst	r2, r3
10005634:	d1b4      	bne.n	100055a0 <tud_task_ext+0x304>
10005636:	7963      	ldrb	r3, [r4, #5]
10005638:	3b0a      	subs	r3, #10
1000563a:	2b01      	cmp	r3, #1
1000563c:	d8b0      	bhi.n	100055a0 <tud_task_ext+0x304>
1000563e:	f000 fb3f 	bl	10005cc0 <usbd_control_set_complete_callback>
10005642:	7963      	ldrb	r3, [r4, #5]
10005644:	2b0a      	cmp	r3, #10
10005646:	d100      	bne.n	1000564a <tud_task_ext+0x3ae>
10005648:	e18a      	b.n	10005960 <tud_task_ext+0x6c4>
1000564a:	4658      	mov	r0, fp
1000564c:	a90e      	add	r1, sp, #56	@ 0x38
1000564e:	f000 fac7 	bl	10005be0 <tud_control_status>
10005652:	e638      	b.n	100052c6 <tud_task_ext+0x2a>
10005654:	4283      	cmp	r3, r0
10005656:	d000      	beq.n	1000565a <tud_task_ext+0x3be>
10005658:	e0f0      	b.n	1000583c <tud_task_ext+0x5a0>
1000565a:	4bbd      	ldr	r3, [pc, #756]	@ (10005950 <tud_task_ext+0x6b4>)
1000565c:	4699      	mov	r9, r3
1000565e:	2a00      	cmp	r2, #0
10005660:	d100      	bne.n	10005664 <tud_task_ext+0x3c8>
10005662:	e0f0      	b.n	10005846 <tud_task_ext+0x5aa>
10005664:	464b      	mov	r3, r9
10005666:	6958      	ldr	r0, [r3, #20]
10005668:	f000 fb2a 	bl	10005cc0 <usbd_control_set_complete_callback>
1000566c:	464b      	mov	r3, r9
1000566e:	2101      	movs	r1, #1
10005670:	4658      	mov	r0, fp
10005672:	695b      	ldr	r3, [r3, #20]
10005674:	aa0e      	add	r2, sp, #56	@ 0x38
10005676:	4798      	blx	r3
10005678:	e7a3      	b.n	100055c2 <tud_task_ext+0x326>
1000567a:	4ab6      	ldr	r2, [pc, #728]	@ (10005954 <tud_task_ext+0x6b8>)
1000567c:	015b      	lsls	r3, r3, #5
1000567e:	6815      	ldr	r5, [r2, #0]
10005680:	18ed      	adds	r5, r5, r3
10005682:	2d00      	cmp	r5, #0
10005684:	d1c6      	bne.n	10005614 <tud_task_ext+0x378>
10005686:	e78b      	b.n	100055a0 <tud_task_ext+0x304>
10005688:	79a3      	ldrb	r3, [r4, #6]
1000568a:	4699      	mov	r9, r3
1000568c:	786b      	ldrb	r3, [r5, #1]
1000568e:	4599      	cmp	r9, r3
10005690:	d0db      	beq.n	1000564a <tud_task_ext+0x3ae>
10005692:	786b      	ldrb	r3, [r5, #1]
10005694:	2b00      	cmp	r3, #0
10005696:	d000      	beq.n	1000569a <tud_task_ext+0x3fe>
10005698:	e12c      	b.n	100058f4 <tud_task_ext+0x658>
1000569a:	464b      	mov	r3, r9
1000569c:	706b      	strb	r3, [r5, #1]
1000569e:	2b00      	cmp	r3, #0
100056a0:	d100      	bne.n	100056a4 <tud_task_ext+0x408>
100056a2:	e124      	b.n	100058ee <tud_task_ext+0x652>
100056a4:	4648      	mov	r0, r9
100056a6:	3801      	subs	r0, #1
100056a8:	b2c0      	uxtb	r0, r0
100056aa:	f7ff fa09 	bl	10004ac0 <tud_descriptor_configuration_cb>
100056ae:	2800      	cmp	r0, #0
100056b0:	d100      	bne.n	100056b4 <tud_task_ext+0x418>
100056b2:	e174      	b.n	1000599e <tud_task_ext+0x702>
100056b4:	7843      	ldrb	r3, [r0, #1]
100056b6:	9307      	str	r3, [sp, #28]
100056b8:	2b02      	cmp	r3, #2
100056ba:	d000      	beq.n	100056be <tud_task_ext+0x422>
100056bc:	e16f      	b.n	1000599e <tud_task_ext+0x702>
100056be:	2201      	movs	r2, #1
100056c0:	79c1      	ldrb	r1, [r0, #7]
100056c2:	46b1      	mov	r9, r6
100056c4:	118b      	asrs	r3, r1, #6
100056c6:	1149      	asrs	r1, r1, #5
100056c8:	4013      	ands	r3, r2
100056ca:	400a      	ands	r2, r1
100056cc:	2130      	movs	r1, #48	@ 0x30
100056ce:	0112      	lsls	r2, r2, #4
100056d0:	015b      	lsls	r3, r3, #5
100056d2:	4313      	orrs	r3, r2
100056d4:	782a      	ldrb	r2, [r5, #0]
100056d6:	46a8      	mov	r8, r5
100056d8:	438a      	bics	r2, r1
100056da:	4313      	orrs	r3, r2
100056dc:	702b      	strb	r3, [r5, #0]
100056de:	2309      	movs	r3, #9
100056e0:	469a      	mov	sl, r3
100056e2:	4482      	add	sl, r0
100056e4:	4656      	mov	r6, sl
100056e6:	46ba      	mov	sl, r7
100056e8:	78c3      	ldrb	r3, [r0, #3]
100056ea:	7882      	ldrb	r2, [r0, #2]
100056ec:	021b      	lsls	r3, r3, #8
100056ee:	4313      	orrs	r3, r2
100056f0:	18c3      	adds	r3, r0, r3
100056f2:	9305      	str	r3, [sp, #20]
100056f4:	4b95      	ldr	r3, [pc, #596]	@ (1000594c <tud_task_ext+0x6b0>)
100056f6:	9304      	str	r3, [sp, #16]
100056f8:	4b95      	ldr	r3, [pc, #596]	@ (10005950 <tud_task_ext+0x6b4>)
100056fa:	9308      	str	r3, [sp, #32]
100056fc:	4b95      	ldr	r3, [pc, #596]	@ (10005954 <tud_task_ext+0x6b8>)
100056fe:	9309      	str	r3, [sp, #36]	@ 0x24
10005700:	4b95      	ldr	r3, [pc, #596]	@ (10005958 <tud_task_ext+0x6bc>)
10005702:	930a      	str	r3, [sp, #40]	@ 0x28
10005704:	9b05      	ldr	r3, [sp, #20]
10005706:	42b3      	cmp	r3, r6
10005708:	d800      	bhi.n	1000570c <tud_task_ext+0x470>
1000570a:	e14b      	b.n	100059a4 <tud_task_ext+0x708>
1000570c:	7873      	ldrb	r3, [r6, #1]
1000570e:	2201      	movs	r2, #1
10005710:	2b0b      	cmp	r3, #11
10005712:	d103      	bne.n	1000571c <tud_task_ext+0x480>
10005714:	7833      	ldrb	r3, [r6, #0]
10005716:	78f2      	ldrb	r2, [r6, #3]
10005718:	18f6      	adds	r6, r6, r3
1000571a:	7873      	ldrb	r3, [r6, #1]
1000571c:	2b04      	cmp	r3, #4
1000571e:	d000      	beq.n	10005722 <tud_task_ext+0x486>
10005720:	e13a      	b.n	10005998 <tud_task_ext+0x6fc>
10005722:	9b05      	ldr	r3, [sp, #20]
10005724:	2700      	movs	r7, #0
10005726:	1b9b      	subs	r3, r3, r6
10005728:	b29b      	uxth	r3, r3
1000572a:	9306      	str	r3, [sp, #24]
1000572c:	9b04      	ldr	r3, [sp, #16]
1000572e:	920b      	str	r2, [sp, #44]	@ 0x2c
10005730:	781d      	ldrb	r5, [r3, #0]
10005732:	e019      	b.n	10005768 <tud_task_ext+0x4cc>
10005734:	9a09      	ldr	r2, [sp, #36]	@ 0x24
10005736:	017b      	lsls	r3, r7, #5
10005738:	6815      	ldr	r5, [r2, #0]
1000573a:	18ed      	adds	r5, r5, r3
1000573c:	2d00      	cmp	r5, #0
1000573e:	d100      	bne.n	10005742 <tud_task_ext+0x4a6>
10005740:	e12a      	b.n	10005998 <tud_task_ext+0x6fc>
10005742:	0031      	movs	r1, r6
10005744:	4658      	mov	r0, fp
10005746:	692b      	ldr	r3, [r5, #16]
10005748:	9a06      	ldr	r2, [sp, #24]
1000574a:	4798      	blx	r3
1000574c:	4684      	mov	ip, r0
1000574e:	2808      	cmp	r0, #8
10005750:	d903      	bls.n	1000575a <tud_task_ext+0x4be>
10005752:	9a06      	ldr	r2, [sp, #24]
10005754:	4282      	cmp	r2, r0
10005756:	d300      	bcc.n	1000575a <tud_task_ext+0x4be>
10005758:	e10b      	b.n	10005972 <tud_task_ext+0x6d6>
1000575a:	9b04      	ldr	r3, [sp, #16]
1000575c:	3701      	adds	r7, #1
1000575e:	781d      	ldrb	r5, [r3, #0]
10005760:	b2ff      	uxtb	r7, r7
10005762:	42bd      	cmp	r5, r7
10005764:	d200      	bcs.n	10005768 <tud_task_ext+0x4cc>
10005766:	e117      	b.n	10005998 <tud_task_ext+0x6fc>
10005768:	42bd      	cmp	r5, r7
1000576a:	d8e3      	bhi.n	10005734 <tud_task_ext+0x498>
1000576c:	9b08      	ldr	r3, [sp, #32]
1000576e:	1b7d      	subs	r5, r7, r5
10005770:	016d      	lsls	r5, r5, #5
10005772:	195d      	adds	r5, r3, r5
10005774:	e7e5      	b.n	10005742 <tud_task_ext+0x4a6>
10005776:	786b      	ldrb	r3, [r5, #1]
10005778:	aa0c      	add	r2, sp, #48	@ 0x30
1000577a:	3202      	adds	r2, #2
1000577c:	7013      	strb	r3, [r2, #0]
1000577e:	4658      	mov	r0, fp
10005780:	2301      	movs	r3, #1
10005782:	a90e      	add	r1, sp, #56	@ 0x38
10005784:	f000 fa42 	bl	10005c0c <tud_control_xfer>
10005788:	e59d      	b.n	100052c6 <tud_task_ext+0x2a>
1000578a:	88e0      	ldrh	r0, [r4, #6]
1000578c:	0a03      	lsrs	r3, r0, #8
1000578e:	b2c0      	uxtb	r0, r0
10005790:	2b0f      	cmp	r3, #15
10005792:	d900      	bls.n	10005796 <tud_task_ext+0x4fa>
10005794:	e704      	b.n	100055a0 <tud_task_ext+0x304>
10005796:	4971      	ldr	r1, [pc, #452]	@ (1000595c <tud_task_ext+0x6c0>)
10005798:	009a      	lsls	r2, r3, #2
1000579a:	588a      	ldr	r2, [r1, r2]
1000579c:	4697      	mov	pc, r2
1000579e:	a80e      	add	r0, sp, #56	@ 0x38
100057a0:	f000 fa94 	bl	10005ccc <usbd_control_set_request>
100057a4:	4658      	mov	r0, fp
100057a6:	79a1      	ldrb	r1, [r4, #6]
100057a8:	f7ff fbb4 	bl	10004f14 <dcd_set_address>
100057ac:	2202      	movs	r2, #2
100057ae:	782b      	ldrb	r3, [r5, #0]
100057b0:	4313      	orrs	r3, r2
100057b2:	702b      	strb	r3, [r5, #0]
100057b4:	e587      	b.n	100052c6 <tud_task_ext+0x2a>
100057b6:	88e3      	ldrh	r3, [r4, #6]
100057b8:	2b01      	cmp	r3, #1
100057ba:	d000      	beq.n	100057be <tud_task_ext+0x522>
100057bc:	e6f0      	b.n	100055a0 <tud_task_ext+0x304>
100057be:	2208      	movs	r2, #8
100057c0:	782b      	ldrb	r3, [r5, #0]
100057c2:	4658      	mov	r0, fp
100057c4:	4393      	bics	r3, r2
100057c6:	a90e      	add	r1, sp, #56	@ 0x38
100057c8:	702b      	strb	r3, [r5, #0]
100057ca:	f000 fa09 	bl	10005be0 <tud_control_status>
100057ce:	e57a      	b.n	100052c6 <tud_task_ext+0x2a>
100057d0:	2002      	movs	r0, #2
100057d2:	7829      	ldrb	r1, [r5, #0]
100057d4:	ab0c      	add	r3, sp, #48	@ 0x30
100057d6:	1c9a      	adds	r2, r3, #2
100057d8:	068b      	lsls	r3, r1, #26
100057da:	0889      	lsrs	r1, r1, #2
100057dc:	0fdb      	lsrs	r3, r3, #31
100057de:	4001      	ands	r1, r0
100057e0:	430b      	orrs	r3, r1
100057e2:	8013      	strh	r3, [r2, #0]
100057e4:	4658      	mov	r0, fp
100057e6:	2302      	movs	r3, #2
100057e8:	a90e      	add	r1, sp, #56	@ 0x38
100057ea:	f000 fa0f 	bl	10005c0c <tud_control_xfer>
100057ee:	e56a      	b.n	100052c6 <tud_task_ext+0x2a>
100057f0:	88e3      	ldrh	r3, [r4, #6]
100057f2:	2b01      	cmp	r3, #1
100057f4:	d000      	beq.n	100057f8 <tud_task_ext+0x55c>
100057f6:	e6d3      	b.n	100055a0 <tud_task_ext+0x304>
100057f8:	2208      	movs	r2, #8
100057fa:	782b      	ldrb	r3, [r5, #0]
100057fc:	4313      	orrs	r3, r2
100057fe:	702b      	strb	r3, [r5, #0]
10005800:	e723      	b.n	1000564a <tud_task_ext+0x3ae>
10005802:	7a23      	ldrb	r3, [r4, #8]
10005804:	8922      	ldrh	r2, [r4, #8]
10005806:	2b0f      	cmp	r3, #15
10005808:	d900      	bls.n	1000580c <tud_task_ext+0x570>
1000580a:	e6c9      	b.n	100055a0 <tud_task_ext+0x304>
1000580c:	23ff      	movs	r3, #255	@ 0xff
1000580e:	4013      	ands	r3, r2
10005810:	4a4e      	ldr	r2, [pc, #312]	@ (1000594c <tud_task_ext+0x6b0>)
10005812:	18eb      	adds	r3, r5, r3
10005814:	791b      	ldrb	r3, [r3, #4]
10005816:	7812      	ldrb	r2, [r2, #0]
10005818:	4293      	cmp	r3, r2
1000581a:	d228      	bcs.n	1000586e <tud_task_ext+0x5d2>
1000581c:	4a4d      	ldr	r2, [pc, #308]	@ (10005954 <tud_task_ext+0x6b8>)
1000581e:	015b      	lsls	r3, r3, #5
10005820:	6815      	ldr	r5, [r2, #0]
10005822:	18ed      	adds	r5, r5, r3
10005824:	2d00      	cmp	r5, #0
10005826:	d100      	bne.n	1000582a <tud_task_ext+0x58e>
10005828:	e6ba      	b.n	100055a0 <tud_task_ext+0x304>
1000582a:	6968      	ldr	r0, [r5, #20]
1000582c:	f000 fa48 	bl	10005cc0 <usbd_control_set_complete_callback>
10005830:	2101      	movs	r1, #1
10005832:	4658      	mov	r0, fp
10005834:	696b      	ldr	r3, [r5, #20]
10005836:	aa0e      	add	r2, sp, #56	@ 0x38
10005838:	4798      	blx	r3
1000583a:	e6c2      	b.n	100055c2 <tud_task_ext+0x326>
1000583c:	2a00      	cmp	r2, #0
1000583e:	d000      	beq.n	10005842 <tud_task_ext+0x5a6>
10005840:	e6ae      	b.n	100055a0 <tud_task_ext+0x304>
10005842:	2300      	movs	r3, #0
10005844:	4699      	mov	r9, r3
10005846:	7962      	ldrb	r2, [r4, #5]
10005848:	2002      	movs	r0, #2
1000584a:	0013      	movs	r3, r2
1000584c:	9204      	str	r2, [sp, #16]
1000584e:	4383      	bics	r3, r0
10005850:	2b01      	cmp	r3, #1
10005852:	d011      	beq.n	10005878 <tud_task_ext+0x5dc>
10005854:	2a00      	cmp	r2, #0
10005856:	d000      	beq.n	1000585a <tud_task_ext+0x5be>
10005858:	e6a2      	b.n	100055a0 <tud_task_ext+0x304>
1000585a:	002b      	movs	r3, r5
1000585c:	4443      	add	r3, r8
1000585e:	4453      	add	r3, sl
10005860:	3330      	adds	r3, #48	@ 0x30
10005862:	791b      	ldrb	r3, [r3, #4]
10005864:	aa0c      	add	r2, sp, #48	@ 0x30
10005866:	079b      	lsls	r3, r3, #30
10005868:	0fdb      	lsrs	r3, r3, #31
1000586a:	3202      	adds	r2, #2
1000586c:	e7b9      	b.n	100057e2 <tud_task_ext+0x546>
1000586e:	4293      	cmp	r3, r2
10005870:	d000      	beq.n	10005874 <tud_task_ext+0x5d8>
10005872:	e695      	b.n	100055a0 <tud_task_ext+0x304>
10005874:	4d36      	ldr	r5, [pc, #216]	@ (10005950 <tud_task_ext+0x6b4>)
10005876:	e7d8      	b.n	1000582a <tud_task_ext+0x58e>
10005878:	88e3      	ldrh	r3, [r4, #6]
1000587a:	2b00      	cmp	r3, #0
1000587c:	d112      	bne.n	100058a4 <tud_task_ext+0x608>
1000587e:	9b03      	ldr	r3, [sp, #12]
10005880:	7818      	ldrb	r0, [r3, #0]
10005882:	9b04      	ldr	r3, [sp, #16]
10005884:	2b01      	cmp	r3, #1
10005886:	d023      	beq.n	100058d0 <tud_task_ext+0x634>
10005888:	f7ff fbfe 	bl	10005088 <dcd_edpt_stall>
1000588c:	4643      	mov	r3, r8
1000588e:	2102      	movs	r1, #2
10005890:	18eb      	adds	r3, r5, r3
10005892:	4453      	add	r3, sl
10005894:	3330      	adds	r3, #48	@ 0x30
10005896:	791a      	ldrb	r2, [r3, #4]
10005898:	430a      	orrs	r2, r1
1000589a:	2101      	movs	r1, #1
1000589c:	711a      	strb	r2, [r3, #4]
1000589e:	791a      	ldrb	r2, [r3, #4]
100058a0:	430a      	orrs	r2, r1
100058a2:	711a      	strb	r2, [r3, #4]
100058a4:	464b      	mov	r3, r9
100058a6:	2b00      	cmp	r3, #0
100058a8:	d100      	bne.n	100058ac <tud_task_ext+0x610>
100058aa:	e50c      	b.n	100052c6 <tud_task_ext+0x2a>
100058ac:	6958      	ldr	r0, [r3, #20]
100058ae:	f000 fa07 	bl	10005cc0 <usbd_control_set_complete_callback>
100058b2:	464b      	mov	r3, r9
100058b4:	2101      	movs	r1, #1
100058b6:	695b      	ldr	r3, [r3, #20]
100058b8:	aa0e      	add	r2, sp, #56	@ 0x38
100058ba:	4658      	mov	r0, fp
100058bc:	4798      	blx	r3
100058be:	2000      	movs	r0, #0
100058c0:	f000 f9fe 	bl	10005cc0 <usbd_control_set_complete_callback>
100058c4:	2335      	movs	r3, #53	@ 0x35
100058c6:	5ceb      	ldrb	r3, [r5, r3]
100058c8:	07db      	lsls	r3, r3, #31
100058ca:	d500      	bpl.n	100058ce <tud_task_ext+0x632>
100058cc:	e4fb      	b.n	100052c6 <tud_task_ext+0x2a>
100058ce:	e6bc      	b.n	1000564a <tud_task_ext+0x3ae>
100058d0:	f7ff fbf8 	bl	100050c4 <dcd_edpt_clear_stall>
100058d4:	4643      	mov	r3, r8
100058d6:	2102      	movs	r1, #2
100058d8:	18eb      	adds	r3, r5, r3
100058da:	4453      	add	r3, sl
100058dc:	3330      	adds	r3, #48	@ 0x30
100058de:	791a      	ldrb	r2, [r3, #4]
100058e0:	438a      	bics	r2, r1
100058e2:	711a      	strb	r2, [r3, #4]
100058e4:	791a      	ldrb	r2, [r3, #4]
100058e6:	9904      	ldr	r1, [sp, #16]
100058e8:	438a      	bics	r2, r1
100058ea:	711a      	strb	r2, [r3, #4]
100058ec:	e7da      	b.n	100058a4 <tud_task_ext+0x608>
100058ee:	f7ff fc4b 	bl	10005188 <tud_umount_cb>
100058f2:	e6aa      	b.n	1000564a <tud_task_ext+0x3ae>
100058f4:	2100      	movs	r1, #0
100058f6:	4658      	mov	r0, fp
100058f8:	f7ff fb16 	bl	10004f28 <dcd_sof_enable>
100058fc:	4658      	mov	r0, fp
100058fe:	f7ff fbad 	bl	1000505c <dcd_edpt_close_all>
10005902:	2200      	movs	r2, #0
10005904:	4692      	mov	sl, r2
10005906:	4a12      	ldr	r2, [pc, #72]	@ (10005950 <tud_task_ext+0x6b4>)
10005908:	78ab      	ldrb	r3, [r5, #2]
1000590a:	9205      	str	r2, [sp, #20]
1000590c:	4a11      	ldr	r2, [pc, #68]	@ (10005954 <tud_task_ext+0x6b8>)
1000590e:	9304      	str	r3, [sp, #16]
10005910:	9206      	str	r2, [sp, #24]
10005912:	002a      	movs	r2, r5
10005914:	4b0d      	ldr	r3, [pc, #52]	@ (1000594c <tud_task_ext+0x6b0>)
10005916:	4655      	mov	r5, sl
10005918:	4698      	mov	r8, r3
1000591a:	4692      	mov	sl, r2
1000591c:	781b      	ldrb	r3, [r3, #0]
1000591e:	e00e      	b.n	1000593e <tud_task_ext+0x6a2>
10005920:	9b06      	ldr	r3, [sp, #24]
10005922:	016a      	lsls	r2, r5, #5
10005924:	681b      	ldr	r3, [r3, #0]
10005926:	189b      	adds	r3, r3, r2
10005928:	2b00      	cmp	r3, #0
1000592a:	d054      	beq.n	100059d6 <tud_task_ext+0x73a>
1000592c:	68db      	ldr	r3, [r3, #12]
1000592e:	4658      	mov	r0, fp
10005930:	4798      	blx	r3
10005932:	4643      	mov	r3, r8
10005934:	3501      	adds	r5, #1
10005936:	781b      	ldrb	r3, [r3, #0]
10005938:	b2ed      	uxtb	r5, r5
1000593a:	42ab      	cmp	r3, r5
1000593c:	d337      	bcc.n	100059ae <tud_task_ext+0x712>
1000593e:	42ab      	cmp	r3, r5
10005940:	d8ee      	bhi.n	10005920 <tud_task_ext+0x684>
10005942:	9a05      	ldr	r2, [sp, #20]
10005944:	1aeb      	subs	r3, r5, r3
10005946:	015b      	lsls	r3, r3, #5
10005948:	18d3      	adds	r3, r2, r3
1000594a:	e7ef      	b.n	1000592c <tud_task_ext+0x690>
1000594c:	20001c51 	.word	0x20001c51
10005950:	10007104 	.word	0x10007104
10005954:	20001480 	.word	0x20001480
10005958:	2000157c 	.word	0x2000157c
1000595c:	100070a8 	.word	0x100070a8
10005960:	ab0c      	add	r3, sp, #48	@ 0x30
10005962:	1c9a      	adds	r2, r3, #2
10005964:	4658      	mov	r0, fp
10005966:	2301      	movs	r3, #1
10005968:	a90e      	add	r1, sp, #56	@ 0x38
1000596a:	7015      	strb	r5, [r2, #0]
1000596c:	f000 f94e 	bl	10005c0c <tud_control_xfer>
10005970:	e4a9      	b.n	100052c6 <tud_task_ext+0x2a>
10005972:	9a0b      	ldr	r2, [sp, #44]	@ 0x2c
10005974:	2a01      	cmp	r2, #1
10005976:	d04c      	beq.n	10005a12 <tud_task_ext+0x776>
10005978:	2a00      	cmp	r2, #0
1000597a:	d03c      	beq.n	100059f6 <tud_task_ext+0x75a>
1000597c:	2300      	movs	r3, #0
1000597e:	78b0      	ldrb	r0, [r6, #2]
10005980:	e004      	b.n	1000598c <tud_task_ext+0x6f0>
10005982:	3301      	adds	r3, #1
10005984:	b2db      	uxtb	r3, r3
10005986:	710f      	strb	r7, [r1, #4]
10005988:	4293      	cmp	r3, r2
1000598a:	d234      	bcs.n	100059f6 <tud_task_ext+0x75a>
1000598c:	18c1      	adds	r1, r0, r3
1000598e:	b2c9      	uxtb	r1, r1
10005990:	4441      	add	r1, r8
10005992:	790d      	ldrb	r5, [r1, #4]
10005994:	2dff      	cmp	r5, #255	@ 0xff
10005996:	d0f4      	beq.n	10005982 <tud_task_ext+0x6e6>
10005998:	464e      	mov	r6, r9
1000599a:	4645      	mov	r5, r8
1000599c:	4657      	mov	r7, sl
1000599e:	2300      	movs	r3, #0
100059a0:	706b      	strb	r3, [r5, #1]
100059a2:	e5fd      	b.n	100055a0 <tud_task_ext+0x304>
100059a4:	464e      	mov	r6, r9
100059a6:	4657      	mov	r7, sl
100059a8:	f7ff fbec 	bl	10005184 <tud_mount_cb>
100059ac:	e64d      	b.n	1000564a <tud_task_ext+0x3ae>
100059ae:	4655      	mov	r5, sl
100059b0:	2254      	movs	r2, #84	@ 0x54
100059b2:	2100      	movs	r1, #0
100059b4:	0028      	movs	r0, r5
100059b6:	f7fd f8ab 	bl	10002b10 <__wrap_memset>
100059ba:	2210      	movs	r2, #16
100059bc:	21ff      	movs	r1, #255	@ 0xff
100059be:	1d28      	adds	r0, r5, #4
100059c0:	f7fd f8a6 	bl	10002b10 <__wrap_memset>
100059c4:	0028      	movs	r0, r5
100059c6:	2220      	movs	r2, #32
100059c8:	21ff      	movs	r1, #255	@ 0xff
100059ca:	3014      	adds	r0, #20
100059cc:	f7fd f8a0 	bl	10002b10 <__wrap_memset>
100059d0:	9b04      	ldr	r3, [sp, #16]
100059d2:	70ab      	strb	r3, [r5, #2]
100059d4:	e661      	b.n	1000569a <tud_task_ext+0x3fe>
100059d6:	4655      	mov	r5, sl
100059d8:	e7fa      	b.n	100059d0 <tud_task_ext+0x734>
100059da:	f7ff fa11 	bl	10004e00 <tud_descriptor_bos_cb>
100059de:	1e02      	subs	r2, r0, #0
100059e0:	d100      	bne.n	100059e4 <tud_task_ext+0x748>
100059e2:	e5dd      	b.n	100055a0 <tud_task_ext+0x304>
100059e4:	78d3      	ldrb	r3, [r2, #3]
100059e6:	7891      	ldrb	r1, [r2, #2]
100059e8:	021b      	lsls	r3, r3, #8
100059ea:	430b      	orrs	r3, r1
100059ec:	4658      	mov	r0, fp
100059ee:	a90e      	add	r1, sp, #56	@ 0x38
100059f0:	f000 f90c 	bl	10005c0c <tud_control_xfer>
100059f4:	e5e5      	b.n	100055c2 <tud_task_ext+0x326>
100059f6:	4665      	mov	r5, ip
100059f8:	003b      	movs	r3, r7
100059fa:	0031      	movs	r1, r6
100059fc:	002a      	movs	r2, r5
100059fe:	980a      	ldr	r0, [sp, #40]	@ 0x28
10005a00:	f000 fd46 	bl	10006490 <tu_edpt_bind_driver>
10005a04:	9b04      	ldr	r3, [sp, #16]
10005a06:	1976      	adds	r6, r6, r5
10005a08:	781b      	ldrb	r3, [r3, #0]
10005a0a:	42bb      	cmp	r3, r7
10005a0c:	d300      	bcc.n	10005a10 <tud_task_ext+0x774>
10005a0e:	e679      	b.n	10005704 <tud_task_ext+0x468>
10005a10:	e7c2      	b.n	10005998 <tud_task_ext+0x6fc>
10005a12:	4b17      	ldr	r3, [pc, #92]	@ (10005a70 <tud_task_ext+0x7d4>)
10005a14:	6929      	ldr	r1, [r5, #16]
10005a16:	4299      	cmp	r1, r3
10005a18:	d1b0      	bne.n	1000597c <tud_task_ext+0x6e0>
10005a1a:	9a07      	ldr	r2, [sp, #28]
10005a1c:	e7ae      	b.n	1000597c <tud_task_ext+0x6e0>
10005a1e:	f7ff fbad 	bl	1000517c <tud_descriptor_device_qualifier_cb>
10005a22:	1e02      	subs	r2, r0, #0
10005a24:	d100      	bne.n	10005a28 <tud_task_ext+0x78c>
10005a26:	e5bb      	b.n	100055a0 <tud_task_ext+0x304>
10005a28:	4658      	mov	r0, fp
10005a2a:	7813      	ldrb	r3, [r2, #0]
10005a2c:	a90e      	add	r1, sp, #56	@ 0x38
10005a2e:	f000 f8ed 	bl	10005c0c <tud_control_xfer>
10005a32:	e5c6      	b.n	100055c2 <tud_task_ext+0x326>
10005a34:	8921      	ldrh	r1, [r4, #8]
10005a36:	f7ff f847 	bl	10004ac8 <tud_descriptor_string_cb>
10005a3a:	1e02      	subs	r2, r0, #0
10005a3c:	d1f4      	bne.n	10005a28 <tud_task_ext+0x78c>
10005a3e:	e5af      	b.n	100055a0 <tud_task_ext+0x304>
10005a40:	2b02      	cmp	r3, #2
10005a42:	d00f      	beq.n	10005a64 <tud_task_ext+0x7c8>
10005a44:	f7ff fb9c 	bl	10005180 <tud_descriptor_other_speed_configuration_cb>
10005a48:	1e02      	subs	r2, r0, #0
10005a4a:	d1cb      	bne.n	100059e4 <tud_task_ext+0x748>
10005a4c:	e5a8      	b.n	100055a0 <tud_task_ext+0x304>
10005a4e:	f7ff f833 	bl	10004ab8 <tud_descriptor_device_cb>
10005a52:	1e02      	subs	r2, r0, #0
10005a54:	d100      	bne.n	10005a58 <tud_task_ext+0x7bc>
10005a56:	e5a3      	b.n	100055a0 <tud_task_ext+0x304>
10005a58:	2312      	movs	r3, #18
10005a5a:	4658      	mov	r0, fp
10005a5c:	a90e      	add	r1, sp, #56	@ 0x38
10005a5e:	f000 f8d5 	bl	10005c0c <tud_control_xfer>
10005a62:	e5ae      	b.n	100055c2 <tud_task_ext+0x326>
10005a64:	f7ff f82c 	bl	10004ac0 <tud_descriptor_configuration_cb>
10005a68:	1e02      	subs	r2, r0, #0
10005a6a:	d1bb      	bne.n	100059e4 <tud_task_ext+0x748>
10005a6c:	e598      	b.n	100055a0 <tud_task_ext+0x304>
10005a6e:	46c0      	nop			@ (mov r8, r8)
10005a70:	100060b9 	.word	0x100060b9

10005a74 <usbd_open_edpt_pair>:
10005a74:	b5f0      	push	{r4, r5, r6, r7, lr}
10005a76:	464f      	mov	r7, r9
10005a78:	4646      	mov	r6, r8
10005a7a:	46d6      	mov	lr, sl
10005a7c:	b5c0      	push	{r6, r7, lr}
10005a7e:	000c      	movs	r4, r1
10005a80:	0016      	movs	r6, r2
10005a82:	001f      	movs	r7, r3
10005a84:	b082      	sub	sp, #8
10005a86:	2a00      	cmp	r2, #0
10005a88:	d03a      	beq.n	10005b00 <usbd_open_edpt_pair+0x8c>
10005a8a:	2370      	movs	r3, #112	@ 0x70
10005a8c:	4698      	mov	r8, r3
10005a8e:	4b1d      	ldr	r3, [pc, #116]	@ (10005b04 <usbd_open_edpt_pair+0x90>)
10005a90:	2500      	movs	r5, #0
10005a92:	4699      	mov	r9, r3
10005a94:	4b1c      	ldr	r3, [pc, #112]	@ (10005b08 <usbd_open_edpt_pair+0x94>)
10005a96:	469a      	mov	sl, r3
10005a98:	e01a      	b.n	10005ad0 <usbd_open_edpt_pair+0x5c>
10005a9a:	464b      	mov	r3, r9
10005a9c:	781b      	ldrb	r3, [r3, #0]
10005a9e:	0020      	movs	r0, r4
10005aa0:	9301      	str	r3, [sp, #4]
10005aa2:	4653      	mov	r3, sl
10005aa4:	7899      	ldrb	r1, [r3, #2]
10005aa6:	f000 fcb9 	bl	1000641c <tu_edpt_validate>
10005aaa:	2800      	cmp	r0, #0
10005aac:	d01c      	beq.n	10005ae8 <usbd_open_edpt_pair+0x74>
10005aae:	0021      	movs	r1, r4
10005ab0:	9801      	ldr	r0, [sp, #4]
10005ab2:	f7ff fa55 	bl	10004f60 <dcd_edpt_open>
10005ab6:	2800      	cmp	r0, #0
10005ab8:	d016      	beq.n	10005ae8 <usbd_open_edpt_pair+0x74>
10005aba:	78a3      	ldrb	r3, [r4, #2]
10005abc:	09da      	lsrs	r2, r3, #7
10005abe:	2a01      	cmp	r2, #1
10005ac0:	d019      	beq.n	10005af6 <usbd_open_edpt_pair+0x82>
10005ac2:	9a0a      	ldr	r2, [sp, #40]	@ 0x28
10005ac4:	3501      	adds	r5, #1
10005ac6:	7013      	strb	r3, [r2, #0]
10005ac8:	42b5      	cmp	r5, r6
10005aca:	da19      	bge.n	10005b00 <usbd_open_edpt_pair+0x8c>
10005acc:	7823      	ldrb	r3, [r4, #0]
10005ace:	18e4      	adds	r4, r4, r3
10005ad0:	7863      	ldrb	r3, [r4, #1]
10005ad2:	2b05      	cmp	r3, #5
10005ad4:	d108      	bne.n	10005ae8 <usbd_open_edpt_pair+0x74>
10005ad6:	78e3      	ldrb	r3, [r4, #3]
10005ad8:	079b      	lsls	r3, r3, #30
10005ada:	0f9b      	lsrs	r3, r3, #30
10005adc:	42bb      	cmp	r3, r7
10005ade:	d103      	bne.n	10005ae8 <usbd_open_edpt_pair+0x74>
10005ae0:	4642      	mov	r2, r8
10005ae2:	78a3      	ldrb	r3, [r4, #2]
10005ae4:	421a      	tst	r2, r3
10005ae6:	d0d8      	beq.n	10005a9a <usbd_open_edpt_pair+0x26>
10005ae8:	2000      	movs	r0, #0
10005aea:	b002      	add	sp, #8
10005aec:	bce0      	pop	{r5, r6, r7}
10005aee:	46ba      	mov	sl, r7
10005af0:	46b1      	mov	r9, r6
10005af2:	46a8      	mov	r8, r5
10005af4:	bdf0      	pop	{r4, r5, r6, r7, pc}
10005af6:	9a0b      	ldr	r2, [sp, #44]	@ 0x2c
10005af8:	3501      	adds	r5, #1
10005afa:	7013      	strb	r3, [r2, #0]
10005afc:	42b5      	cmp	r5, r6
10005afe:	dbe5      	blt.n	10005acc <usbd_open_edpt_pair+0x58>
10005b00:	2001      	movs	r0, #1
10005b02:	e7f2      	b.n	10005aea <usbd_open_edpt_pair+0x76>
10005b04:	20001024 	.word	0x20001024
10005b08:	20001568 	.word	0x20001568

10005b0c <usbd_edpt_open>:
10005b0c:	2270      	movs	r2, #112	@ 0x70
10005b0e:	b570      	push	{r4, r5, r6, lr}
10005b10:	788b      	ldrb	r3, [r1, #2]
10005b12:	000c      	movs	r4, r1
10005b14:	421a      	tst	r2, r3
10005b16:	d001      	beq.n	10005b1c <usbd_edpt_open+0x10>
10005b18:	2000      	movs	r0, #0
10005b1a:	bd70      	pop	{r4, r5, r6, pc}
10005b1c:	4b06      	ldr	r3, [pc, #24]	@ (10005b38 <usbd_edpt_open+0x2c>)
10005b1e:	0020      	movs	r0, r4
10005b20:	781d      	ldrb	r5, [r3, #0]
10005b22:	4b06      	ldr	r3, [pc, #24]	@ (10005b3c <usbd_edpt_open+0x30>)
10005b24:	7899      	ldrb	r1, [r3, #2]
10005b26:	f000 fc79 	bl	1000641c <tu_edpt_validate>
10005b2a:	2800      	cmp	r0, #0
10005b2c:	d0f4      	beq.n	10005b18 <usbd_edpt_open+0xc>
10005b2e:	0021      	movs	r1, r4
10005b30:	0028      	movs	r0, r5
10005b32:	f7ff fa15 	bl	10004f60 <dcd_edpt_open>
10005b36:	e7f0      	b.n	10005b1a <usbd_edpt_open+0xe>
10005b38:	20001024 	.word	0x20001024
10005b3c:	20001568 	.word	0x20001568

10005b40 <usbd_edpt_claim>:
10005b40:	207f      	movs	r0, #127	@ 0x7f
10005b42:	4b07      	ldr	r3, [pc, #28]	@ (10005b60 <usbd_edpt_claim+0x20>)
10005b44:	b510      	push	{r4, lr}
10005b46:	681a      	ldr	r2, [r3, #0]
10005b48:	4008      	ands	r0, r1
10005b4a:	09cb      	lsrs	r3, r1, #7
10005b4c:	3334      	adds	r3, #52	@ 0x34
10005b4e:	0040      	lsls	r0, r0, #1
10005b50:	18c0      	adds	r0, r0, r3
10005b52:	4b04      	ldr	r3, [pc, #16]	@ (10005b64 <usbd_edpt_claim+0x24>)
10005b54:	0011      	movs	r1, r2
10005b56:	18c0      	adds	r0, r0, r3
10005b58:	f000 fc1c 	bl	10006394 <tu_edpt_claim>
10005b5c:	bd10      	pop	{r4, pc}
10005b5e:	46c0      	nop			@ (mov r8, r8)
10005b60:	200015bc 	.word	0x200015bc
10005b64:	20001568 	.word	0x20001568

10005b68 <usbd_edpt_release>:
10005b68:	207f      	movs	r0, #127	@ 0x7f
10005b6a:	4b07      	ldr	r3, [pc, #28]	@ (10005b88 <usbd_edpt_release+0x20>)
10005b6c:	b510      	push	{r4, lr}
10005b6e:	681a      	ldr	r2, [r3, #0]
10005b70:	4008      	ands	r0, r1
10005b72:	09cb      	lsrs	r3, r1, #7
10005b74:	3334      	adds	r3, #52	@ 0x34
10005b76:	0040      	lsls	r0, r0, #1
10005b78:	18c0      	adds	r0, r0, r3
10005b7a:	4b04      	ldr	r3, [pc, #16]	@ (10005b8c <usbd_edpt_release+0x24>)
10005b7c:	0011      	movs	r1, r2
10005b7e:	18c0      	adds	r0, r0, r3
10005b80:	f000 fc30 	bl	100063e4 <tu_edpt_release>
10005b84:	bd10      	pop	{r4, pc}
10005b86:	46c0      	nop			@ (mov r8, r8)
10005b88:	200015bc 	.word	0x200015bc
10005b8c:	20001568 	.word	0x20001568

10005b90 <usbd_edpt_xfer>:
10005b90:	b570      	push	{r4, r5, r6, lr}
10005b92:	247f      	movs	r4, #127	@ 0x7f
10005b94:	09c8      	lsrs	r0, r1, #7
10005b96:	4684      	mov	ip, r0
10005b98:	400c      	ands	r4, r1
10005b9a:	480f      	ldr	r0, [pc, #60]	@ (10005bd8 <usbd_edpt_xfer+0x48>)
10005b9c:	0064      	lsls	r4, r4, #1
10005b9e:	1904      	adds	r4, r0, r4
10005ba0:	4464      	add	r4, ip
10005ba2:	3430      	adds	r4, #48	@ 0x30
10005ba4:	7920      	ldrb	r0, [r4, #4]
10005ba6:	07c0      	lsls	r0, r0, #31
10005ba8:	d501      	bpl.n	10005bae <usbd_edpt_xfer+0x1e>
10005baa:	2000      	movs	r0, #0
10005bac:	bd70      	pop	{r4, r5, r6, pc}
10005bae:	480b      	ldr	r0, [pc, #44]	@ (10005bdc <usbd_edpt_xfer+0x4c>)
10005bb0:	2501      	movs	r5, #1
10005bb2:	7800      	ldrb	r0, [r0, #0]
10005bb4:	4684      	mov	ip, r0
10005bb6:	7920      	ldrb	r0, [r4, #4]
10005bb8:	4328      	orrs	r0, r5
10005bba:	7120      	strb	r0, [r4, #4]
10005bbc:	4660      	mov	r0, ip
10005bbe:	f7ff fa51 	bl	10005064 <dcd_edpt_xfer>
10005bc2:	2800      	cmp	r0, #0
10005bc4:	d1f2      	bne.n	10005bac <usbd_edpt_xfer+0x1c>
10005bc6:	2201      	movs	r2, #1
10005bc8:	7923      	ldrb	r3, [r4, #4]
10005bca:	4393      	bics	r3, r2
10005bcc:	7123      	strb	r3, [r4, #4]
10005bce:	7923      	ldrb	r3, [r4, #4]
10005bd0:	3203      	adds	r2, #3
10005bd2:	4393      	bics	r3, r2
10005bd4:	7123      	strb	r3, [r4, #4]
10005bd6:	e7e8      	b.n	10005baa <usbd_edpt_xfer+0x1a>
10005bd8:	20001568 	.word	0x20001568
10005bdc:	20001024 	.word	0x20001024

10005be0 <tud_control_status>:
10005be0:	b570      	push	{r4, r5, r6, lr}
10005be2:	4c09      	ldr	r4, [pc, #36]	@ (10005c08 <tud_control_status+0x28>)
10005be4:	0006      	movs	r6, r0
10005be6:	2208      	movs	r2, #8
10005be8:	0020      	movs	r0, r4
10005bea:	000d      	movs	r5, r1
10005bec:	f7fc ff96 	bl	10002b1c <__wrap___aeabi_memcpy>
10005bf0:	2300      	movs	r3, #0
10005bf2:	2180      	movs	r1, #128	@ 0x80
10005bf4:	60e3      	str	r3, [r4, #12]
10005bf6:	60a3      	str	r3, [r4, #8]
10005bf8:	782b      	ldrb	r3, [r5, #0]
10005bfa:	0030      	movs	r0, r6
10005bfc:	4399      	bics	r1, r3
10005bfe:	2200      	movs	r2, #0
10005c00:	2300      	movs	r3, #0
10005c02:	f7ff ffc5 	bl	10005b90 <usbd_edpt_xfer>
10005c06:	bd70      	pop	{r4, r5, r6, pc}
10005c08:	20001548 	.word	0x20001548

10005c0c <tud_control_xfer>:
10005c0c:	b5f0      	push	{r4, r5, r6, r7, lr}
10005c0e:	46c6      	mov	lr, r8
10005c10:	4c24      	ldr	r4, [pc, #144]	@ (10005ca4 <tud_control_xfer+0x98>)
10005c12:	0017      	movs	r7, r2
10005c14:	4680      	mov	r8, r0
10005c16:	2208      	movs	r2, #8
10005c18:	0020      	movs	r0, r4
10005c1a:	b500      	push	{lr}
10005c1c:	000d      	movs	r5, r1
10005c1e:	001e      	movs	r6, r3
10005c20:	f7fc ff7c 	bl	10002b1c <__wrap___aeabi_memcpy>
10005c24:	2300      	movs	r3, #0
10005c26:	60a7      	str	r7, [r4, #8]
10005c28:	81e3      	strh	r3, [r4, #14]
10005c2a:	79eb      	ldrb	r3, [r5, #7]
10005c2c:	79aa      	ldrb	r2, [r5, #6]
10005c2e:	021b      	lsls	r3, r3, #8
10005c30:	4313      	orrs	r3, r2
10005c32:	1c1a      	adds	r2, r3, #0
10005c34:	42b3      	cmp	r3, r6
10005c36:	d900      	bls.n	10005c3a <tud_control_xfer+0x2e>
10005c38:	1c32      	adds	r2, r6, #0
10005c3a:	b296      	uxth	r6, r2
10005c3c:	81a2      	strh	r2, [r4, #12]
10005c3e:	2b00      	cmp	r3, #0
10005c40:	d00c      	beq.n	10005c5c <tud_control_xfer+0x50>
10005c42:	2e00      	cmp	r6, #0
10005c44:	d015      	beq.n	10005c72 <tud_control_xfer+0x66>
10005c46:	2f00      	cmp	r7, #0
10005c48:	d02a      	beq.n	10005ca0 <tud_control_xfer+0x94>
10005c4a:	2e40      	cmp	r6, #64	@ 0x40
10005c4c:	d81a      	bhi.n	10005c84 <tud_control_xfer+0x78>
10005c4e:	7823      	ldrb	r3, [r4, #0]
10005c50:	b296      	uxth	r6, r2
10005c52:	2b7f      	cmp	r3, #127	@ 0x7f
10005c54:	d81b      	bhi.n	10005c8e <tud_control_xfer+0x82>
10005c56:	2100      	movs	r1, #0
10005c58:	4a13      	ldr	r2, [pc, #76]	@ (10005ca8 <tud_control_xfer+0x9c>)
10005c5a:	e00e      	b.n	10005c7a <tud_control_xfer+0x6e>
10005c5c:	2180      	movs	r1, #128	@ 0x80
10005c5e:	782b      	ldrb	r3, [r5, #0]
10005c60:	2200      	movs	r2, #0
10005c62:	4399      	bics	r1, r3
10005c64:	4640      	mov	r0, r8
10005c66:	2300      	movs	r3, #0
10005c68:	f7ff ff92 	bl	10005b90 <usbd_edpt_xfer>
10005c6c:	bc80      	pop	{r7}
10005c6e:	46b8      	mov	r8, r7
10005c70:	bdf0      	pop	{r4, r5, r6, r7, pc}
10005c72:	237f      	movs	r3, #127	@ 0x7f
10005c74:	2200      	movs	r2, #0
10005c76:	7821      	ldrb	r1, [r4, #0]
10005c78:	4399      	bics	r1, r3
10005c7a:	0033      	movs	r3, r6
10005c7c:	4640      	mov	r0, r8
10005c7e:	f7ff ff87 	bl	10005b90 <usbd_edpt_xfer>
10005c82:	e7f3      	b.n	10005c6c <tud_control_xfer+0x60>
10005c84:	2240      	movs	r2, #64	@ 0x40
10005c86:	7823      	ldrb	r3, [r4, #0]
10005c88:	b296      	uxth	r6, r2
10005c8a:	2b7f      	cmp	r3, #127	@ 0x7f
10005c8c:	d9e3      	bls.n	10005c56 <tud_control_xfer+0x4a>
10005c8e:	4c06      	ldr	r4, [pc, #24]	@ (10005ca8 <tud_control_xfer+0x9c>)
10005c90:	0032      	movs	r2, r6
10005c92:	0039      	movs	r1, r7
10005c94:	0020      	movs	r0, r4
10005c96:	f7fc ff41 	bl	10002b1c <__wrap___aeabi_memcpy>
10005c9a:	2180      	movs	r1, #128	@ 0x80
10005c9c:	0022      	movs	r2, r4
10005c9e:	e7ec      	b.n	10005c7a <tud_control_xfer+0x6e>
10005ca0:	2000      	movs	r0, #0
10005ca2:	e7e3      	b.n	10005c6c <tud_control_xfer+0x60>
10005ca4:	20001548 	.word	0x20001548
10005ca8:	20001508 	.word	0x20001508

10005cac <usbd_control_reset>:
10005cac:	b510      	push	{r4, lr}
10005cae:	2214      	movs	r2, #20
10005cb0:	2100      	movs	r1, #0
10005cb2:	4802      	ldr	r0, [pc, #8]	@ (10005cbc <usbd_control_reset+0x10>)
10005cb4:	f7fc ff2c 	bl	10002b10 <__wrap_memset>
10005cb8:	bd10      	pop	{r4, pc}
10005cba:	46c0      	nop			@ (mov r8, r8)
10005cbc:	20001548 	.word	0x20001548

10005cc0 <usbd_control_set_complete_callback>:
10005cc0:	4b01      	ldr	r3, [pc, #4]	@ (10005cc8 <usbd_control_set_complete_callback+0x8>)
10005cc2:	6118      	str	r0, [r3, #16]
10005cc4:	4770      	bx	lr
10005cc6:	46c0      	nop			@ (mov r8, r8)
10005cc8:	20001548 	.word	0x20001548

10005ccc <usbd_control_set_request>:
10005ccc:	b510      	push	{r4, lr}
10005cce:	4c05      	ldr	r4, [pc, #20]	@ (10005ce4 <usbd_control_set_request+0x18>)
10005cd0:	0001      	movs	r1, r0
10005cd2:	2208      	movs	r2, #8
10005cd4:	0020      	movs	r0, r4
10005cd6:	f7fc ff21 	bl	10002b1c <__wrap___aeabi_memcpy>
10005cda:	2300      	movs	r3, #0
10005cdc:	60a3      	str	r3, [r4, #8]
10005cde:	60e3      	str	r3, [r4, #12]
10005ce0:	bd10      	pop	{r4, pc}
10005ce2:	46c0      	nop			@ (mov r8, r8)
10005ce4:	20001548 	.word	0x20001548

10005ce8 <usbd_control_xfer_cb>:
10005ce8:	b570      	push	{r4, r5, r6, lr}
10005cea:	4c37      	ldr	r4, [pc, #220]	@ (10005dc8 <usbd_control_xfer_cb+0xe0>)
10005cec:	001d      	movs	r5, r3
10005cee:	7823      	ldrb	r3, [r4, #0]
10005cf0:	0006      	movs	r6, r0
10005cf2:	09da      	lsrs	r2, r3, #7
10005cf4:	09c9      	lsrs	r1, r1, #7
10005cf6:	428a      	cmp	r2, r1
10005cf8:	d010      	beq.n	10005d1c <usbd_control_xfer_cb+0x34>
10005cfa:	2000      	movs	r0, #0
10005cfc:	2d00      	cmp	r5, #0
10005cfe:	d000      	beq.n	10005d02 <usbd_control_xfer_cb+0x1a>
10005d00:	bd70      	pop	{r4, r5, r6, pc}
10005d02:	0021      	movs	r1, r4
10005d04:	0030      	movs	r0, r6
10005d06:	f7ff f91d 	bl	10004f44 <dcd_edpt0_status_complete>
10005d0a:	6923      	ldr	r3, [r4, #16]
10005d0c:	2b00      	cmp	r3, #0
10005d0e:	d003      	beq.n	10005d18 <usbd_control_xfer_cb+0x30>
10005d10:	0022      	movs	r2, r4
10005d12:	2103      	movs	r1, #3
10005d14:	0030      	movs	r0, r6
10005d16:	4798      	blx	r3
10005d18:	2001      	movs	r0, #1
10005d1a:	e7f1      	b.n	10005d00 <usbd_control_xfer_cb+0x18>
10005d1c:	2b7f      	cmp	r3, #127	@ 0x7f
10005d1e:	d806      	bhi.n	10005d2e <usbd_control_xfer_cb+0x46>
10005d20:	68a0      	ldr	r0, [r4, #8]
10005d22:	2800      	cmp	r0, #0
10005d24:	d0ec      	beq.n	10005d00 <usbd_control_xfer_cb+0x18>
10005d26:	002a      	movs	r2, r5
10005d28:	4928      	ldr	r1, [pc, #160]	@ (10005dcc <usbd_control_xfer_cb+0xe4>)
10005d2a:	f7fc fef7 	bl	10002b1c <__wrap___aeabi_memcpy>
10005d2e:	89e2      	ldrh	r2, [r4, #14]
10005d30:	68a1      	ldr	r1, [r4, #8]
10005d32:	1952      	adds	r2, r2, r5
10005d34:	88e3      	ldrh	r3, [r4, #6]
10005d36:	b292      	uxth	r2, r2
10005d38:	1949      	adds	r1, r1, r5
10005d3a:	81e2      	strh	r2, [r4, #14]
10005d3c:	60a1      	str	r1, [r4, #8]
10005d3e:	4293      	cmp	r3, r2
10005d40:	d014      	beq.n	10005d6c <usbd_control_xfer_cb+0x84>
10005d42:	2d3f      	cmp	r5, #63	@ 0x3f
10005d44:	d912      	bls.n	10005d6c <usbd_control_xfer_cb+0x84>
10005d46:	89a3      	ldrh	r3, [r4, #12]
10005d48:	1a98      	subs	r0, r3, r2
10005d4a:	1c05      	adds	r5, r0, #0
10005d4c:	b280      	uxth	r0, r0
10005d4e:	2840      	cmp	r0, #64	@ 0x40
10005d50:	d828      	bhi.n	10005da4 <usbd_control_xfer_cb+0xbc>
10005d52:	7820      	ldrb	r0, [r4, #0]
10005d54:	b2ad      	uxth	r5, r5
10005d56:	287f      	cmp	r0, #127	@ 0x7f
10005d58:	d826      	bhi.n	10005da8 <usbd_control_xfer_cb+0xc0>
10005d5a:	2100      	movs	r1, #0
10005d5c:	429a      	cmp	r2, r3
10005d5e:	d030      	beq.n	10005dc2 <usbd_control_xfer_cb+0xda>
10005d60:	4a1a      	ldr	r2, [pc, #104]	@ (10005dcc <usbd_control_xfer_cb+0xe4>)
10005d62:	002b      	movs	r3, r5
10005d64:	0030      	movs	r0, r6
10005d66:	f7ff ff13 	bl	10005b90 <usbd_edpt_xfer>
10005d6a:	e7c9      	b.n	10005d00 <usbd_control_xfer_cb+0x18>
10005d6c:	6923      	ldr	r3, [r4, #16]
10005d6e:	2b00      	cmp	r3, #0
10005d70:	d005      	beq.n	10005d7e <usbd_control_xfer_cb+0x96>
10005d72:	0022      	movs	r2, r4
10005d74:	2102      	movs	r1, #2
10005d76:	0030      	movs	r0, r6
10005d78:	4798      	blx	r3
10005d7a:	2800      	cmp	r0, #0
10005d7c:	d008      	beq.n	10005d90 <usbd_control_xfer_cb+0xa8>
10005d7e:	2180      	movs	r1, #128	@ 0x80
10005d80:	7823      	ldrb	r3, [r4, #0]
10005d82:	2200      	movs	r2, #0
10005d84:	4399      	bics	r1, r3
10005d86:	0030      	movs	r0, r6
10005d88:	2300      	movs	r3, #0
10005d8a:	f7ff ff01 	bl	10005b90 <usbd_edpt_xfer>
10005d8e:	e7b7      	b.n	10005d00 <usbd_control_xfer_cb+0x18>
10005d90:	2100      	movs	r1, #0
10005d92:	0030      	movs	r0, r6
10005d94:	f7ff f978 	bl	10005088 <dcd_edpt_stall>
10005d98:	0030      	movs	r0, r6
10005d9a:	2180      	movs	r1, #128	@ 0x80
10005d9c:	f7ff f974 	bl	10005088 <dcd_edpt_stall>
10005da0:	2001      	movs	r0, #1
10005da2:	e7ad      	b.n	10005d00 <usbd_control_xfer_cb+0x18>
10005da4:	2540      	movs	r5, #64	@ 0x40
10005da6:	e7d4      	b.n	10005d52 <usbd_control_xfer_cb+0x6a>
10005da8:	429a      	cmp	r2, r3
10005daa:	d007      	beq.n	10005dbc <usbd_control_xfer_cb+0xd4>
10005dac:	4c07      	ldr	r4, [pc, #28]	@ (10005dcc <usbd_control_xfer_cb+0xe4>)
10005dae:	002a      	movs	r2, r5
10005db0:	0020      	movs	r0, r4
10005db2:	f7fc feb3 	bl	10002b1c <__wrap___aeabi_memcpy>
10005db6:	2180      	movs	r1, #128	@ 0x80
10005db8:	0022      	movs	r2, r4
10005dba:	e7d2      	b.n	10005d62 <usbd_control_xfer_cb+0x7a>
10005dbc:	2180      	movs	r1, #128	@ 0x80
10005dbe:	2200      	movs	r2, #0
10005dc0:	e7cf      	b.n	10005d62 <usbd_control_xfer_cb+0x7a>
10005dc2:	2200      	movs	r2, #0
10005dc4:	e7cd      	b.n	10005d62 <usbd_control_xfer_cb+0x7a>
10005dc6:	46c0      	nop			@ (mov r8, r8)
10005dc8:	20001548 	.word	0x20001548
10005dcc:	20001508 	.word	0x20001508

10005dd0 <_prep_out_transaction.isra.0>:
10005dd0:	b570      	push	{r4, r5, r6, lr}
10005dd2:	0004      	movs	r4, r0
10005dd4:	f7ff f9de 	bl	10005194 <tud_mounted>
10005dd8:	2800      	cmp	r0, #0
10005dda:	d100      	bne.n	10005dde <_prep_out_transaction.isra.0+0xe>
10005ddc:	bd70      	pop	{r4, r5, r6, pc}
10005dde:	f7ff f9e1 	bl	100051a4 <tud_suspended>
10005de2:	2800      	cmp	r0, #0
10005de4:	d1fa      	bne.n	10005ddc <_prep_out_transaction.isra.0+0xc>
10005de6:	23c8      	movs	r3, #200	@ 0xc8
10005de8:	4363      	muls	r3, r4
10005dea:	4a12      	ldr	r2, [pc, #72]	@ (10005e34 <_prep_out_transaction.isra.0+0x64>)
10005dec:	0025      	movs	r5, r4
10005dee:	18d4      	adds	r4, r2, r3
10005df0:	78e1      	ldrb	r1, [r4, #3]
10005df2:	2900      	cmp	r1, #0
10005df4:	d0f2      	beq.n	10005ddc <_prep_out_transaction.isra.0+0xc>
10005df6:	3310      	adds	r3, #16
10005df8:	189e      	adds	r6, r3, r2
10005dfa:	0030      	movs	r0, r6
10005dfc:	f000 fbb6 	bl	1000656c <tu_fifo_remaining>
10005e00:	283f      	cmp	r0, #63	@ 0x3f
10005e02:	d9eb      	bls.n	10005ddc <_prep_out_transaction.isra.0+0xc>
10005e04:	2000      	movs	r0, #0
10005e06:	78e1      	ldrb	r1, [r4, #3]
10005e08:	f7ff fe9a 	bl	10005b40 <usbd_edpt_claim>
10005e0c:	2800      	cmp	r0, #0
10005e0e:	d0e5      	beq.n	10005ddc <_prep_out_transaction.isra.0+0xc>
10005e10:	0030      	movs	r0, r6
10005e12:	f000 fbab 	bl	1000656c <tu_fifo_remaining>
10005e16:	78e1      	ldrb	r1, [r4, #3]
10005e18:	283f      	cmp	r0, #63	@ 0x3f
10005e1a:	d907      	bls.n	10005e2c <_prep_out_transaction.isra.0+0x5c>
10005e1c:	4b06      	ldr	r3, [pc, #24]	@ (10005e38 <_prep_out_transaction.isra.0+0x68>)
10005e1e:	01ea      	lsls	r2, r5, #7
10005e20:	18d2      	adds	r2, r2, r3
10005e22:	2000      	movs	r0, #0
10005e24:	2340      	movs	r3, #64	@ 0x40
10005e26:	f7ff feb3 	bl	10005b90 <usbd_edpt_xfer>
10005e2a:	e7d7      	b.n	10005ddc <_prep_out_transaction.isra.0+0xc>
10005e2c:	2000      	movs	r0, #0
10005e2e:	f7ff fe9b 	bl	10005b68 <usbd_edpt_release>
10005e32:	e7d3      	b.n	10005ddc <_prep_out_transaction.isra.0+0xc>
10005e34:	20001030 	.word	0x20001030
10005e38:	20001484 	.word	0x20001484

10005e3c <tud_cdc_n_connected>:
10005e3c:	b510      	push	{r4, lr}
10005e3e:	0004      	movs	r4, r0
10005e40:	f7ff f9a8 	bl	10005194 <tud_mounted>
10005e44:	2800      	cmp	r0, #0
10005e46:	d101      	bne.n	10005e4c <tud_cdc_n_connected+0x10>
10005e48:	2000      	movs	r0, #0
10005e4a:	bd10      	pop	{r4, pc}
10005e4c:	f7ff f9aa 	bl	100051a4 <tud_suspended>
10005e50:	2800      	cmp	r0, #0
10005e52:	d1f9      	bne.n	10005e48 <tud_cdc_n_connected+0xc>
10005e54:	22c8      	movs	r2, #200	@ 0xc8
10005e56:	4362      	muls	r2, r4
10005e58:	4b02      	ldr	r3, [pc, #8]	@ (10005e64 <tud_cdc_n_connected+0x28>)
10005e5a:	3001      	adds	r0, #1
10005e5c:	189b      	adds	r3, r3, r2
10005e5e:	791b      	ldrb	r3, [r3, #4]
10005e60:	4018      	ands	r0, r3
10005e62:	e7f2      	b.n	10005e4a <tud_cdc_n_connected+0xe>
10005e64:	20001030 	.word	0x20001030

10005e68 <tud_cdc_n_available>:
10005e68:	23c8      	movs	r3, #200	@ 0xc8
10005e6a:	b510      	push	{r4, lr}
10005e6c:	4343      	muls	r3, r0
10005e6e:	4802      	ldr	r0, [pc, #8]	@ (10005e78 <tud_cdc_n_available+0x10>)
10005e70:	1818      	adds	r0, r3, r0
10005e72:	f000 fb5d 	bl	10006530 <tu_fifo_count>
10005e76:	bd10      	pop	{r4, pc}
10005e78:	20001040 	.word	0x20001040

10005e7c <tud_cdc_n_read>:
10005e7c:	b5f8      	push	{r3, r4, r5, r6, r7, lr}
10005e7e:	23c8      	movs	r3, #200	@ 0xc8
10005e80:	4343      	muls	r3, r0
10005e82:	4d1d      	ldr	r5, [pc, #116]	@ (10005ef8 <tud_cdc_n_read+0x7c>)
10005e84:	3310      	adds	r3, #16
10005e86:	18ee      	adds	r6, r5, r3
10005e88:	2380      	movs	r3, #128	@ 0x80
10005e8a:	0004      	movs	r4, r0
10005e8c:	025b      	lsls	r3, r3, #9
10005e8e:	429a      	cmp	r2, r3
10005e90:	d300      	bcc.n	10005e94 <tud_cdc_n_read+0x18>
10005e92:	4a1a      	ldr	r2, [pc, #104]	@ (10005efc <tud_cdc_n_read+0x80>)
10005e94:	0030      	movs	r0, r6
10005e96:	b292      	uxth	r2, r2
10005e98:	f000 fbcc 	bl	10006634 <tu_fifo_read_n>
10005e9c:	0007      	movs	r7, r0
10005e9e:	f7ff f979 	bl	10005194 <tud_mounted>
10005ea2:	2800      	cmp	r0, #0
10005ea4:	d101      	bne.n	10005eaa <tud_cdc_n_read+0x2e>
10005ea6:	0038      	movs	r0, r7
10005ea8:	bdf8      	pop	{r3, r4, r5, r6, r7, pc}
10005eaa:	f7ff f97b 	bl	100051a4 <tud_suspended>
10005eae:	2800      	cmp	r0, #0
10005eb0:	d1f9      	bne.n	10005ea6 <tud_cdc_n_read+0x2a>
10005eb2:	23c8      	movs	r3, #200	@ 0xc8
10005eb4:	4363      	muls	r3, r4
10005eb6:	18ed      	adds	r5, r5, r3
10005eb8:	78eb      	ldrb	r3, [r5, #3]
10005eba:	2b00      	cmp	r3, #0
10005ebc:	d0f3      	beq.n	10005ea6 <tud_cdc_n_read+0x2a>
10005ebe:	0030      	movs	r0, r6
10005ec0:	f000 fb54 	bl	1000656c <tu_fifo_remaining>
10005ec4:	283f      	cmp	r0, #63	@ 0x3f
10005ec6:	d9ee      	bls.n	10005ea6 <tud_cdc_n_read+0x2a>
10005ec8:	2000      	movs	r0, #0
10005eca:	78e9      	ldrb	r1, [r5, #3]
10005ecc:	f7ff fe38 	bl	10005b40 <usbd_edpt_claim>
10005ed0:	2800      	cmp	r0, #0
10005ed2:	d0e8      	beq.n	10005ea6 <tud_cdc_n_read+0x2a>
10005ed4:	0030      	movs	r0, r6
10005ed6:	f000 fb49 	bl	1000656c <tu_fifo_remaining>
10005eda:	78e9      	ldrb	r1, [r5, #3]
10005edc:	283f      	cmp	r0, #63	@ 0x3f
10005ede:	d907      	bls.n	10005ef0 <tud_cdc_n_read+0x74>
10005ee0:	4b07      	ldr	r3, [pc, #28]	@ (10005f00 <tud_cdc_n_read+0x84>)
10005ee2:	01e2      	lsls	r2, r4, #7
10005ee4:	18d2      	adds	r2, r2, r3
10005ee6:	2000      	movs	r0, #0
10005ee8:	2340      	movs	r3, #64	@ 0x40
10005eea:	f7ff fe51 	bl	10005b90 <usbd_edpt_xfer>
10005eee:	e7da      	b.n	10005ea6 <tud_cdc_n_read+0x2a>
10005ef0:	2000      	movs	r0, #0
10005ef2:	f7ff fe39 	bl	10005b68 <usbd_edpt_release>
10005ef6:	e7d6      	b.n	10005ea6 <tud_cdc_n_read+0x2a>
10005ef8:	20001030 	.word	0x20001030
10005efc:	0000ffff 	.word	0x0000ffff
10005f00:	20001484 	.word	0x20001484

10005f04 <tud_cdc_n_write_flush>:
10005f04:	b5f8      	push	{r3, r4, r5, r6, r7, lr}
10005f06:	0004      	movs	r4, r0
10005f08:	f7ff f944 	bl	10005194 <tud_mounted>
10005f0c:	2800      	cmp	r0, #0
10005f0e:	d101      	bne.n	10005f14 <tud_cdc_n_write_flush+0x10>
10005f10:	2000      	movs	r0, #0
10005f12:	bdf8      	pop	{r3, r4, r5, r6, r7, pc}
10005f14:	f7ff f946 	bl	100051a4 <tud_suspended>
10005f18:	2800      	cmp	r0, #0
10005f1a:	d1f9      	bne.n	10005f10 <tud_cdc_n_write_flush+0xc>
10005f1c:	23c8      	movs	r3, #200	@ 0xc8
10005f1e:	0025      	movs	r5, r4
10005f20:	435d      	muls	r5, r3
10005f22:	002b      	movs	r3, r5
10005f24:	4e13      	ldr	r6, [pc, #76]	@ (10005f74 <tud_cdc_n_write_flush+0x70>)
10005f26:	3324      	adds	r3, #36	@ 0x24
10005f28:	18f7      	adds	r7, r6, r3
10005f2a:	0038      	movs	r0, r7
10005f2c:	f000 fb00 	bl	10006530 <tu_fifo_count>
10005f30:	2800      	cmp	r0, #0
10005f32:	d0ed      	beq.n	10005f10 <tud_cdc_n_write_flush+0xc>
10005f34:	1975      	adds	r5, r6, r5
10005f36:	2000      	movs	r0, #0
10005f38:	78a9      	ldrb	r1, [r5, #2]
10005f3a:	f7ff fe01 	bl	10005b40 <usbd_edpt_claim>
10005f3e:	2800      	cmp	r0, #0
10005f40:	d0e6      	beq.n	10005f10 <tud_cdc_n_write_flush+0xc>
10005f42:	4a0d      	ldr	r2, [pc, #52]	@ (10005f78 <tud_cdc_n_write_flush+0x74>)
10005f44:	01e3      	lsls	r3, r4, #7
10005f46:	189c      	adds	r4, r3, r2
10005f48:	0021      	movs	r1, r4
10005f4a:	2240      	movs	r2, #64	@ 0x40
10005f4c:	0038      	movs	r0, r7
10005f4e:	f000 fb71 	bl	10006634 <tu_fifo_read_n>
10005f52:	78a9      	ldrb	r1, [r5, #2]
10005f54:	0003      	movs	r3, r0
10005f56:	1e05      	subs	r5, r0, #0
10005f58:	d007      	beq.n	10005f6a <tud_cdc_n_write_flush+0x66>
10005f5a:	0022      	movs	r2, r4
10005f5c:	2000      	movs	r0, #0
10005f5e:	f7ff fe17 	bl	10005b90 <usbd_edpt_xfer>
10005f62:	2800      	cmp	r0, #0
10005f64:	d0d4      	beq.n	10005f10 <tud_cdc_n_write_flush+0xc>
10005f66:	0028      	movs	r0, r5
10005f68:	e7d3      	b.n	10005f12 <tud_cdc_n_write_flush+0xe>
10005f6a:	2000      	movs	r0, #0
10005f6c:	f7ff fdfc 	bl	10005b68 <usbd_edpt_release>
10005f70:	e7ce      	b.n	10005f10 <tud_cdc_n_write_flush+0xc>
10005f72:	46c0      	nop			@ (mov r8, r8)
10005f74:	20001030 	.word	0x20001030
10005f78:	200014c4 	.word	0x200014c4

10005f7c <tud_cdc_n_write>:
10005f7c:	b570      	push	{r4, r5, r6, lr}
10005f7e:	24c8      	movs	r4, #200	@ 0xc8
10005f80:	4344      	muls	r4, r0
10005f82:	4b0c      	ldr	r3, [pc, #48]	@ (10005fb4 <tud_cdc_n_write+0x38>)
10005f84:	0005      	movs	r5, r0
10005f86:	18e4      	adds	r4, r4, r3
10005f88:	2380      	movs	r3, #128	@ 0x80
10005f8a:	025b      	lsls	r3, r3, #9
10005f8c:	429a      	cmp	r2, r3
10005f8e:	d300      	bcc.n	10005f92 <tud_cdc_n_write+0x16>
10005f90:	4a09      	ldr	r2, [pc, #36]	@ (10005fb8 <tud_cdc_n_write+0x3c>)
10005f92:	0020      	movs	r0, r4
10005f94:	b292      	uxth	r2, r2
10005f96:	f000 fc15 	bl	100067c4 <tu_fifo_write_n>
10005f9a:	0006      	movs	r6, r0
10005f9c:	0020      	movs	r0, r4
10005f9e:	f000 fac7 	bl	10006530 <tu_fifo_count>
10005fa2:	283f      	cmp	r0, #63	@ 0x3f
10005fa4:	d801      	bhi.n	10005faa <tud_cdc_n_write+0x2e>
10005fa6:	0030      	movs	r0, r6
10005fa8:	bd70      	pop	{r4, r5, r6, pc}
10005faa:	0028      	movs	r0, r5
10005fac:	f7ff ffaa 	bl	10005f04 <tud_cdc_n_write_flush>
10005fb0:	e7f9      	b.n	10005fa6 <tud_cdc_n_write+0x2a>
10005fb2:	46c0      	nop			@ (mov r8, r8)
10005fb4:	20001054 	.word	0x20001054
10005fb8:	0000ffff 	.word	0x0000ffff

10005fbc <tud_cdc_n_write_available>:
10005fbc:	23c8      	movs	r3, #200	@ 0xc8
10005fbe:	b510      	push	{r4, lr}
10005fc0:	4343      	muls	r3, r0
10005fc2:	4802      	ldr	r0, [pc, #8]	@ (10005fcc <tud_cdc_n_write_available+0x10>)
10005fc4:	1818      	adds	r0, r3, r0
10005fc6:	f000 fad1 	bl	1000656c <tu_fifo_remaining>
10005fca:	bd10      	pop	{r4, pc}
10005fcc:	20001054 	.word	0x20001054

10005fd0 <cdcd_init>:
10005fd0:	b5f0      	push	{r4, r5, r6, r7, lr}
10005fd2:	2500      	movs	r5, #0
10005fd4:	4c18      	ldr	r4, [pc, #96]	@ (10006038 <cdcd_init+0x68>)
10005fd6:	b083      	sub	sp, #12
10005fd8:	22c8      	movs	r2, #200	@ 0xc8
10005fda:	2100      	movs	r1, #0
10005fdc:	0020      	movs	r0, r4
10005fde:	f7fc fd97 	bl	10002b10 <__wrap_memset>
10005fe2:	4b16      	ldr	r3, [pc, #88]	@ (1000603c <cdcd_init+0x6c>)
10005fe4:	0021      	movs	r1, r4
10005fe6:	701d      	strb	r5, [r3, #0]
10005fe8:	23ff      	movs	r3, #255	@ 0xff
10005fea:	7163      	strb	r3, [r4, #5]
10005fec:	23e1      	movs	r3, #225	@ 0xe1
10005fee:	025b      	lsls	r3, r3, #9
10005ff0:	60a3      	str	r3, [r4, #8]
10005ff2:	0020      	movs	r0, r4
10005ff4:	2308      	movs	r3, #8
10005ff6:	2240      	movs	r2, #64	@ 0x40
10005ff8:	73a3      	strb	r3, [r4, #14]
10005ffa:	3138      	adds	r1, #56	@ 0x38
10005ffc:	9500      	str	r5, [sp, #0]
10005ffe:	3b07      	subs	r3, #7
10006000:	3010      	adds	r0, #16
10006002:	f000 fa5f 	bl	100064c4 <tu_fifo_config>
10006006:	0027      	movs	r7, r4
10006008:	2301      	movs	r3, #1
1000600a:	0021      	movs	r1, r4
1000600c:	0020      	movs	r0, r4
1000600e:	0026      	movs	r6, r4
10006010:	2240      	movs	r2, #64	@ 0x40
10006012:	3178      	adds	r1, #120	@ 0x78
10006014:	9300      	str	r3, [sp, #0]
10006016:	37b8      	adds	r7, #184	@ 0xb8
10006018:	3024      	adds	r0, #36	@ 0x24
1000601a:	f000 fa53 	bl	100064c4 <tu_fifo_config>
1000601e:	36c0      	adds	r6, #192	@ 0xc0
10006020:	0038      	movs	r0, r7
10006022:	f7fa ff37 	bl	10000e94 <mutex_init>
10006026:	0030      	movs	r0, r6
10006028:	f7fa ff34 	bl	10000e94 <mutex_init>
1000602c:	61e5      	str	r5, [r4, #28]
1000602e:	6227      	str	r7, [r4, #32]
10006030:	6326      	str	r6, [r4, #48]	@ 0x30
10006032:	6365      	str	r5, [r4, #52]	@ 0x34
10006034:	b003      	add	sp, #12
10006036:	bdf0      	pop	{r4, r5, r6, r7, pc}
10006038:	20001030 	.word	0x20001030
1000603c:	20001504 	.word	0x20001504

10006040 <cdcd_deinit>:
10006040:	4b0a      	ldr	r3, [pc, #40]	@ (1000606c <cdcd_deinit+0x2c>)
10006042:	6b19      	ldr	r1, [r3, #48]	@ 0x30
10006044:	6a1a      	ldr	r2, [r3, #32]
10006046:	2900      	cmp	r1, #0
10006048:	d00c      	beq.n	10006064 <cdcd_deinit+0x24>
1000604a:	2a00      	cmp	r2, #0
1000604c:	d007      	beq.n	1000605e <cdcd_deinit+0x1e>
1000604e:	2200      	movs	r2, #0
10006050:	61da      	str	r2, [r3, #28]
10006052:	635a      	str	r2, [r3, #52]	@ 0x34
10006054:	631a      	str	r2, [r3, #48]	@ 0x30
10006056:	2200      	movs	r2, #0
10006058:	621a      	str	r2, [r3, #32]
1000605a:	2001      	movs	r0, #1
1000605c:	4770      	bx	lr
1000605e:	635a      	str	r2, [r3, #52]	@ 0x34
10006060:	631a      	str	r2, [r3, #48]	@ 0x30
10006062:	e7fa      	b.n	1000605a <cdcd_deinit+0x1a>
10006064:	2a00      	cmp	r2, #0
10006066:	d0f8      	beq.n	1000605a <cdcd_deinit+0x1a>
10006068:	61d9      	str	r1, [r3, #28]
1000606a:	e7f4      	b.n	10006056 <cdcd_deinit+0x16>
1000606c:	20001030 	.word	0x20001030

10006070 <cdcd_reset>:
10006070:	b570      	push	{r4, r5, r6, lr}
10006072:	2205      	movs	r2, #5
10006074:	2100      	movs	r1, #0
10006076:	480d      	ldr	r0, [pc, #52]	@ (100060ac <cdcd_reset+0x3c>)
10006078:	f7fc fd4a 	bl	10002b10 <__wrap_memset>
1000607c:	4d0c      	ldr	r5, [pc, #48]	@ (100060b0 <cdcd_reset+0x40>)
1000607e:	782b      	ldrb	r3, [r5, #0]
10006080:	07da      	lsls	r2, r3, #31
10006082:	d507      	bpl.n	10006094 <cdcd_reset+0x24>
10006084:	4c0b      	ldr	r4, [pc, #44]	@ (100060b4 <cdcd_reset+0x44>)
10006086:	079b      	lsls	r3, r3, #30
10006088:	d50c      	bpl.n	100060a4 <cdcd_reset+0x34>
1000608a:	2101      	movs	r1, #1
1000608c:	0020      	movs	r0, r4
1000608e:	f000 fc6d 	bl	1000696c <tu_fifo_set_overwritable>
10006092:	bd70      	pop	{r4, r5, r6, pc}
10006094:	4805      	ldr	r0, [pc, #20]	@ (100060ac <cdcd_reset+0x3c>)
10006096:	3010      	adds	r0, #16
10006098:	f000 fc48 	bl	1000692c <tu_fifo_clear>
1000609c:	782b      	ldrb	r3, [r5, #0]
1000609e:	4c05      	ldr	r4, [pc, #20]	@ (100060b4 <cdcd_reset+0x44>)
100060a0:	079b      	lsls	r3, r3, #30
100060a2:	d4f2      	bmi.n	1000608a <cdcd_reset+0x1a>
100060a4:	0020      	movs	r0, r4
100060a6:	f000 fc41 	bl	1000692c <tu_fifo_clear>
100060aa:	e7ee      	b.n	1000608a <cdcd_reset+0x1a>
100060ac:	20001030 	.word	0x20001030
100060b0:	20001504 	.word	0x20001504
100060b4:	20001054 	.word	0x20001054

100060b8 <cdcd_open>:
100060b8:	b5f0      	push	{r4, r5, r6, r7, lr}
100060ba:	794b      	ldrb	r3, [r1, #5]
100060bc:	0007      	movs	r7, r0
100060be:	b083      	sub	sp, #12
100060c0:	2b02      	cmp	r3, #2
100060c2:	d102      	bne.n	100060ca <cdcd_open+0x12>
100060c4:	798b      	ldrb	r3, [r1, #6]
100060c6:	2b02      	cmp	r3, #2
100060c8:	d003      	beq.n	100060d2 <cdcd_open+0x1a>
100060ca:	2400      	movs	r4, #0
100060cc:	0020      	movs	r0, r4
100060ce:	b003      	add	sp, #12
100060d0:	bdf0      	pop	{r4, r5, r6, r7, pc}
100060d2:	4b21      	ldr	r3, [pc, #132]	@ (10006158 <cdcd_open+0xa0>)
100060d4:	001e      	movs	r6, r3
100060d6:	789b      	ldrb	r3, [r3, #2]
100060d8:	2b00      	cmp	r3, #0
100060da:	d1f6      	bne.n	100060ca <cdcd_open+0x12>
100060dc:	788b      	ldrb	r3, [r1, #2]
100060de:	2409      	movs	r4, #9
100060e0:	7033      	strb	r3, [r6, #0]
100060e2:	780d      	ldrb	r5, [r1, #0]
100060e4:	194d      	adds	r5, r1, r5
100060e6:	786b      	ldrb	r3, [r5, #1]
100060e8:	2b24      	cmp	r3, #36	@ 0x24
100060ea:	d007      	beq.n	100060fc <cdcd_open+0x44>
100060ec:	e00c      	b.n	10006108 <cdcd_open+0x50>
100060ee:	782b      	ldrb	r3, [r5, #0]
100060f0:	18ed      	adds	r5, r5, r3
100060f2:	191c      	adds	r4, r3, r4
100060f4:	786b      	ldrb	r3, [r5, #1]
100060f6:	b2a4      	uxth	r4, r4
100060f8:	2b24      	cmp	r3, #36	@ 0x24
100060fa:	d105      	bne.n	10006108 <cdcd_open+0x50>
100060fc:	42a2      	cmp	r2, r4
100060fe:	d2f6      	bcs.n	100060ee <cdcd_open+0x36>
10006100:	2000      	movs	r0, #0
10006102:	f7ff fe65 	bl	10005dd0 <_prep_out_transaction.isra.0>
10006106:	e7e1      	b.n	100060cc <cdcd_open+0x14>
10006108:	001a      	movs	r2, r3
1000610a:	2b05      	cmp	r3, #5
1000610c:	d015      	beq.n	1000613a <cdcd_open+0x82>
1000610e:	2a04      	cmp	r2, #4
10006110:	d1f6      	bne.n	10006100 <cdcd_open+0x48>
10006112:	796b      	ldrb	r3, [r5, #5]
10006114:	2b0a      	cmp	r3, #10
10006116:	d1f3      	bne.n	10006100 <cdcd_open+0x48>
10006118:	4b10      	ldr	r3, [pc, #64]	@ (1000615c <cdcd_open+0xa4>)
1000611a:	782e      	ldrb	r6, [r5, #0]
1000611c:	9301      	str	r3, [sp, #4]
1000611e:	3301      	adds	r3, #1
10006120:	9300      	str	r3, [sp, #0]
10006122:	0038      	movs	r0, r7
10006124:	2302      	movs	r3, #2
10006126:	19a9      	adds	r1, r5, r6
10006128:	3a02      	subs	r2, #2
1000612a:	f7ff fca3 	bl	10005a74 <usbd_open_edpt_pair>
1000612e:	2800      	cmp	r0, #0
10006130:	d0cb      	beq.n	100060ca <cdcd_open+0x12>
10006132:	340e      	adds	r4, #14
10006134:	19a4      	adds	r4, r4, r6
10006136:	b2a4      	uxth	r4, r4
10006138:	e7e2      	b.n	10006100 <cdcd_open+0x48>
1000613a:	0029      	movs	r1, r5
1000613c:	0038      	movs	r0, r7
1000613e:	f7ff fce5 	bl	10005b0c <usbd_edpt_open>
10006142:	2800      	cmp	r0, #0
10006144:	d0c1      	beq.n	100060ca <cdcd_open+0x12>
10006146:	78ab      	ldrb	r3, [r5, #2]
10006148:	7073      	strb	r3, [r6, #1]
1000614a:	782b      	ldrb	r3, [r5, #0]
1000614c:	191c      	adds	r4, r3, r4
1000614e:	18ed      	adds	r5, r5, r3
10006150:	786a      	ldrb	r2, [r5, #1]
10006152:	b2a4      	uxth	r4, r4
10006154:	e7db      	b.n	1000610e <cdcd_open+0x56>
10006156:	46c0      	nop			@ (mov r8, r8)
10006158:	20001030 	.word	0x20001030
1000615c:	20001032 	.word	0x20001032

10006160 <cdcd_control_xfer_cb>:
10006160:	2360      	movs	r3, #96	@ 0x60
10006162:	468c      	mov	ip, r1
10006164:	0011      	movs	r1, r2
10006166:	7812      	ldrb	r2, [r2, #0]
10006168:	b570      	push	{r4, r5, r6, lr}
1000616a:	4013      	ands	r3, r2
1000616c:	2200      	movs	r2, #0
1000616e:	2b20      	cmp	r3, #32
10006170:	d108      	bne.n	10006184 <cdcd_control_xfer_cb+0x24>
10006172:	4c32      	ldr	r4, [pc, #200]	@ (1000623c <cdcd_control_xfer_cb+0xdc>)
10006174:	794b      	ldrb	r3, [r1, #5]
10006176:	0026      	movs	r6, r4
10006178:	790d      	ldrb	r5, [r1, #4]
1000617a:	7824      	ldrb	r4, [r4, #0]
1000617c:	021b      	lsls	r3, r3, #8
1000617e:	432b      	orrs	r3, r5
10006180:	429c      	cmp	r4, r3
10006182:	d001      	beq.n	10006188 <cdcd_control_xfer_cb+0x28>
10006184:	0010      	movs	r0, r2
10006186:	bd70      	pop	{r4, r5, r6, pc}
10006188:	784b      	ldrb	r3, [r1, #1]
1000618a:	2b22      	cmp	r3, #34	@ 0x22
1000618c:	d01c      	beq.n	100061c8 <cdcd_control_xfer_cb+0x68>
1000618e:	d808      	bhi.n	100061a2 <cdcd_control_xfer_cb+0x42>
10006190:	2b20      	cmp	r3, #32
10006192:	d039      	beq.n	10006208 <cdcd_control_xfer_cb+0xa8>
10006194:	2b21      	cmp	r3, #33	@ 0x21
10006196:	d1f5      	bne.n	10006184 <cdcd_control_xfer_cb+0x24>
10006198:	4663      	mov	r3, ip
1000619a:	2b01      	cmp	r3, #1
1000619c:	d043      	beq.n	10006226 <cdcd_control_xfer_cb+0xc6>
1000619e:	2201      	movs	r2, #1
100061a0:	e7f0      	b.n	10006184 <cdcd_control_xfer_cb+0x24>
100061a2:	2b23      	cmp	r3, #35	@ 0x23
100061a4:	d1ee      	bne.n	10006184 <cdcd_control_xfer_cb+0x24>
100061a6:	4663      	mov	r3, ip
100061a8:	2b01      	cmp	r3, #1
100061aa:	d042      	beq.n	10006232 <cdcd_control_xfer_cb+0xd2>
100061ac:	2b03      	cmp	r3, #3
100061ae:	d1f6      	bne.n	1000619e <cdcd_control_xfer_cb+0x3e>
100061b0:	4b23      	ldr	r3, [pc, #140]	@ (10006240 <cdcd_control_xfer_cb+0xe0>)
100061b2:	2b00      	cmp	r3, #0
100061b4:	d0f3      	beq.n	1000619e <cdcd_control_xfer_cb+0x3e>
100061b6:	788b      	ldrb	r3, [r1, #2]
100061b8:	78c9      	ldrb	r1, [r1, #3]
100061ba:	2000      	movs	r0, #0
100061bc:	0209      	lsls	r1, r1, #8
100061be:	4319      	orrs	r1, r3
100061c0:	e000      	b.n	100061c4 <cdcd_control_xfer_cb+0x64>
100061c2:	bf00      	nop
100061c4:	2201      	movs	r2, #1
100061c6:	e7dd      	b.n	10006184 <cdcd_control_xfer_cb+0x24>
100061c8:	4663      	mov	r3, ip
100061ca:	2b01      	cmp	r3, #1
100061cc:	d031      	beq.n	10006232 <cdcd_control_xfer_cb+0xd2>
100061ce:	2b03      	cmp	r3, #3
100061d0:	d1e5      	bne.n	1000619e <cdcd_control_xfer_cb+0x3e>
100061d2:	2501      	movs	r5, #1
100061d4:	78cb      	ldrb	r3, [r1, #3]
100061d6:	788a      	ldrb	r2, [r1, #2]
100061d8:	021b      	lsls	r3, r3, #8
100061da:	4313      	orrs	r3, r2
100061dc:	001c      	movs	r4, r3
100061de:	401d      	ands	r5, r3
100061e0:	0033      	movs	r3, r6
100061e2:	2101      	movs	r1, #1
100061e4:	3324      	adds	r3, #36	@ 0x24
100061e6:	0018      	movs	r0, r3
100061e8:	4069      	eors	r1, r5
100061ea:	7134      	strb	r4, [r6, #4]
100061ec:	f000 fbbe 	bl	1000696c <tu_fifo_set_overwritable>
100061f0:	4b14      	ldr	r3, [pc, #80]	@ (10006244 <cdcd_control_xfer_cb+0xe4>)
100061f2:	2b00      	cmp	r3, #0
100061f4:	d0d3      	beq.n	1000619e <cdcd_control_xfer_cb+0x3e>
100061f6:	2301      	movs	r3, #1
100061f8:	0862      	lsrs	r2, r4, #1
100061fa:	401a      	ands	r2, r3
100061fc:	0029      	movs	r1, r5
100061fe:	2000      	movs	r0, #0
10006200:	e000      	b.n	10006204 <cdcd_control_xfer_cb+0xa4>
10006202:	bf00      	nop
10006204:	2201      	movs	r2, #1
10006206:	e7bd      	b.n	10006184 <cdcd_control_xfer_cb+0x24>
10006208:	4663      	mov	r3, ip
1000620a:	2b01      	cmp	r3, #1
1000620c:	d00b      	beq.n	10006226 <cdcd_control_xfer_cb+0xc6>
1000620e:	2b03      	cmp	r3, #3
10006210:	d1c5      	bne.n	1000619e <cdcd_control_xfer_cb+0x3e>
10006212:	4b0d      	ldr	r3, [pc, #52]	@ (10006248 <cdcd_control_xfer_cb+0xe8>)
10006214:	2b00      	cmp	r3, #0
10006216:	d0c2      	beq.n	1000619e <cdcd_control_xfer_cb+0x3e>
10006218:	0031      	movs	r1, r6
1000621a:	2000      	movs	r0, #0
1000621c:	3108      	adds	r1, #8
1000621e:	f7fe fe15 	bl	10004e4c <tud_cdc_line_coding_cb>
10006222:	2201      	movs	r2, #1
10006224:	e7ae      	b.n	10006184 <cdcd_control_xfer_cb+0x24>
10006226:	4a09      	ldr	r2, [pc, #36]	@ (1000624c <cdcd_control_xfer_cb+0xec>)
10006228:	2307      	movs	r3, #7
1000622a:	f7ff fcef 	bl	10005c0c <tud_control_xfer>
1000622e:	2201      	movs	r2, #1
10006230:	e7a8      	b.n	10006184 <cdcd_control_xfer_cb+0x24>
10006232:	f7ff fcd5 	bl	10005be0 <tud_control_status>
10006236:	2201      	movs	r2, #1
10006238:	e7a4      	b.n	10006184 <cdcd_control_xfer_cb+0x24>
1000623a:	46c0      	nop			@ (mov r8, r8)
1000623c:	20001030 	.word	0x20001030
	...
10006248:	10004e4d 	.word	0x10004e4d
1000624c:	20001038 	.word	0x20001038

10006250 <cdcd_xfer_cb>:
10006250:	b5f8      	push	{r3, r4, r5, r6, r7, lr}
10006252:	4647      	mov	r7, r8
10006254:	46ce      	mov	lr, r9
10006256:	b580      	push	{r7, lr}
10006258:	4c34      	ldr	r4, [pc, #208]	@ (1000632c <cdcd_xfer_cb+0xdc>)
1000625a:	001f      	movs	r7, r3
1000625c:	78e3      	ldrb	r3, [r4, #3]
1000625e:	4680      	mov	r8, r0
10006260:	000d      	movs	r5, r1
10006262:	428b      	cmp	r3, r1
10006264:	d03b      	beq.n	100062de <cdcd_xfer_cb+0x8e>
10006266:	78a3      	ldrb	r3, [r4, #2]
10006268:	2000      	movs	r0, #0
1000626a:	428b      	cmp	r3, r1
1000626c:	d011      	beq.n	10006292 <cdcd_xfer_cb+0x42>
1000626e:	bcc0      	pop	{r6, r7}
10006270:	46b9      	mov	r9, r7
10006272:	46b0      	mov	r8, r6
10006274:	bdf8      	pop	{r3, r4, r5, r6, r7, pc}
10006276:	4b2e      	ldr	r3, [pc, #184]	@ (10006330 <cdcd_xfer_cb+0xe0>)
10006278:	2b00      	cmp	r3, #0
1000627a:	d004      	beq.n	10006286 <cdcd_xfer_cb+0x36>
1000627c:	482d      	ldr	r0, [pc, #180]	@ (10006334 <cdcd_xfer_cb+0xe4>)
1000627e:	f000 f96d 	bl	1000655c <tu_fifo_empty>
10006282:	2800      	cmp	r0, #0
10006284:	d04f      	beq.n	10006326 <cdcd_xfer_cb+0xd6>
10006286:	2000      	movs	r0, #0
10006288:	f7ff fda2 	bl	10005dd0 <_prep_out_transaction.isra.0>
1000628c:	78a3      	ldrb	r3, [r4, #2]
1000628e:	42ab      	cmp	r3, r5
10006290:	d10a      	bne.n	100062a8 <cdcd_xfer_cb+0x58>
10006292:	4b29      	ldr	r3, [pc, #164]	@ (10006338 <cdcd_xfer_cb+0xe8>)
10006294:	2b00      	cmp	r3, #0
10006296:	d002      	beq.n	1000629e <cdcd_xfer_cb+0x4e>
10006298:	2000      	movs	r0, #0
1000629a:	e000      	b.n	1000629e <cdcd_xfer_cb+0x4e>
1000629c:	bf00      	nop
1000629e:	2000      	movs	r0, #0
100062a0:	f7ff fe30 	bl	10005f04 <tud_cdc_n_write_flush>
100062a4:	2800      	cmp	r0, #0
100062a6:	d001      	beq.n	100062ac <cdcd_xfer_cb+0x5c>
100062a8:	2001      	movs	r0, #1
100062aa:	e7e0      	b.n	1000626e <cdcd_xfer_cb+0x1e>
100062ac:	4c23      	ldr	r4, [pc, #140]	@ (1000633c <cdcd_xfer_cb+0xec>)
100062ae:	0020      	movs	r0, r4
100062b0:	f000 f93e 	bl	10006530 <tu_fifo_count>
100062b4:	2800      	cmp	r0, #0
100062b6:	d1f7      	bne.n	100062a8 <cdcd_xfer_cb+0x58>
100062b8:	2f00      	cmp	r7, #0
100062ba:	d0f5      	beq.n	100062a8 <cdcd_xfer_cb+0x58>
100062bc:	06bb      	lsls	r3, r7, #26
100062be:	d1f3      	bne.n	100062a8 <cdcd_xfer_cb+0x58>
100062c0:	3c24      	subs	r4, #36	@ 0x24
100062c2:	4640      	mov	r0, r8
100062c4:	78a1      	ldrb	r1, [r4, #2]
100062c6:	f7ff fc3b 	bl	10005b40 <usbd_edpt_claim>
100062ca:	2800      	cmp	r0, #0
100062cc:	d0ec      	beq.n	100062a8 <cdcd_xfer_cb+0x58>
100062ce:	2300      	movs	r3, #0
100062d0:	2200      	movs	r2, #0
100062d2:	4640      	mov	r0, r8
100062d4:	78a1      	ldrb	r1, [r4, #2]
100062d6:	f7ff fc5b 	bl	10005b90 <usbd_edpt_xfer>
100062da:	2001      	movs	r0, #1
100062dc:	e7c7      	b.n	1000626e <cdcd_xfer_cb+0x1e>
100062de:	4e18      	ldr	r6, [pc, #96]	@ (10006340 <cdcd_xfer_cb+0xf0>)
100062e0:	4814      	ldr	r0, [pc, #80]	@ (10006334 <cdcd_xfer_cb+0xe4>)
100062e2:	0031      	movs	r1, r6
100062e4:	b2ba      	uxth	r2, r7
100062e6:	f000 fa6d 	bl	100067c4 <tu_fifo_write_n>
100062ea:	4b16      	ldr	r3, [pc, #88]	@ (10006344 <cdcd_xfer_cb+0xf4>)
100062ec:	2b00      	cmp	r3, #0
100062ee:	d0c2      	beq.n	10006276 <cdcd_xfer_cb+0x26>
100062f0:	7963      	ldrb	r3, [r4, #5]
100062f2:	2bff      	cmp	r3, #255	@ 0xff
100062f4:	d0bf      	beq.n	10006276 <cdcd_xfer_cb+0x26>
100062f6:	2f00      	cmp	r7, #0
100062f8:	d0bd      	beq.n	10006276 <cdcd_xfer_cb+0x26>
100062fa:	46bc      	mov	ip, r7
100062fc:	44b4      	add	ip, r6
100062fe:	46e1      	mov	r9, ip
10006300:	e003      	b.n	1000630a <cdcd_xfer_cb+0xba>
10006302:	3601      	adds	r6, #1
10006304:	454e      	cmp	r6, r9
10006306:	d0b6      	beq.n	10006276 <cdcd_xfer_cb+0x26>
10006308:	7963      	ldrb	r3, [r4, #5]
1000630a:	7832      	ldrb	r2, [r6, #0]
1000630c:	429a      	cmp	r2, r3
1000630e:	d1f8      	bne.n	10006302 <cdcd_xfer_cb+0xb2>
10006310:	4808      	ldr	r0, [pc, #32]	@ (10006334 <cdcd_xfer_cb+0xe4>)
10006312:	f000 f923 	bl	1000655c <tu_fifo_empty>
10006316:	2800      	cmp	r0, #0
10006318:	d1f3      	bne.n	10006302 <cdcd_xfer_cb+0xb2>
1000631a:	4b06      	ldr	r3, [pc, #24]	@ (10006334 <cdcd_xfer_cb+0xe4>)
1000631c:	3b10      	subs	r3, #16
1000631e:	7959      	ldrb	r1, [r3, #5]
10006320:	e000      	b.n	10006324 <cdcd_xfer_cb+0xd4>
10006322:	bf00      	nop
10006324:	e7ed      	b.n	10006302 <cdcd_xfer_cb+0xb2>
10006326:	e000      	b.n	1000632a <cdcd_xfer_cb+0xda>
10006328:	bf00      	nop
1000632a:	e7ac      	b.n	10006286 <cdcd_xfer_cb+0x36>
1000632c:	20001030 	.word	0x20001030
10006330:	00000000 	.word	0x00000000
10006334:	20001040 	.word	0x20001040
10006338:	00000000 	.word	0x00000000
1000633c:	20001054 	.word	0x20001054
10006340:	20001484 	.word	0x20001484
10006344:	00000000 	.word	0x00000000

10006348 <tusb_rhport_init>:
10006348:	b500      	push	{lr}
1000634a:	0003      	movs	r3, r0
1000634c:	b083      	sub	sp, #12
1000634e:	2900      	cmp	r1, #0
10006350:	d010      	beq.n	10006374 <tusb_rhport_init+0x2c>
10006352:	2000      	movs	r0, #0
10006354:	2b01      	cmp	r3, #1
10006356:	d807      	bhi.n	10006368 <tusb_rhport_init+0x20>
10006358:	780a      	ldrb	r2, [r1, #0]
1000635a:	2a00      	cmp	r2, #0
1000635c:	d004      	beq.n	10006368 <tusb_rhport_init+0x20>
1000635e:	480c      	ldr	r0, [pc, #48]	@ (10006390 <tusb_rhport_init+0x48>)
10006360:	54c2      	strb	r2, [r0, r3]
10006362:	2001      	movs	r0, #1
10006364:	2a01      	cmp	r2, #1
10006366:	d001      	beq.n	1000636c <tusb_rhport_init+0x24>
10006368:	b003      	add	sp, #12
1000636a:	bd00      	pop	{pc}
1000636c:	0018      	movs	r0, r3
1000636e:	f7fe ff21 	bl	100051b4 <tud_rhport_init>
10006372:	e7f9      	b.n	10006368 <tusb_rhport_init+0x20>
10006374:	2301      	movs	r3, #1
10006376:	466a      	mov	r2, sp
10006378:	2000      	movs	r0, #0
1000637a:	a901      	add	r1, sp, #4
1000637c:	8093      	strh	r3, [r2, #4]
1000637e:	f7fe ff19 	bl	100051b4 <tud_rhport_init>
10006382:	2800      	cmp	r0, #0
10006384:	d0f0      	beq.n	10006368 <tusb_rhport_init+0x20>
10006386:	2201      	movs	r2, #1
10006388:	4b01      	ldr	r3, [pc, #4]	@ (10006390 <tusb_rhport_init+0x48>)
1000638a:	701a      	strb	r2, [r3, #0]
1000638c:	e7ec      	b.n	10006368 <tusb_rhport_init+0x20>
1000638e:	46c0      	nop			@ (mov r8, r8)
10006390:	2000155c 	.word	0x2000155c

10006394 <tu_edpt_claim>:
10006394:	b570      	push	{r4, r5, r6, lr}
10006396:	0004      	movs	r4, r0
10006398:	7823      	ldrb	r3, [r4, #0]
1000639a:	0008      	movs	r0, r1
1000639c:	07db      	lsls	r3, r3, #31
1000639e:	000e      	movs	r6, r1
100063a0:	0fdd      	lsrs	r5, r3, #31
100063a2:	2b00      	cmp	r3, #0
100063a4:	d116      	bne.n	100063d4 <tu_edpt_claim+0x40>
100063a6:	7823      	ldrb	r3, [r4, #0]
100063a8:	075b      	lsls	r3, r3, #29
100063aa:	d501      	bpl.n	100063b0 <tu_edpt_claim+0x1c>
100063ac:	0028      	movs	r0, r5
100063ae:	bd70      	pop	{r4, r5, r6, pc}
100063b0:	2101      	movs	r1, #1
100063b2:	4249      	negs	r1, r1
100063b4:	f000 fb80 	bl	10006ab8 <__mutex_enter_timeout_ms_veneer>
100063b8:	7823      	ldrb	r3, [r4, #0]
100063ba:	07db      	lsls	r3, r3, #31
100063bc:	0fdd      	lsrs	r5, r3, #31
100063be:	2b00      	cmp	r3, #0
100063c0:	d10a      	bne.n	100063d8 <tu_edpt_claim+0x44>
100063c2:	7823      	ldrb	r3, [r4, #0]
100063c4:	075b      	lsls	r3, r3, #29
100063c6:	d408      	bmi.n	100063da <tu_edpt_claim+0x46>
100063c8:	2204      	movs	r2, #4
100063ca:	7823      	ldrb	r3, [r4, #0]
100063cc:	2501      	movs	r5, #1
100063ce:	4313      	orrs	r3, r2
100063d0:	7023      	strb	r3, [r4, #0]
100063d2:	e002      	b.n	100063da <tu_edpt_claim+0x46>
100063d4:	2500      	movs	r5, #0
100063d6:	e7e9      	b.n	100063ac <tu_edpt_claim+0x18>
100063d8:	2500      	movs	r5, #0
100063da:	0030      	movs	r0, r6
100063dc:	f000 fb74 	bl	10006ac8 <__mutex_exit_veneer>
100063e0:	e7e4      	b.n	100063ac <tu_edpt_claim+0x18>
100063e2:	46c0      	nop			@ (mov r8, r8)

100063e4 <tu_edpt_release>:
100063e4:	b570      	push	{r4, r5, r6, lr}
100063e6:	000d      	movs	r5, r1
100063e8:	2101      	movs	r1, #1
100063ea:	0004      	movs	r4, r0
100063ec:	4249      	negs	r1, r1
100063ee:	0028      	movs	r0, r5
100063f0:	f000 fb62 	bl	10006ab8 <__mutex_enter_timeout_ms_veneer>
100063f4:	7823      	ldrb	r3, [r4, #0]
100063f6:	075b      	lsls	r3, r3, #29
100063f8:	0fde      	lsrs	r6, r3, #31
100063fa:	2b00      	cmp	r3, #0
100063fc:	db04      	blt.n	10006408 <tu_edpt_release+0x24>
100063fe:	0028      	movs	r0, r5
10006400:	f000 fb62 	bl	10006ac8 <__mutex_exit_veneer>
10006404:	0030      	movs	r0, r6
10006406:	bd70      	pop	{r4, r5, r6, pc}
10006408:	7823      	ldrb	r3, [r4, #0]
1000640a:	07db      	lsls	r3, r3, #31
1000640c:	d404      	bmi.n	10006418 <tu_edpt_release+0x34>
1000640e:	2204      	movs	r2, #4
10006410:	7823      	ldrb	r3, [r4, #0]
10006412:	4393      	bics	r3, r2
10006414:	7023      	strb	r3, [r4, #0]
10006416:	e7f2      	b.n	100063fe <tu_edpt_release+0x1a>
10006418:	2600      	movs	r6, #0
1000641a:	e7f0      	b.n	100063fe <tu_edpt_release+0x1a>

1000641c <tu_edpt_validate>:
1000641c:	7943      	ldrb	r3, [r0, #5]
1000641e:	7902      	ldrb	r2, [r0, #4]
10006420:	021b      	lsls	r3, r3, #8
10006422:	4313      	orrs	r3, r2
10006424:	78c2      	ldrb	r2, [r0, #3]
10006426:	055b      	lsls	r3, r3, #21
10006428:	0792      	lsls	r2, r2, #30
1000642a:	0d5b      	lsrs	r3, r3, #21
1000642c:	0f92      	lsrs	r2, r2, #30
1000642e:	2a02      	cmp	r2, #2
10006430:	d01a      	beq.n	10006468 <tu_edpt_validate+0x4c>
10006432:	2a03      	cmp	r2, #3
10006434:	d00b      	beq.n	1000644e <tu_edpt_validate+0x32>
10006436:	2000      	movs	r0, #0
10006438:	2a01      	cmp	r2, #1
1000643a:	d107      	bne.n	1000644c <tu_edpt_validate+0x30>
1000643c:	3902      	subs	r1, #2
1000643e:	424a      	negs	r2, r1
10006440:	4151      	adcs	r1, r2
10006442:	4a10      	ldr	r2, [pc, #64]	@ (10006484 <tu_edpt_validate+0x68>)
10006444:	1889      	adds	r1, r1, r2
10006446:	4299      	cmp	r1, r3
10006448:	4140      	adcs	r0, r0
1000644a:	b2c0      	uxtb	r0, r0
1000644c:	4770      	bx	lr
1000644e:	3902      	subs	r1, #2
10006450:	1e4a      	subs	r2, r1, #1
10006452:	4191      	sbcs	r1, r2
10006454:	4a0c      	ldr	r2, [pc, #48]	@ (10006488 <tu_edpt_validate+0x6c>)
10006456:	4249      	negs	r1, r1
10006458:	4011      	ands	r1, r2
1000645a:	2280      	movs	r2, #128	@ 0x80
1000645c:	2000      	movs	r0, #0
1000645e:	00d2      	lsls	r2, r2, #3
10006460:	1889      	adds	r1, r1, r2
10006462:	4299      	cmp	r1, r3
10006464:	4140      	adcs	r0, r0
10006466:	e7f1      	b.n	1000644c <tu_edpt_validate+0x30>
10006468:	2902      	cmp	r1, #2
1000646a:	d004      	beq.n	10006476 <tu_edpt_validate+0x5a>
1000646c:	2000      	movs	r0, #0
1000646e:	2240      	movs	r2, #64	@ 0x40
10006470:	429a      	cmp	r2, r3
10006472:	4140      	adcs	r0, r0
10006474:	e7ea      	b.n	1000644c <tu_edpt_validate+0x30>
10006476:	4a05      	ldr	r2, [pc, #20]	@ (1000648c <tu_edpt_validate+0x70>)
10006478:	1898      	adds	r0, r3, r2
1000647a:	4243      	negs	r3, r0
1000647c:	4158      	adcs	r0, r3
1000647e:	b2c0      	uxtb	r0, r0
10006480:	e7e4      	b.n	1000644c <tu_edpt_validate+0x30>
10006482:	46c0      	nop			@ (mov r8, r8)
10006484:	000003ff 	.word	0x000003ff
10006488:	fffffc40 	.word	0xfffffc40
1000648c:	fffffe00 	.word	0xfffffe00

10006490 <tu_edpt_bind_driver>:
10006490:	4684      	mov	ip, r0
10006492:	1888      	adds	r0, r1, r2
10006494:	b530      	push	{r4, r5, lr}
10006496:	001c      	movs	r4, r3
10006498:	4281      	cmp	r1, r0
1000649a:	d206      	bcs.n	100064aa <tu_edpt_bind_driver+0x1a>
1000649c:	784a      	ldrb	r2, [r1, #1]
1000649e:	2a05      	cmp	r2, #5
100064a0:	d004      	beq.n	100064ac <tu_edpt_bind_driver+0x1c>
100064a2:	780a      	ldrb	r2, [r1, #0]
100064a4:	1889      	adds	r1, r1, r2
100064a6:	4288      	cmp	r0, r1
100064a8:	d8f8      	bhi.n	1000649c <tu_edpt_bind_driver+0xc>
100064aa:	bd30      	pop	{r4, r5, pc}
100064ac:	227f      	movs	r2, #127	@ 0x7f
100064ae:	788b      	ldrb	r3, [r1, #2]
100064b0:	401a      	ands	r2, r3
100064b2:	0052      	lsls	r2, r2, #1
100064b4:	4462      	add	r2, ip
100064b6:	09db      	lsrs	r3, r3, #7
100064b8:	54d4      	strb	r4, [r2, r3]
100064ba:	780a      	ldrb	r2, [r1, #0]
100064bc:	1889      	adds	r1, r1, r2
100064be:	4288      	cmp	r0, r1
100064c0:	d8ec      	bhi.n	1000649c <tu_edpt_bind_driver+0xc>
100064c2:	e7f2      	b.n	100064aa <tu_edpt_bind_driver+0x1a>

100064c4 <tu_fifo_config>:
100064c4:	b5f0      	push	{r4, r5, r6, r7, lr}
100064c6:	46c6      	mov	lr, r8
100064c8:	b500      	push	{lr}
100064ca:	4698      	mov	r8, r3
100064cc:	466b      	mov	r3, sp
100064ce:	7e1e      	ldrb	r6, [r3, #24]
100064d0:	2380      	movs	r3, #128	@ 0x80
100064d2:	0004      	movs	r4, r0
100064d4:	000f      	movs	r7, r1
100064d6:	0015      	movs	r5, r2
100064d8:	021b      	lsls	r3, r3, #8
100064da:	429a      	cmp	r2, r3
100064dc:	d826      	bhi.n	1000652c <tu_fifo_config+0x68>
100064de:	68c0      	ldr	r0, [r0, #12]
100064e0:	2800      	cmp	r0, #0
100064e2:	d003      	beq.n	100064ec <tu_fifo_config+0x28>
100064e4:	2101      	movs	r1, #1
100064e6:	4249      	negs	r1, r1
100064e8:	f000 fae6 	bl	10006ab8 <__mutex_enter_timeout_ms_veneer>
100064ec:	6920      	ldr	r0, [r4, #16]
100064ee:	2800      	cmp	r0, #0
100064f0:	d003      	beq.n	100064fa <tu_fifo_config+0x36>
100064f2:	2101      	movs	r1, #1
100064f4:	4249      	negs	r1, r1
100064f6:	f000 fadf 	bl	10006ab8 <__mutex_enter_timeout_ms_veneer>
100064fa:	4642      	mov	r2, r8
100064fc:	0452      	lsls	r2, r2, #17
100064fe:	03f3      	lsls	r3, r6, #15
10006500:	0c52      	lsrs	r2, r2, #17
10006502:	4313      	orrs	r3, r2
10006504:	80e3      	strh	r3, [r4, #6]
10006506:	2300      	movs	r3, #0
10006508:	68e0      	ldr	r0, [r4, #12]
1000650a:	8163      	strh	r3, [r4, #10]
1000650c:	6027      	str	r7, [r4, #0]
1000650e:	80a5      	strh	r5, [r4, #4]
10006510:	8123      	strh	r3, [r4, #8]
10006512:	2800      	cmp	r0, #0
10006514:	d001      	beq.n	1000651a <tu_fifo_config+0x56>
10006516:	f000 fad7 	bl	10006ac8 <__mutex_exit_veneer>
1000651a:	6920      	ldr	r0, [r4, #16]
1000651c:	2800      	cmp	r0, #0
1000651e:	d001      	beq.n	10006524 <tu_fifo_config+0x60>
10006520:	f000 fad2 	bl	10006ac8 <__mutex_exit_veneer>
10006524:	2001      	movs	r0, #1
10006526:	bc80      	pop	{r7}
10006528:	46b8      	mov	r8, r7
1000652a:	bdf0      	pop	{r4, r5, r6, r7, pc}
1000652c:	2000      	movs	r0, #0
1000652e:	e7fa      	b.n	10006526 <tu_fifo_config+0x62>

10006530 <tu_fifo_count>:
10006530:	8903      	ldrh	r3, [r0, #8]
10006532:	8941      	ldrh	r1, [r0, #10]
10006534:	469c      	mov	ip, r3
10006536:	8882      	ldrh	r2, [r0, #4]
10006538:	b29b      	uxth	r3, r3
1000653a:	b288      	uxth	r0, r1
1000653c:	458c      	cmp	ip, r1
1000653e:	d307      	bcc.n	10006550 <tu_fifo_count+0x20>
10006540:	1a1b      	subs	r3, r3, r0
10006542:	b29b      	uxth	r3, r3
10006544:	1c10      	adds	r0, r2, #0
10006546:	429a      	cmp	r2, r3
10006548:	d900      	bls.n	1000654c <tu_fifo_count+0x1c>
1000654a:	1c18      	adds	r0, r3, #0
1000654c:	b280      	uxth	r0, r0
1000654e:	4770      	bx	lr
10006550:	0051      	lsls	r1, r2, #1
10006552:	1a09      	subs	r1, r1, r0
10006554:	185b      	adds	r3, r3, r1
10006556:	b29b      	uxth	r3, r3
10006558:	e7f4      	b.n	10006544 <tu_fifo_count+0x14>
1000655a:	46c0      	nop			@ (mov r8, r8)

1000655c <tu_fifo_empty>:
1000655c:	8903      	ldrh	r3, [r0, #8]
1000655e:	8940      	ldrh	r0, [r0, #10]
10006560:	1a18      	subs	r0, r3, r0
10006562:	4243      	negs	r3, r0
10006564:	4158      	adcs	r0, r3
10006566:	b2c0      	uxtb	r0, r0
10006568:	4770      	bx	lr
1000656a:	46c0      	nop			@ (mov r8, r8)

1000656c <tu_fifo_remaining>:
1000656c:	8903      	ldrh	r3, [r0, #8]
1000656e:	8941      	ldrh	r1, [r0, #10]
10006570:	469c      	mov	ip, r3
10006572:	8882      	ldrh	r2, [r0, #4]
10006574:	b29b      	uxth	r3, r3
10006576:	b288      	uxth	r0, r1
10006578:	458c      	cmp	ip, r1
1000657a:	d307      	bcc.n	1000658c <tu_fifo_remaining+0x20>
1000657c:	1a1b      	subs	r3, r3, r0
1000657e:	b29b      	uxth	r3, r3
10006580:	2000      	movs	r0, #0
10006582:	429a      	cmp	r2, r3
10006584:	d901      	bls.n	1000658a <tu_fifo_remaining+0x1e>
10006586:	1ad2      	subs	r2, r2, r3
10006588:	b290      	uxth	r0, r2
1000658a:	4770      	bx	lr
1000658c:	0051      	lsls	r1, r2, #1
1000658e:	1a09      	subs	r1, r1, r0
10006590:	185b      	adds	r3, r3, r1
10006592:	b29b      	uxth	r3, r3
10006594:	e7f4      	b.n	10006580 <tu_fifo_remaining+0x14>
10006596:	46c0      	nop			@ (mov r8, r8)

10006598 <tu_fifo_read>:
10006598:	b570      	push	{r4, r5, r6, lr}
1000659a:	0004      	movs	r4, r0
1000659c:	6900      	ldr	r0, [r0, #16]
1000659e:	000d      	movs	r5, r1
100065a0:	2800      	cmp	r0, #0
100065a2:	d003      	beq.n	100065ac <tu_fifo_read+0x14>
100065a4:	2101      	movs	r1, #1
100065a6:	4249      	negs	r1, r1
100065a8:	f000 fa86 	bl	10006ab8 <__mutex_enter_timeout_ms_veneer>
100065ac:	8923      	ldrh	r3, [r4, #8]
100065ae:	8962      	ldrh	r2, [r4, #10]
100065b0:	469c      	mov	ip, r3
100065b2:	b298      	uxth	r0, r3
100065b4:	b291      	uxth	r1, r2
100065b6:	88a3      	ldrh	r3, [r4, #4]
100065b8:	4594      	cmp	ip, r2
100065ba:	d332      	bcc.n	10006622 <tu_fifo_read+0x8a>
100065bc:	1a42      	subs	r2, r0, r1
100065be:	b292      	uxth	r2, r2
100065c0:	2a00      	cmp	r2, #0
100065c2:	d027      	beq.n	10006614 <tu_fifo_read+0x7c>
100065c4:	4293      	cmp	r3, r2
100065c6:	d208      	bcs.n	100065da <tu_fifo_read+0x42>
100065c8:	4298      	cmp	r0, r3
100065ca:	d32f      	bcc.n	1000662c <tu_fifo_read+0x94>
100065cc:	1ac0      	subs	r0, r0, r3
100065ce:	b281      	uxth	r1, r0
100065d0:	8161      	strh	r1, [r4, #10]
100065d2:	428b      	cmp	r3, r1
100065d4:	d803      	bhi.n	100065de <tu_fifo_read+0x46>
100065d6:	1ac9      	subs	r1, r1, r3
100065d8:	b289      	uxth	r1, r1
100065da:	428b      	cmp	r3, r1
100065dc:	d9fb      	bls.n	100065d6 <tu_fifo_read+0x3e>
100065de:	88e2      	ldrh	r2, [r4, #6]
100065e0:	6823      	ldr	r3, [r4, #0]
100065e2:	0452      	lsls	r2, r2, #17
100065e4:	0c52      	lsrs	r2, r2, #17
100065e6:	4351      	muls	r1, r2
100065e8:	0028      	movs	r0, r5
100065ea:	1859      	adds	r1, r3, r1
100065ec:	f7fc fa96 	bl	10002b1c <__wrap___aeabi_memcpy>
100065f0:	8961      	ldrh	r1, [r4, #10]
100065f2:	2501      	movs	r5, #1
100065f4:	1c4a      	adds	r2, r1, #1
100065f6:	b292      	uxth	r2, r2
100065f8:	88a3      	ldrh	r3, [r4, #4]
100065fa:	4291      	cmp	r1, r2
100065fc:	d90d      	bls.n	1000661a <tu_fifo_read+0x82>
100065fe:	2200      	movs	r2, #0
10006600:	005b      	lsls	r3, r3, #1
10006602:	1ad2      	subs	r2, r2, r3
10006604:	6920      	ldr	r0, [r4, #16]
10006606:	8162      	strh	r2, [r4, #10]
10006608:	2800      	cmp	r0, #0
1000660a:	d001      	beq.n	10006610 <tu_fifo_read+0x78>
1000660c:	f000 fa5c 	bl	10006ac8 <__mutex_exit_veneer>
10006610:	0028      	movs	r0, r5
10006612:	bd70      	pop	{r4, r5, r6, pc}
10006614:	2500      	movs	r5, #0
10006616:	8962      	ldrh	r2, [r4, #10]
10006618:	b292      	uxth	r2, r2
1000661a:	005b      	lsls	r3, r3, #1
1000661c:	429a      	cmp	r2, r3
1000661e:	dbf1      	blt.n	10006604 <tu_fifo_read+0x6c>
10006620:	e7ef      	b.n	10006602 <tu_fifo_read+0x6a>
10006622:	005a      	lsls	r2, r3, #1
10006624:	1a52      	subs	r2, r2, r1
10006626:	1882      	adds	r2, r0, r2
10006628:	b292      	uxth	r2, r2
1000662a:	e7c9      	b.n	100065c0 <tu_fifo_read+0x28>
1000662c:	18c0      	adds	r0, r0, r3
1000662e:	b281      	uxth	r1, r0
10006630:	8161      	strh	r1, [r4, #10]
10006632:	e7ce      	b.n	100065d2 <tu_fifo_read+0x3a>

10006634 <tu_fifo_read_n>:
10006634:	b5f0      	push	{r4, r5, r6, r7, lr}
10006636:	4646      	mov	r6, r8
10006638:	46d6      	mov	lr, sl
1000663a:	464f      	mov	r7, r9
1000663c:	b5c0      	push	{r6, r7, lr}
1000663e:	0006      	movs	r6, r0
10006640:	6900      	ldr	r0, [r0, #16]
10006642:	468a      	mov	sl, r1
10006644:	4690      	mov	r8, r2
10006646:	b082      	sub	sp, #8
10006648:	2800      	cmp	r0, #0
1000664a:	d003      	beq.n	10006654 <tu_fifo_read_n+0x20>
1000664c:	2101      	movs	r1, #1
1000664e:	4249      	negs	r1, r1
10006650:	f000 fa32 	bl	10006ab8 <__mutex_enter_timeout_ms_veneer>
10006654:	8931      	ldrh	r1, [r6, #8]
10006656:	8972      	ldrh	r2, [r6, #10]
10006658:	88b5      	ldrh	r5, [r6, #4]
1000665a:	b28b      	uxth	r3, r1
1000665c:	b294      	uxth	r4, r2
1000665e:	4291      	cmp	r1, r2
10006660:	d355      	bcc.n	1000670e <tu_fifo_read_n+0xda>
10006662:	1b1f      	subs	r7, r3, r4
10006664:	b2bf      	uxth	r7, r7
10006666:	2f00      	cmp	r7, #0
10006668:	d04b      	beq.n	10006702 <tu_fifo_read_n+0xce>
1000666a:	42bd      	cmp	r5, r7
1000666c:	d205      	bcs.n	1000667a <tu_fifo_read_n+0x46>
1000666e:	42ab      	cmp	r3, r5
10006670:	d252      	bcs.n	10006718 <tu_fifo_read_n+0xe4>
10006672:	195b      	adds	r3, r3, r5
10006674:	b29c      	uxth	r4, r3
10006676:	002f      	movs	r7, r5
10006678:	8174      	strh	r4, [r6, #10]
1000667a:	4643      	mov	r3, r8
1000667c:	45b8      	cmp	r8, r7
1000667e:	d83e      	bhi.n	100066fe <tu_fifo_read_n+0xca>
10006680:	b29f      	uxth	r7, r3
10006682:	42a5      	cmp	r5, r4
10006684:	d803      	bhi.n	1000668e <tu_fifo_read_n+0x5a>
10006686:	1b64      	subs	r4, r4, r5
10006688:	b2a4      	uxth	r4, r4
1000668a:	42a5      	cmp	r5, r4
1000668c:	d9fb      	bls.n	10006686 <tu_fifo_read_n+0x52>
1000668e:	88f2      	ldrh	r2, [r6, #6]
10006690:	6831      	ldr	r1, [r6, #0]
10006692:	0452      	lsls	r2, r2, #17
10006694:	0c50      	lsrs	r0, r2, #17
10006696:	0002      	movs	r2, r0
10006698:	4362      	muls	r2, r4
1000669a:	1b2b      	subs	r3, r5, r4
1000669c:	b29b      	uxth	r3, r3
1000669e:	1889      	adds	r1, r1, r2
100066a0:	9001      	str	r0, [sp, #4]
100066a2:	0002      	movs	r2, r0
100066a4:	429f      	cmp	r7, r3
100066a6:	d925      	bls.n	100066f4 <tu_fifo_read_n+0xc0>
100066a8:	4343      	muls	r3, r0
100066aa:	b29b      	uxth	r3, r3
100066ac:	001a      	movs	r2, r3
100066ae:	4650      	mov	r0, sl
100066b0:	4699      	mov	r9, r3
100066b2:	f7fc fa33 	bl	10002b1c <__wrap___aeabi_memcpy>
100066b6:	4650      	mov	r0, sl
100066b8:	9a01      	ldr	r2, [sp, #4]
100066ba:	1b7d      	subs	r5, r7, r5
100066bc:	1964      	adds	r4, r4, r5
100066be:	4354      	muls	r4, r2
100066c0:	6831      	ldr	r1, [r6, #0]
100066c2:	4448      	add	r0, r9
100066c4:	b2a2      	uxth	r2, r4
100066c6:	f7fc fa29 	bl	10002b1c <__wrap___aeabi_memcpy>
100066ca:	8971      	ldrh	r1, [r6, #10]
100066cc:	88b5      	ldrh	r5, [r6, #4]
100066ce:	19cb      	adds	r3, r1, r7
100066d0:	b29b      	uxth	r3, r3
100066d2:	006a      	lsls	r2, r5, #1
100066d4:	4299      	cmp	r1, r3
100066d6:	d916      	bls.n	10006706 <tu_fifo_read_n+0xd2>
100066d8:	1a9b      	subs	r3, r3, r2
100066da:	6930      	ldr	r0, [r6, #16]
100066dc:	8173      	strh	r3, [r6, #10]
100066de:	2800      	cmp	r0, #0
100066e0:	d001      	beq.n	100066e6 <tu_fifo_read_n+0xb2>
100066e2:	f000 f9f1 	bl	10006ac8 <__mutex_exit_veneer>
100066e6:	0038      	movs	r0, r7
100066e8:	b002      	add	sp, #8
100066ea:	bce0      	pop	{r5, r6, r7}
100066ec:	46ba      	mov	sl, r7
100066ee:	46b1      	mov	r9, r6
100066f0:	46a8      	mov	r8, r5
100066f2:	bdf0      	pop	{r4, r5, r6, r7, pc}
100066f4:	4650      	mov	r0, sl
100066f6:	437a      	muls	r2, r7
100066f8:	f7fc fa10 	bl	10002b1c <__wrap___aeabi_memcpy>
100066fc:	e7e5      	b.n	100066ca <tu_fifo_read_n+0x96>
100066fe:	1c3b      	adds	r3, r7, #0
10006700:	e7be      	b.n	10006680 <tu_fifo_read_n+0x4c>
10006702:	8973      	ldrh	r3, [r6, #10]
10006704:	b29b      	uxth	r3, r3
10006706:	006a      	lsls	r2, r5, #1
10006708:	4293      	cmp	r3, r2
1000670a:	dbe6      	blt.n	100066da <tu_fifo_read_n+0xa6>
1000670c:	e7e4      	b.n	100066d8 <tu_fifo_read_n+0xa4>
1000670e:	006f      	lsls	r7, r5, #1
10006710:	1b3f      	subs	r7, r7, r4
10006712:	19df      	adds	r7, r3, r7
10006714:	b2bf      	uxth	r7, r7
10006716:	e7a6      	b.n	10006666 <tu_fifo_read_n+0x32>
10006718:	1b5b      	subs	r3, r3, r5
1000671a:	b29c      	uxth	r4, r3
1000671c:	e7ab      	b.n	10006676 <tu_fifo_read_n+0x42>
1000671e:	46c0      	nop			@ (mov r8, r8)

10006720 <tu_fifo_write>:
10006720:	b5f8      	push	{r3, r4, r5, r6, r7, lr}
10006722:	0004      	movs	r4, r0
10006724:	68c0      	ldr	r0, [r0, #12]
10006726:	000f      	movs	r7, r1
10006728:	2800      	cmp	r0, #0
1000672a:	d003      	beq.n	10006734 <tu_fifo_write+0x14>
1000672c:	2101      	movs	r1, #1
1000672e:	4249      	negs	r1, r1
10006730:	f000 f9c2 	bl	10006ab8 <__mutex_enter_timeout_ms_veneer>
10006734:	8925      	ldrh	r5, [r4, #8]
10006736:	8920      	ldrh	r0, [r4, #8]
10006738:	8961      	ldrh	r1, [r4, #10]
1000673a:	88a2      	ldrh	r2, [r4, #4]
1000673c:	b2ad      	uxth	r5, r5
1000673e:	b283      	uxth	r3, r0
10006740:	b28e      	uxth	r6, r1
10006742:	4288      	cmp	r0, r1
10006744:	d328      	bcc.n	10006798 <tu_fifo_write+0x78>
10006746:	1b9b      	subs	r3, r3, r6
10006748:	b29b      	uxth	r3, r3
1000674a:	429a      	cmp	r2, r3
1000674c:	d809      	bhi.n	10006762 <tu_fifo_write+0x42>
1000674e:	79e6      	ldrb	r6, [r4, #7]
10006750:	09f6      	lsrs	r6, r6, #7
10006752:	d106      	bne.n	10006762 <tu_fifo_write+0x42>
10006754:	68e0      	ldr	r0, [r4, #12]
10006756:	2800      	cmp	r0, #0
10006758:	d001      	beq.n	1000675e <tu_fifo_write+0x3e>
1000675a:	f000 f9b5 	bl	10006ac8 <__mutex_exit_veneer>
1000675e:	0030      	movs	r0, r6
10006760:	bdf8      	pop	{r3, r4, r5, r6, r7, pc}
10006762:	002b      	movs	r3, r5
10006764:	4295      	cmp	r5, r2
10006766:	d31c      	bcc.n	100067a2 <tu_fifo_write+0x82>
10006768:	1a9b      	subs	r3, r3, r2
1000676a:	b29b      	uxth	r3, r3
1000676c:	4293      	cmp	r3, r2
1000676e:	d2fb      	bcs.n	10006768 <tu_fifo_write+0x48>
10006770:	88e2      	ldrh	r2, [r4, #6]
10006772:	6820      	ldr	r0, [r4, #0]
10006774:	0452      	lsls	r2, r2, #17
10006776:	0c52      	lsrs	r2, r2, #17
10006778:	4353      	muls	r3, r2
1000677a:	0039      	movs	r1, r7
1000677c:	18c0      	adds	r0, r0, r3
1000677e:	f7fc f9cd 	bl	10002b1c <__wrap___aeabi_memcpy>
10006782:	1c6b      	adds	r3, r5, #1
10006784:	b29b      	uxth	r3, r3
10006786:	88a2      	ldrh	r2, [r4, #4]
10006788:	429d      	cmp	r5, r3
1000678a:	d916      	bls.n	100067ba <tu_fifo_write+0x9a>
1000678c:	2300      	movs	r3, #0
1000678e:	0052      	lsls	r2, r2, #1
10006790:	1a9b      	subs	r3, r3, r2
10006792:	2601      	movs	r6, #1
10006794:	8123      	strh	r3, [r4, #8]
10006796:	e7dd      	b.n	10006754 <tu_fifo_write+0x34>
10006798:	0051      	lsls	r1, r2, #1
1000679a:	1b89      	subs	r1, r1, r6
1000679c:	185b      	adds	r3, r3, r1
1000679e:	b29b      	uxth	r3, r3
100067a0:	e7d3      	b.n	1000674a <tu_fifo_write+0x2a>
100067a2:	88e2      	ldrh	r2, [r4, #6]
100067a4:	6820      	ldr	r0, [r4, #0]
100067a6:	0452      	lsls	r2, r2, #17
100067a8:	0c52      	lsrs	r2, r2, #17
100067aa:	4353      	muls	r3, r2
100067ac:	0039      	movs	r1, r7
100067ae:	18c0      	adds	r0, r0, r3
100067b0:	f7fc f9b4 	bl	10002b1c <__wrap___aeabi_memcpy>
100067b4:	3501      	adds	r5, #1
100067b6:	88a2      	ldrh	r2, [r4, #4]
100067b8:	b2ab      	uxth	r3, r5
100067ba:	0052      	lsls	r2, r2, #1
100067bc:	4293      	cmp	r3, r2
100067be:	dbe8      	blt.n	10006792 <tu_fifo_write+0x72>
100067c0:	e7e6      	b.n	10006790 <tu_fifo_write+0x70>
100067c2:	46c0      	nop			@ (mov r8, r8)

100067c4 <tu_fifo_write_n>:
100067c4:	b5f0      	push	{r4, r5, r6, r7, lr}
100067c6:	464e      	mov	r6, r9
100067c8:	4645      	mov	r5, r8
100067ca:	46de      	mov	lr, fp
100067cc:	4657      	mov	r7, sl
100067ce:	b5e0      	push	{r5, r6, r7, lr}
100067d0:	4689      	mov	r9, r1
100067d2:	0005      	movs	r5, r0
100067d4:	0016      	movs	r6, r2
100067d6:	b083      	sub	sp, #12
100067d8:	2a00      	cmp	r2, #0
100067da:	d06b      	beq.n	100068b4 <tu_fifo_write_n+0xf0>
100067dc:	68c0      	ldr	r0, [r0, #12]
100067de:	2800      	cmp	r0, #0
100067e0:	d003      	beq.n	100067ea <tu_fifo_write_n+0x26>
100067e2:	2101      	movs	r1, #1
100067e4:	4249      	negs	r1, r1
100067e6:	f000 f967 	bl	10006ab8 <__mutex_enter_timeout_ms_veneer>
100067ea:	892f      	ldrh	r7, [r5, #8]
100067ec:	79ea      	ldrb	r2, [r5, #7]
100067ee:	b2bb      	uxth	r3, r7
100067f0:	4698      	mov	r8, r3
100067f2:	896b      	ldrh	r3, [r5, #10]
100067f4:	88af      	ldrh	r7, [r5, #4]
100067f6:	b29b      	uxth	r3, r3
100067f8:	09d2      	lsrs	r2, r2, #7
100067fa:	d13d      	bne.n	10006878 <tu_fifo_write_n+0xb4>
100067fc:	4598      	cmp	r8, r3
100067fe:	d262      	bcs.n	100068c6 <tu_fifo_write_n+0x102>
10006800:	007a      	lsls	r2, r7, #1
10006802:	1ad3      	subs	r3, r2, r3
10006804:	4443      	add	r3, r8
10006806:	b29b      	uxth	r3, r3
10006808:	42bb      	cmp	r3, r7
1000680a:	d261      	bcs.n	100068d0 <tu_fifo_write_n+0x10c>
1000680c:	1afb      	subs	r3, r7, r3
1000680e:	1c1a      	adds	r2, r3, #0
10006810:	b29b      	uxth	r3, r3
10006812:	42b3      	cmp	r3, r6
10006814:	d900      	bls.n	10006818 <tu_fifo_write_n+0x54>
10006816:	1c32      	adds	r2, r6, #0
10006818:	b296      	uxth	r6, r2
1000681a:	1bf3      	subs	r3, r6, r7
1000681c:	9301      	str	r3, [sp, #4]
1000681e:	4643      	mov	r3, r8
10006820:	18f3      	adds	r3, r6, r3
10006822:	b29b      	uxth	r3, r3
10006824:	469b      	mov	fp, r3
10006826:	88ea      	ldrh	r2, [r5, #6]
10006828:	4644      	mov	r4, r8
1000682a:	45b8      	cmp	r8, r7
1000682c:	d303      	bcc.n	10006836 <tu_fifo_write_n+0x72>
1000682e:	1be4      	subs	r4, r4, r7
10006830:	b2a4      	uxth	r4, r4
10006832:	42bc      	cmp	r4, r7
10006834:	d2fb      	bcs.n	1000682e <tu_fifo_write_n+0x6a>
10006836:	0452      	lsls	r2, r2, #17
10006838:	1b3b      	subs	r3, r7, r4
1000683a:	0c57      	lsrs	r7, r2, #17
1000683c:	003a      	movs	r2, r7
1000683e:	4362      	muls	r2, r4
10006840:	6828      	ldr	r0, [r5, #0]
10006842:	b29b      	uxth	r3, r3
10006844:	1880      	adds	r0, r0, r2
10006846:	42b3      	cmp	r3, r6
10006848:	d356      	bcc.n	100068f8 <tu_fifo_write_n+0x134>
1000684a:	003a      	movs	r2, r7
1000684c:	4649      	mov	r1, r9
1000684e:	4372      	muls	r2, r6
10006850:	f7fc f964 	bl	10002b1c <__wrap___aeabi_memcpy>
10006854:	88ab      	ldrh	r3, [r5, #4]
10006856:	005b      	lsls	r3, r3, #1
10006858:	45d8      	cmp	r8, fp
1000685a:	d801      	bhi.n	10006860 <tu_fifo_write_n+0x9c>
1000685c:	459b      	cmp	fp, r3
1000685e:	db02      	blt.n	10006866 <tu_fifo_write_n+0xa2>
10006860:	465a      	mov	r2, fp
10006862:	1ad3      	subs	r3, r2, r3
10006864:	469b      	mov	fp, r3
10006866:	465b      	mov	r3, fp
10006868:	0037      	movs	r7, r6
1000686a:	812b      	strh	r3, [r5, #8]
1000686c:	68e8      	ldr	r0, [r5, #12]
1000686e:	2800      	cmp	r0, #0
10006870:	d021      	beq.n	100068b6 <tu_fifo_write_n+0xf2>
10006872:	f000 f929 	bl	10006ac8 <__mutex_exit_veneer>
10006876:	e01e      	b.n	100068b6 <tu_fifo_write_n+0xf2>
10006878:	42be      	cmp	r6, r7
1000687a:	d22b      	bcs.n	100068d4 <tu_fifo_write_n+0x110>
1000687c:	4598      	cmp	r8, r3
1000687e:	d34c      	bcc.n	1000691a <tu_fifo_write_n+0x156>
10006880:	4642      	mov	r2, r8
10006882:	1ad2      	subs	r2, r2, r3
10006884:	b292      	uxth	r2, r2
10006886:	0079      	lsls	r1, r7, #1
10006888:	1bf0      	subs	r0, r6, r7
1000688a:	1992      	adds	r2, r2, r6
1000688c:	9001      	str	r0, [sp, #4]
1000688e:	428a      	cmp	r2, r1
10006890:	dbc5      	blt.n	1000681e <tu_fifo_write_n+0x5a>
10006892:	19da      	adds	r2, r3, r7
10006894:	b292      	uxth	r2, r2
10006896:	4693      	mov	fp, r2
10006898:	1b92      	subs	r2, r2, r6
1000689a:	b292      	uxth	r2, r2
1000689c:	4690      	mov	r8, r2
1000689e:	4293      	cmp	r3, r2
100068a0:	d940      	bls.n	10006924 <tu_fifo_write_n+0x160>
100068a2:	4643      	mov	r3, r8
100068a4:	1a59      	subs	r1, r3, r1
100068a6:	b28b      	uxth	r3, r1
100068a8:	4698      	mov	r8, r3
100068aa:	18f3      	adds	r3, r6, r3
100068ac:	b29b      	uxth	r3, r3
100068ae:	469b      	mov	fp, r3
100068b0:	88ea      	ldrh	r2, [r5, #6]
100068b2:	e7b9      	b.n	10006828 <tu_fifo_write_n+0x64>
100068b4:	2700      	movs	r7, #0
100068b6:	0038      	movs	r0, r7
100068b8:	b003      	add	sp, #12
100068ba:	bcf0      	pop	{r4, r5, r6, r7}
100068bc:	46bb      	mov	fp, r7
100068be:	46b2      	mov	sl, r6
100068c0:	46a9      	mov	r9, r5
100068c2:	46a0      	mov	r8, r4
100068c4:	bdf0      	pop	{r4, r5, r6, r7, pc}
100068c6:	4642      	mov	r2, r8
100068c8:	1ad3      	subs	r3, r2, r3
100068ca:	b29b      	uxth	r3, r3
100068cc:	42bb      	cmp	r3, r7
100068ce:	d39d      	bcc.n	1000680c <tu_fifo_write_n+0x48>
100068d0:	2700      	movs	r7, #0
100068d2:	e7cb      	b.n	1000686c <tu_fifo_write_n+0xa8>
100068d4:	2f00      	cmp	r7, #0
100068d6:	d0c9      	beq.n	1000686c <tu_fifo_write_n+0xa8>
100068d8:	46cc      	mov	ip, r9
100068da:	88ea      	ldrh	r2, [r5, #6]
100068dc:	1bf6      	subs	r6, r6, r7
100068de:	0451      	lsls	r1, r2, #17
100068e0:	0c49      	lsrs	r1, r1, #17
100068e2:	4371      	muls	r1, r6
100068e4:	4698      	mov	r8, r3
100068e6:	448c      	add	ip, r1
100068e8:	19d9      	adds	r1, r3, r7
100068ea:	2300      	movs	r3, #0
100068ec:	b289      	uxth	r1, r1
100068ee:	46e1      	mov	r9, ip
100068f0:	468b      	mov	fp, r1
100068f2:	003e      	movs	r6, r7
100068f4:	9301      	str	r3, [sp, #4]
100068f6:	e797      	b.n	10006828 <tu_fifo_write_n+0x64>
100068f8:	437b      	muls	r3, r7
100068fa:	b29b      	uxth	r3, r3
100068fc:	001a      	movs	r2, r3
100068fe:	4649      	mov	r1, r9
10006900:	469a      	mov	sl, r3
10006902:	f7fc f90b 	bl	10002b1c <__wrap___aeabi_memcpy>
10006906:	4649      	mov	r1, r9
10006908:	9b01      	ldr	r3, [sp, #4]
1000690a:	6828      	ldr	r0, [r5, #0]
1000690c:	18e2      	adds	r2, r4, r3
1000690e:	437a      	muls	r2, r7
10006910:	4451      	add	r1, sl
10006912:	b292      	uxth	r2, r2
10006914:	f7fc f902 	bl	10002b1c <__wrap___aeabi_memcpy>
10006918:	e79c      	b.n	10006854 <tu_fifo_write_n+0x90>
1000691a:	0079      	lsls	r1, r7, #1
1000691c:	1aca      	subs	r2, r1, r3
1000691e:	4442      	add	r2, r8
10006920:	b292      	uxth	r2, r2
10006922:	e7b1      	b.n	10006888 <tu_fifo_write_n+0xc4>
10006924:	4291      	cmp	r1, r2
10006926:	ddbc      	ble.n	100068a2 <tu_fifo_write_n+0xde>
10006928:	e7c2      	b.n	100068b0 <tu_fifo_write_n+0xec>
1000692a:	46c0      	nop			@ (mov r8, r8)

1000692c <tu_fifo_clear>:
1000692c:	b510      	push	{r4, lr}
1000692e:	0004      	movs	r4, r0
10006930:	68c0      	ldr	r0, [r0, #12]
10006932:	2800      	cmp	r0, #0
10006934:	d003      	beq.n	1000693e <tu_fifo_clear+0x12>
10006936:	2101      	movs	r1, #1
10006938:	4249      	negs	r1, r1
1000693a:	f000 f8bd 	bl	10006ab8 <__mutex_enter_timeout_ms_veneer>
1000693e:	6920      	ldr	r0, [r4, #16]
10006940:	2800      	cmp	r0, #0
10006942:	d003      	beq.n	1000694c <tu_fifo_clear+0x20>
10006944:	2101      	movs	r1, #1
10006946:	4249      	negs	r1, r1
10006948:	f000 f8b6 	bl	10006ab8 <__mutex_enter_timeout_ms_veneer>
1000694c:	2300      	movs	r3, #0
1000694e:	68e0      	ldr	r0, [r4, #12]
10006950:	8163      	strh	r3, [r4, #10]
10006952:	8123      	strh	r3, [r4, #8]
10006954:	2800      	cmp	r0, #0
10006956:	d001      	beq.n	1000695c <tu_fifo_clear+0x30>
10006958:	f000 f8b6 	bl	10006ac8 <__mutex_exit_veneer>
1000695c:	6920      	ldr	r0, [r4, #16]
1000695e:	2800      	cmp	r0, #0
10006960:	d001      	beq.n	10006966 <tu_fifo_clear+0x3a>
10006962:	f000 f8b1 	bl	10006ac8 <__mutex_exit_veneer>
10006966:	2001      	movs	r0, #1
10006968:	bd10      	pop	{r4, pc}
1000696a:	46c0      	nop			@ (mov r8, r8)

1000696c <tu_fifo_set_overwritable>:
1000696c:	b570      	push	{r4, r5, r6, lr}
1000696e:	0004      	movs	r4, r0
10006970:	68c0      	ldr	r0, [r0, #12]
10006972:	000d      	movs	r5, r1
10006974:	2800      	cmp	r0, #0
10006976:	d003      	beq.n	10006980 <tu_fifo_set_overwritable+0x14>
10006978:	2101      	movs	r1, #1
1000697a:	4249      	negs	r1, r1
1000697c:	f000 f89c 	bl	10006ab8 <__mutex_enter_timeout_ms_veneer>
10006980:	6920      	ldr	r0, [r4, #16]
10006982:	2800      	cmp	r0, #0
10006984:	d003      	beq.n	1000698e <tu_fifo_set_overwritable+0x22>
10006986:	2101      	movs	r1, #1
10006988:	4249      	negs	r1, r1
1000698a:	f000 f895 	bl	10006ab8 <__mutex_enter_timeout_ms_veneer>
1000698e:	217f      	movs	r1, #127	@ 0x7f
10006990:	79e2      	ldrb	r2, [r4, #7]
10006992:	01eb      	lsls	r3, r5, #7
10006994:	4011      	ands	r1, r2
10006996:	68e0      	ldr	r0, [r4, #12]
10006998:	4319      	orrs	r1, r3
1000699a:	71e1      	strb	r1, [r4, #7]
1000699c:	2800      	cmp	r0, #0
1000699e:	d001      	beq.n	100069a4 <tu_fifo_set_overwritable+0x38>
100069a0:	f000 f892 	bl	10006ac8 <__mutex_exit_veneer>
100069a4:	6920      	ldr	r0, [r4, #16]
100069a6:	2800      	cmp	r0, #0
100069a8:	d001      	beq.n	100069ae <tu_fifo_set_overwritable+0x42>
100069aa:	f000 f88d 	bl	10006ac8 <__mutex_exit_veneer>
100069ae:	2001      	movs	r0, #1
100069b0:	bd70      	pop	{r4, r5, r6, pc}
100069b2:	46c0      	nop			@ (mov r8, r8)

100069b4 <strlen>:
100069b4:	0003      	movs	r3, r0
100069b6:	4684      	mov	ip, r0
100069b8:	079b      	lsls	r3, r3, #30
100069ba:	d00b      	beq.n	100069d4 <strlen+0x20>
100069bc:	0003      	movs	r3, r0
100069be:	2103      	movs	r1, #3
100069c0:	e002      	b.n	100069c8 <strlen+0x14>
100069c2:	3301      	adds	r3, #1
100069c4:	420b      	tst	r3, r1
100069c6:	d006      	beq.n	100069d6 <strlen+0x22>
100069c8:	781a      	ldrb	r2, [r3, #0]
100069ca:	2a00      	cmp	r2, #0
100069cc:	d1f9      	bne.n	100069c2 <strlen+0xe>
100069ce:	4662      	mov	r2, ip
100069d0:	1a98      	subs	r0, r3, r2
100069d2:	4770      	bx	lr
100069d4:	0003      	movs	r3, r0
100069d6:	6819      	ldr	r1, [r3, #0]
100069d8:	4a0c      	ldr	r2, [pc, #48]	@ (10006a0c <strlen+0x58>)
100069da:	480d      	ldr	r0, [pc, #52]	@ (10006a10 <strlen+0x5c>)
100069dc:	188a      	adds	r2, r1, r2
100069de:	438a      	bics	r2, r1
100069e0:	4202      	tst	r2, r0
100069e2:	d10f      	bne.n	10006a04 <strlen+0x50>
100069e4:	6859      	ldr	r1, [r3, #4]
100069e6:	4a09      	ldr	r2, [pc, #36]	@ (10006a0c <strlen+0x58>)
100069e8:	3304      	adds	r3, #4
100069ea:	188a      	adds	r2, r1, r2
100069ec:	438a      	bics	r2, r1
100069ee:	4202      	tst	r2, r0
100069f0:	d108      	bne.n	10006a04 <strlen+0x50>
100069f2:	6859      	ldr	r1, [r3, #4]
100069f4:	4a05      	ldr	r2, [pc, #20]	@ (10006a0c <strlen+0x58>)
100069f6:	3304      	adds	r3, #4
100069f8:	188a      	adds	r2, r1, r2
100069fa:	438a      	bics	r2, r1
100069fc:	4202      	tst	r2, r0
100069fe:	d0f1      	beq.n	100069e4 <strlen+0x30>
10006a00:	e000      	b.n	10006a04 <strlen+0x50>
10006a02:	3301      	adds	r3, #1
10006a04:	781a      	ldrb	r2, [r3, #0]
10006a06:	2a00      	cmp	r2, #0
10006a08:	d1fb      	bne.n	10006a02 <strlen+0x4e>
10006a0a:	e7e0      	b.n	100069ce <strlen+0x1a>
10006a0c:	fefefeff 	.word	0xfefefeff
10006a10:	80808080 	.word	0x80808080
10006a14:	00000000 	.word	0x00000000

10006a18 <__hw_endpoint_start_next_buffer_veneer>:
10006a18:	b401      	push	{r0}
10006a1a:	4802      	ldr	r0, [pc, #8]	@ (10006a24 <__hw_endpoint_start_next_buffer_veneer+0xc>)
10006a1c:	4684      	mov	ip, r0
10006a1e:	bc01      	pop	{r0}
10006a20:	4760      	bx	ip
10006a22:	bf00      	nop
10006a24:	20000c3d 	.word	0x20000c3d

10006a28 <__reset_non_control_endpoints_veneer>:
10006a28:	b401      	push	{r0}
10006a2a:	4802      	ldr	r0, [pc, #8]	@ (10006a34 <__reset_non_control_endpoints_veneer+0xc>)
10006a2c:	4684      	mov	ip, r0
10006a2e:	bc01      	pop	{r0}
10006a30:	4760      	bx	ip
10006a32:	bf00      	nop
10006a34:	200003d1 	.word	0x200003d1

10006a38 <____aeabi_ldiv0_veneer>:
10006a38:	b401      	push	{r0}
10006a3a:	4802      	ldr	r0, [pc, #8]	@ (10006a44 <____aeabi_ldiv0_veneer+0xc>)
10006a3c:	4684      	mov	ip, r0
10006a3e:	bc01      	pop	{r0}
10006a40:	4760      	bx	ip
10006a42:	bf00      	nop
10006a44:	20000eb9 	.word	0x20000eb9

10006a48 <__mutex_try_enter_block_until_veneer>:
10006a48:	b401      	push	{r0}
10006a4a:	4802      	ldr	r0, [pc, #8]	@ (10006a54 <__mutex_try_enter_block_until_veneer+0xc>)
10006a4c:	4684      	mov	ip, r0
10006a4e:	bc01      	pop	{r0}
10006a50:	4760      	bx	ip
10006a52:	bf00      	nop
10006a54:	20000165 	.word	0x20000165

10006a58 <___hw_endpoint_buffer_control_update32_veneer>:
10006a58:	b401      	push	{r0}
10006a5a:	4802      	ldr	r0, [pc, #8]	@ (10006a64 <___hw_endpoint_buffer_control_update32_veneer+0xc>)
10006a5c:	4684      	mov	ip, r0
10006a5e:	bc01      	pop	{r0}
10006a60:	4760      	bx	ip
10006a62:	bf00      	nop
10006a64:	20000bed 	.word	0x20000bed

10006a68 <____aeabi_idiv0_veneer>:
10006a68:	b401      	push	{r0}
10006a6a:	4802      	ldr	r0, [pc, #8]	@ (10006a74 <____aeabi_idiv0_veneer+0xc>)
10006a6c:	4684      	mov	ip, r0
10006a6e:	bc01      	pop	{r0}
10006a70:	4760      	bx	ip
10006a72:	bf00      	nop
10006a74:	20000eb9 	.word	0x20000eb9

10006a78 <__flash_do_cmd_cs_veneer>:
10006a78:	b401      	push	{r0}
10006a7a:	4802      	ldr	r0, [pc, #8]	@ (10006a84 <__flash_do_cmd_cs_veneer+0xc>)
10006a7c:	4684      	mov	ip, r0
10006a7e:	bc01      	pop	{r0}
10006a80:	4760      	bx	ip
10006a82:	bf00      	nop
10006a84:	20000289 	.word	0x20000289

10006a88 <__e15_is_critical_frame_period_veneer>:
10006a88:	b401      	push	{r0}
10006a8a:	4802      	ldr	r0, [pc, #8]	@ (10006a94 <__e15_is_critical_frame_period_veneer+0xc>)
10006a8c:	4684      	mov	ip, r0
10006a8e:	bc01      	pop	{r0}
10006a90:	4760      	bx	ip
10006a92:	bf00      	nop
10006a94:	20000bb1 	.word	0x20000bb1

10006a98 <__mutex_try_enter_veneer>:
10006a98:	b401      	push	{r0}
10006a9a:	4802      	ldr	r0, [pc, #8]	@ (10006aa4 <__mutex_try_enter_veneer+0xc>)
10006a9c:	4684      	mov	ip, r0
10006a9e:	bc01      	pop	{r0}
10006aa0:	4760      	bx	ip
10006aa2:	bf00      	nop
10006aa4:	200000c1 	.word	0x200000c1

10006aa8 <__e15_is_bulkin_ep_veneer>:
10006aa8:	b401      	push	{r0}
10006aaa:	4802      	ldr	r0, [pc, #8]	@ (10006ab4 <__e15_is_bulkin_ep_veneer+0xc>)
10006aac:	4684      	mov	ip, r0
10006aae:	bc01      	pop	{r0}
10006ab0:	4760      	bx	ip
10006ab2:	bf00      	nop
10006ab4:	20000b89 	.word	0x20000b89

10006ab8 <__mutex_enter_timeout_ms_veneer>:
10006ab8:	b401      	push	{r0}
10006aba:	4802      	ldr	r0, [pc, #8]	@ (10006ac4 <__mutex_enter_timeout_ms_veneer+0xc>)
10006abc:	4684      	mov	ip, r0
10006abe:	bc01      	pop	{r0}
10006ac0:	4760      	bx	ip
10006ac2:	bf00      	nop
10006ac4:	20000199 	.word	0x20000199

10006ac8 <__mutex_exit_veneer>:
10006ac8:	b401      	push	{r0}
10006aca:	4802      	ldr	r0, [pc, #8]	@ (10006ad4 <__mutex_exit_veneer+0xc>)
10006acc:	4684      	mov	ip, r0
10006ace:	bc01      	pop	{r0}
10006ad0:	4760      	bx	ip
10006ad2:	bf00      	nop
10006ad4:	200001d5 	.word	0x200001d5

10006ad8 <__pre_init_runtime_init_early_resets>:
10006ad8:	10001b81                                ....

10006adc <__pre_init_runtime_init_usb_power_down>:
10006adc:	10001bad 10001d91 10002b01 10002435     .........+..5$..
10006aec:	10002a6d                                m*..

10006af0 <__pre_init_runtime_init_clocks>:
10006af0:	10001cb9                                ....

10006af4 <__pre_init_runtime_init_post_clock_resets>:
10006af4:	10001bc9                                ....

10006af8 <__pre_init_runtime_init_rp2040_gpio_ie_disable>:
10006af8:	10001be9                                ....

10006afc <__pre_init_runtime_init_spin_locks_reset>:
10006afc:	10001bfd                                ....

10006b00 <__pre_init_runtime_init_mutex>:
10006b00:	10000e45                                E...

10006b04 <__pre_init_runtime_init_install_ram_vector_table>:
10006b04:	10001c05                                ....

10006b08 <__pre_init_runtime_init_default_alarm_pool>:
10006b08:	10001205                                ....

10006b0c <__pre_init_first_per_core_initializer>:
10006b0c:	10001b49                                I...

10006b10 <__pre_init_runtime_init_per_core_irq_priorities>:
10006b10:	100008c5                                ....

10006b14 <__init_array_start>:
10006b14:	10004b39 	.word	0x10004b39

Disassembly of section .data:

200000c0 <mutex_try_enter>:
200000c0:	0003      	movs	r3, r0
200000c2:	6800      	ldr	r0, [r0, #0]
200000c4:	f3ef 8c10 	mrs	ip, PRIMASK
200000c8:	b672      	cpsid	i
200000ca:	6802      	ldr	r2, [r0, #0]
200000cc:	2a00      	cmp	r2, #0
200000ce:	d0fc      	beq.n	200000ca <mutex_try_enter+0xa>
200000d0:	f3bf 8f5f 	dmb	sy
200000d4:	2204      	movs	r2, #4
200000d6:	569a      	ldrsb	r2, [r3, r2]
200000d8:	2a00      	cmp	r2, #0
200000da:	db0b      	blt.n	200000f4 <mutex_try_enter+0x34>
200000dc:	2900      	cmp	r1, #0
200000de:	d000      	beq.n	200000e2 <mutex_try_enter+0x22>
200000e0:	600a      	str	r2, [r1, #0]
200000e2:	2000      	movs	r0, #0
200000e4:	681b      	ldr	r3, [r3, #0]
200000e6:	f3bf 8f5f 	dmb	sy
200000ea:	2200      	movs	r2, #0
200000ec:	601a      	str	r2, [r3, #0]
200000ee:	f38c 8810 	msr	PRIMASK, ip
200000f2:	4770      	bx	lr
200000f4:	22d0      	movs	r2, #208	@ 0xd0
200000f6:	0612      	lsls	r2, r2, #24
200000f8:	6812      	ldr	r2, [r2, #0]
200000fa:	2001      	movs	r0, #1
200000fc:	711a      	strb	r2, [r3, #4]
200000fe:	e7f1      	b.n	200000e4 <mutex_try_enter+0x24>

20000100 <mutex_enter_block_until>:
20000100:	b5f0      	push	{r4, r5, r6, r7, lr}
20000102:	001f      	movs	r7, r3
20000104:	23d0      	movs	r3, #208	@ 0xd0
20000106:	46c6      	mov	lr, r8
20000108:	061b      	lsls	r3, r3, #24
2000010a:	681b      	ldr	r3, [r3, #0]
2000010c:	0004      	movs	r4, r0
2000010e:	0016      	movs	r6, r2
20000110:	4698      	mov	r8, r3
20000112:	2500      	movs	r5, #0
20000114:	b500      	push	{lr}
20000116:	e00a      	b.n	2000012e <mutex_enter_block_until+0x2e>
20000118:	f3bf 8f5f 	dmb	sy
2000011c:	6015      	str	r5, [r2, #0]
2000011e:	f381 8810 	msr	PRIMASK, r1
20000122:	0030      	movs	r0, r6
20000124:	0039      	movs	r1, r7
20000126:	f000 fefb 	bl	20000f20 <__best_effort_wfe_or_timeout_veneer>
2000012a:	2800      	cmp	r0, #0
2000012c:	d118      	bne.n	20000160 <mutex_enter_block_until+0x60>
2000012e:	6822      	ldr	r2, [r4, #0]
20000130:	f3ef 8110 	mrs	r1, PRIMASK
20000134:	b672      	cpsid	i
20000136:	6813      	ldr	r3, [r2, #0]
20000138:	2b00      	cmp	r3, #0
2000013a:	d0fc      	beq.n	20000136 <mutex_enter_block_until+0x36>
2000013c:	f3bf 8f5f 	dmb	sy
20000140:	7923      	ldrb	r3, [r4, #4]
20000142:	6822      	ldr	r2, [r4, #0]
20000144:	2b7f      	cmp	r3, #127	@ 0x7f
20000146:	d9e7      	bls.n	20000118 <mutex_enter_block_until+0x18>
20000148:	4643      	mov	r3, r8
2000014a:	7123      	strb	r3, [r4, #4]
2000014c:	f3bf 8f5f 	dmb	sy
20000150:	2300      	movs	r3, #0
20000152:	6013      	str	r3, [r2, #0]
20000154:	f381 8810 	msr	PRIMASK, r1
20000158:	2001      	movs	r0, #1
2000015a:	bc80      	pop	{r7}
2000015c:	46b8      	mov	r8, r7
2000015e:	bdf0      	pop	{r4, r5, r6, r7, pc}
20000160:	2000      	movs	r0, #0
20000162:	e7fa      	b.n	2000015a <mutex_enter_block_until+0x5a>

20000164 <mutex_try_enter_block_until>:
20000164:	b570      	push	{r4, r5, r6, lr}
20000166:	b082      	sub	sp, #8
20000168:	a901      	add	r1, sp, #4
2000016a:	0006      	movs	r6, r0
2000016c:	0014      	movs	r4, r2
2000016e:	001d      	movs	r5, r3
20000170:	f7ff ffa6 	bl	200000c0 <mutex_try_enter>
20000174:	2800      	cmp	r0, #0
20000176:	d107      	bne.n	20000188 <mutex_try_enter_block_until+0x24>
20000178:	22d0      	movs	r2, #208	@ 0xd0
2000017a:	0612      	lsls	r2, r2, #24
2000017c:	9b01      	ldr	r3, [sp, #4]
2000017e:	7812      	ldrb	r2, [r2, #0]
20000180:	b25b      	sxtb	r3, r3
20000182:	b252      	sxtb	r2, r2
20000184:	4293      	cmp	r3, r2
20000186:	d101      	bne.n	2000018c <mutex_try_enter_block_until+0x28>
20000188:	b002      	add	sp, #8
2000018a:	bd70      	pop	{r4, r5, r6, pc}
2000018c:	0022      	movs	r2, r4
2000018e:	002b      	movs	r3, r5
20000190:	0030      	movs	r0, r6
20000192:	f7ff ffb5 	bl	20000100 <mutex_enter_block_until>
20000196:	e7f7      	b.n	20000188 <mutex_try_enter_block_until+0x24>

20000198 <mutex_enter_timeout_ms>:
20000198:	b5f8      	push	{r3, r4, r5, r6, r7, lr}
2000019a:	000e      	movs	r6, r1
2000019c:	0007      	movs	r7, r0
2000019e:	f000 fec7 	bl	20000f30 <__time_us_64_veneer>
200001a2:	22fa      	movs	r2, #250	@ 0xfa
200001a4:	0004      	movs	r4, r0
200001a6:	000d      	movs	r5, r1
200001a8:	2300      	movs	r3, #0
200001aa:	0092      	lsls	r2, r2, #2
200001ac:	0030      	movs	r0, r6
200001ae:	2100      	movs	r1, #0
200001b0:	f000 feae 	bl	20000f10 <____wrap___aeabi_lmul_veneer>
200001b4:	0022      	movs	r2, r4
200001b6:	002b      	movs	r3, r5
200001b8:	1812      	adds	r2, r2, r0
200001ba:	414b      	adcs	r3, r1
200001bc:	2b00      	cmp	r3, #0
200001be:	da02      	bge.n	200001c6 <mutex_enter_timeout_ms+0x2e>
200001c0:	2201      	movs	r2, #1
200001c2:	4b03      	ldr	r3, [pc, #12]	@ (200001d0 <mutex_enter_timeout_ms+0x38>)
200001c4:	4252      	negs	r2, r2
200001c6:	0038      	movs	r0, r7
200001c8:	f7ff ff9a 	bl	20000100 <mutex_enter_block_until>
200001cc:	bdf8      	pop	{r3, r4, r5, r6, r7, pc}
200001ce:	46c0      	nop			@ (mov r8, r8)
200001d0:	7fffffff 	.word	0x7fffffff

200001d4 <mutex_exit>:
200001d4:	6802      	ldr	r2, [r0, #0]
200001d6:	f3ef 8110 	mrs	r1, PRIMASK
200001da:	b672      	cpsid	i
200001dc:	6813      	ldr	r3, [r2, #0]
200001de:	2b00      	cmp	r3, #0
200001e0:	d0fc      	beq.n	200001dc <mutex_exit+0x8>
200001e2:	f3bf 8f5f 	dmb	sy
200001e6:	23ff      	movs	r3, #255	@ 0xff
200001e8:	7103      	strb	r3, [r0, #4]
200001ea:	6803      	ldr	r3, [r0, #0]
200001ec:	f3bf 8f5f 	dmb	sy
200001f0:	2200      	movs	r2, #0
200001f2:	601a      	str	r2, [r3, #0]
200001f4:	f381 8810 	msr	PRIMASK, r1
200001f8:	bf40      	sev
200001fa:	4770      	bx	lr

200001fc <flash_init_boot2_copyout>:
200001fc:	4b08      	ldr	r3, [pc, #32]	@ (20000220 <flash_init_boot2_copyout+0x24>)
200001fe:	469c      	mov	ip, r3
20000200:	781b      	ldrb	r3, [r3, #0]
20000202:	2b00      	cmp	r3, #0
20000204:	d10b      	bne.n	2000021e <flash_init_boot2_copyout+0x22>
20000206:	2380      	movs	r3, #128	@ 0x80
20000208:	4806      	ldr	r0, [pc, #24]	@ (20000224 <flash_init_boot2_copyout+0x28>)
2000020a:	4907      	ldr	r1, [pc, #28]	@ (20000228 <flash_init_boot2_copyout+0x2c>)
2000020c:	055b      	lsls	r3, r3, #21
2000020e:	681a      	ldr	r2, [r3, #0]
20000210:	50c2      	str	r2, [r0, r3]
20000212:	3304      	adds	r3, #4
20000214:	428b      	cmp	r3, r1
20000216:	d1fa      	bne.n	2000020e <flash_init_boot2_copyout+0x12>
20000218:	2301      	movs	r3, #1
2000021a:	4662      	mov	r2, ip
2000021c:	7013      	strb	r3, [r2, #0]
2000021e:	4770      	bx	lr
20000220:	20001c54 	.word	0x20001c54
20000224:	10001684 	.word	0x10001684
20000228:	10000100 	.word	0x10000100

2000022c <flash_enable_xip_via_boot2>:
2000022c:	b510      	push	{r4, lr}
2000022e:	4b01      	ldr	r3, [pc, #4]	@ (20000234 <flash_enable_xip_via_boot2+0x8>)
20000230:	4798      	blx	r3
20000232:	bd10      	pop	{r4, pc}
20000234:	20001685 	.word	0x20001685

20000238 <flash_save_hardware_state>:
20000238:	4b08      	ldr	r3, [pc, #32]	@ (2000025c <flash_save_hardware_state+0x24>)
2000023a:	685a      	ldr	r2, [r3, #4]
2000023c:	6042      	str	r2, [r0, #4]
2000023e:	689a      	ldr	r2, [r3, #8]
20000240:	6082      	str	r2, [r0, #8]
20000242:	68da      	ldr	r2, [r3, #12]
20000244:	60c2      	str	r2, [r0, #12]
20000246:	691a      	ldr	r2, [r3, #16]
20000248:	6102      	str	r2, [r0, #16]
2000024a:	695a      	ldr	r2, [r3, #20]
2000024c:	6142      	str	r2, [r0, #20]
2000024e:	699b      	ldr	r3, [r3, #24]
20000250:	6183      	str	r3, [r0, #24]
20000252:	23a0      	movs	r3, #160	@ 0xa0
20000254:	055b      	lsls	r3, r3, #21
20000256:	681b      	ldr	r3, [r3, #0]
20000258:	6003      	str	r3, [r0, #0]
2000025a:	4770      	bx	lr
2000025c:	40020000 	.word	0x40020000

20000260 <flash_restore_hardware_state>:
20000260:	6842      	ldr	r2, [r0, #4]
20000262:	4b08      	ldr	r3, [pc, #32]	@ (20000284 <flash_restore_hardware_state+0x24>)
20000264:	605a      	str	r2, [r3, #4]
20000266:	6882      	ldr	r2, [r0, #8]
20000268:	609a      	str	r2, [r3, #8]
2000026a:	68c2      	ldr	r2, [r0, #12]
2000026c:	60da      	str	r2, [r3, #12]
2000026e:	6902      	ldr	r2, [r0, #16]
20000270:	611a      	str	r2, [r3, #16]
20000272:	6942      	ldr	r2, [r0, #20]
20000274:	615a      	str	r2, [r3, #20]
20000276:	6982      	ldr	r2, [r0, #24]
20000278:	619a      	str	r2, [r3, #24]
2000027a:	23a0      	movs	r3, #160	@ 0xa0
2000027c:	6802      	ldr	r2, [r0, #0]
2000027e:	055b      	lsls	r3, r3, #21
20000280:	601a      	str	r2, [r3, #0]
20000282:	4770      	bx	lr
20000284:	40020000 	.word	0x40020000

20000288 <flash_do_cmd_cs>:
20000288:	b5f0      	push	{r4, r5, r6, r7, lr}
2000028a:	46d6      	mov	lr, sl
2000028c:	464f      	mov	r7, r9
2000028e:	4646      	mov	r6, r8
20000290:	2300      	movs	r3, #0
20000292:	b5c0      	push	{r6, r7, lr}
20000294:	2718      	movs	r7, #24
20000296:	b088      	sub	sp, #32
20000298:	001e      	movs	r6, r3
2000029a:	4681      	mov	r9, r0
2000029c:	000d      	movs	r5, r1
2000029e:	8a98      	ldrh	r0, [r3, #20]
200002a0:	4946      	ldr	r1, [pc, #280]	@ (200003bc <flash_do_cmd_cs+0x134>)
200002a2:	883b      	ldrh	r3, [r7, #0]
200002a4:	0014      	movs	r4, r2
200002a6:	4798      	blx	r3
200002a8:	883b      	ldrh	r3, [r7, #0]
200002aa:	4680      	mov	r8, r0
200002ac:	4944      	ldr	r1, [pc, #272]	@ (200003c0 <flash_do_cmd_cs+0x138>)
200002ae:	8ab0      	ldrh	r0, [r6, #20]
200002b0:	4798      	blx	r3
200002b2:	2300      	movs	r3, #0
200002b4:	4943      	ldr	r1, [pc, #268]	@ (200003c4 <flash_do_cmd_cs+0x13c>)
200002b6:	0006      	movs	r6, r0
200002b8:	8a98      	ldrh	r0, [r3, #20]
200002ba:	883b      	ldrh	r3, [r7, #0]
200002bc:	4798      	blx	r3
200002be:	4682      	mov	sl, r0
200002c0:	f7ff ff9c 	bl	200001fc <flash_init_boot2_copyout>
200002c4:	a801      	add	r0, sp, #4
200002c6:	f7ff ffb7 	bl	20000238 <flash_save_hardware_state>
200002ca:	47c0      	blx	r8
200002cc:	47b0      	blx	r6
200002ce:	4b3e      	ldr	r3, [pc, #248]	@ (200003c8 <flash_do_cmd_cs+0x140>)
200002d0:	0021      	movs	r1, r4
200002d2:	681a      	ldr	r2, [r3, #0]
200002d4:	2380      	movs	r3, #128	@ 0x80
200002d6:	009b      	lsls	r3, r3, #2
200002d8:	4053      	eors	r3, r2
200002da:	22c0      	movs	r2, #192	@ 0xc0
200002dc:	0092      	lsls	r2, r2, #2
200002de:	4013      	ands	r3, r2
200002e0:	4a3a      	ldr	r2, [pc, #232]	@ (200003cc <flash_do_cmd_cs+0x144>)
200002e2:	6013      	str	r3, [r2, #0]
200002e4:	2c00      	cmp	r4, #0
200002e6:	d01c      	beq.n	20000322 <flash_do_cmd_cs+0x9a>
200002e8:	2308      	movs	r3, #8
200002ea:	20c0      	movs	r0, #192	@ 0xc0
200002ec:	469c      	mov	ip, r3
200002ee:	0540      	lsls	r0, r0, #21
200002f0:	3f16      	subs	r7, #22
200002f2:	4662      	mov	r2, ip
200002f4:	6a83      	ldr	r3, [r0, #40]	@ 0x28
200002f6:	401a      	ands	r2, r3
200002f8:	421f      	tst	r7, r3
200002fa:	d039      	beq.n	20000370 <flash_do_cmd_cs+0xe8>
200002fc:	1a63      	subs	r3, r4, r1
200002fe:	2900      	cmp	r1, #0
20000300:	d12b      	bne.n	2000035a <flash_do_cmd_cs+0xd2>
20000302:	2a00      	cmp	r2, #0
20000304:	d10b      	bne.n	2000031e <flash_do_cmd_cs+0x96>
20000306:	2c00      	cmp	r4, #0
20000308:	d00b      	beq.n	20000322 <flash_do_cmd_cs+0x9a>
2000030a:	23c0      	movs	r3, #192	@ 0xc0
2000030c:	2208      	movs	r2, #8
2000030e:	2602      	movs	r6, #2
20000310:	055b      	lsls	r3, r3, #21
20000312:	6a9b      	ldr	r3, [r3, #40]	@ 0x28
20000314:	401a      	ands	r2, r3
20000316:	421e      	tst	r6, r3
20000318:	d042      	beq.n	200003a0 <flash_do_cmd_cs+0x118>
2000031a:	2a00      	cmp	r2, #0
2000031c:	d0f5      	beq.n	2000030a <flash_do_cmd_cs+0x82>
2000031e:	2c00      	cmp	r4, #0
20000320:	d130      	bne.n	20000384 <flash_do_cmd_cs+0xfc>
20000322:	4b29      	ldr	r3, [pc, #164]	@ (200003c8 <flash_do_cmd_cs+0x140>)
20000324:	681a      	ldr	r2, [r3, #0]
20000326:	23c0      	movs	r3, #192	@ 0xc0
20000328:	009b      	lsls	r3, r3, #2
2000032a:	4393      	bics	r3, r2
2000032c:	4a27      	ldr	r2, [pc, #156]	@ (200003cc <flash_do_cmd_cs+0x144>)
2000032e:	6013      	str	r3, [r2, #0]
20000330:	47d0      	blx	sl
20000332:	f7ff ff7b 	bl	2000022c <flash_enable_xip_via_boot2>
20000336:	a801      	add	r0, sp, #4
20000338:	f7ff ff92 	bl	20000260 <flash_restore_hardware_state>
2000033c:	b008      	add	sp, #32
2000033e:	bce0      	pop	{r5, r6, r7}
20000340:	46ba      	mov	sl, r7
20000342:	46b1      	mov	r9, r6
20000344:	46a8      	mov	r8, r5
20000346:	bdf0      	pop	{r4, r5, r6, r7, pc}
20000348:	2c00      	cmp	r4, #0
2000034a:	d12b      	bne.n	200003a4 <flash_do_cmd_cs+0x11c>
2000034c:	22c0      	movs	r2, #192	@ 0xc0
2000034e:	0552      	lsls	r2, r2, #21
20000350:	6a96      	ldr	r6, [r2, #40]	@ 0x28
20000352:	2208      	movs	r2, #8
20000354:	4032      	ands	r2, r6
20000356:	07b6      	lsls	r6, r6, #30
20000358:	d52b      	bpl.n	200003b2 <flash_do_cmd_cs+0x12a>
2000035a:	2b0d      	cmp	r3, #13
2000035c:	d919      	bls.n	20000392 <flash_do_cmd_cs+0x10a>
2000035e:	2a00      	cmp	r2, #0
20000360:	d1f2      	bne.n	20000348 <flash_do_cmd_cs+0xc0>
20000362:	22c0      	movs	r2, #192	@ 0xc0
20000364:	0552      	lsls	r2, r2, #21
20000366:	6a96      	ldr	r6, [r2, #40]	@ 0x28
20000368:	2208      	movs	r2, #8
2000036a:	4032      	ands	r2, r6
2000036c:	07b6      	lsls	r6, r6, #30
2000036e:	d4f4      	bmi.n	2000035a <flash_do_cmd_cs+0xd2>
20000370:	2a00      	cmp	r2, #0
20000372:	d104      	bne.n	2000037e <flash_do_cmd_cs+0xf6>
20000374:	000b      	movs	r3, r1
20000376:	4323      	orrs	r3, r4
20000378:	2b00      	cmp	r3, #0
2000037a:	d1ba      	bne.n	200002f2 <flash_do_cmd_cs+0x6a>
2000037c:	e7d1      	b.n	20000322 <flash_do_cmd_cs+0x9a>
2000037e:	000b      	movs	r3, r1
20000380:	2c00      	cmp	r4, #0
20000382:	d0f9      	beq.n	20000378 <flash_do_cmd_cs+0xf0>
20000384:	6e03      	ldr	r3, [r0, #96]	@ 0x60
20000386:	3c01      	subs	r4, #1
20000388:	702b      	strb	r3, [r5, #0]
2000038a:	0023      	movs	r3, r4
2000038c:	3501      	adds	r5, #1
2000038e:	430b      	orrs	r3, r1
20000390:	e7f2      	b.n	20000378 <flash_do_cmd_cs+0xf0>
20000392:	464b      	mov	r3, r9
20000394:	781b      	ldrb	r3, [r3, #0]
20000396:	3901      	subs	r1, #1
20000398:	6603      	str	r3, [r0, #96]	@ 0x60
2000039a:	2301      	movs	r3, #1
2000039c:	4499      	add	r9, r3
2000039e:	e7e7      	b.n	20000370 <flash_do_cmd_cs+0xe8>
200003a0:	2100      	movs	r1, #0
200003a2:	e7e5      	b.n	20000370 <flash_do_cmd_cs+0xe8>
200003a4:	23c0      	movs	r3, #192	@ 0xc0
200003a6:	055b      	lsls	r3, r3, #21
200003a8:	6e1b      	ldr	r3, [r3, #96]	@ 0x60
200003aa:	3c01      	subs	r4, #1
200003ac:	702b      	strb	r3, [r5, #0]
200003ae:	3501      	adds	r5, #1
200003b0:	e79f      	b.n	200002f2 <flash_do_cmd_cs+0x6a>
200003b2:	000b      	movs	r3, r1
200003b4:	42a2      	cmp	r2, r4
200003b6:	d1df      	bne.n	20000378 <flash_do_cmd_cs+0xf0>
200003b8:	e7dc      	b.n	20000374 <flash_do_cmd_cs+0xec>
200003ba:	46c0      	nop			@ (mov r8, r8)
200003bc:	00004649 	.word	0x00004649
200003c0:	00005845 	.word	0x00005845
200003c4:	00004346 	.word	0x00004346
200003c8:	4001800c 	.word	0x4001800c
200003cc:	4001900c 	.word	0x4001900c

200003d0 <reset_non_control_endpoints>:
200003d0:	2200      	movs	r2, #0
200003d2:	4b15      	ldr	r3, [pc, #84]	@ (20000428 <reset_non_control_endpoints+0x58>)
200003d4:	b510      	push	{r4, lr}
200003d6:	609a      	str	r2, [r3, #8]
200003d8:	60da      	str	r2, [r3, #12]
200003da:	611a      	str	r2, [r3, #16]
200003dc:	615a      	str	r2, [r3, #20]
200003de:	619a      	str	r2, [r3, #24]
200003e0:	61da      	str	r2, [r3, #28]
200003e2:	621a      	str	r2, [r3, #32]
200003e4:	625a      	str	r2, [r3, #36]	@ 0x24
200003e6:	629a      	str	r2, [r3, #40]	@ 0x28
200003e8:	62da      	str	r2, [r3, #44]	@ 0x2c
200003ea:	631a      	str	r2, [r3, #48]	@ 0x30
200003ec:	635a      	str	r2, [r3, #52]	@ 0x34
200003ee:	639a      	str	r2, [r3, #56]	@ 0x38
200003f0:	63da      	str	r2, [r3, #60]	@ 0x3c
200003f2:	641a      	str	r2, [r3, #64]	@ 0x40
200003f4:	645a      	str	r2, [r3, #68]	@ 0x44
200003f6:	649a      	str	r2, [r3, #72]	@ 0x48
200003f8:	64da      	str	r2, [r3, #76]	@ 0x4c
200003fa:	651a      	str	r2, [r3, #80]	@ 0x50
200003fc:	655a      	str	r2, [r3, #84]	@ 0x54
200003fe:	659a      	str	r2, [r3, #88]	@ 0x58
20000400:	65da      	str	r2, [r3, #92]	@ 0x5c
20000402:	661a      	str	r2, [r3, #96]	@ 0x60
20000404:	665a      	str	r2, [r3, #100]	@ 0x64
20000406:	669a      	str	r2, [r3, #104]	@ 0x68
20000408:	66da      	str	r2, [r3, #108]	@ 0x6c
2000040a:	671a      	str	r2, [r3, #112]	@ 0x70
2000040c:	675a      	str	r2, [r3, #116]	@ 0x74
2000040e:	679a      	str	r2, [r3, #120]	@ 0x78
20000410:	67da      	str	r2, [r3, #124]	@ 0x7c
20000412:	32f0      	adds	r2, #240	@ 0xf0
20000414:	0092      	lsls	r2, r2, #2
20000416:	2100      	movs	r1, #0
20000418:	4804      	ldr	r0, [pc, #16]	@ (2000042c <reset_non_control_endpoints+0x5c>)
2000041a:	f000 fd61 	bl	20000ee0 <____wrap_memset_veneer>
2000041e:	4b04      	ldr	r3, [pc, #16]	@ (20000430 <reset_non_control_endpoints+0x60>)
20000420:	4a04      	ldr	r2, [pc, #16]	@ (20000434 <reset_non_control_endpoints+0x64>)
20000422:	601a      	str	r2, [r3, #0]
20000424:	bd10      	pop	{r4, pc}
20000426:	46c0      	nop			@ (mov r8, r8)
20000428:	50100000 	.word	0x50100000
2000042c:	2000183c 	.word	0x2000183c
20000430:	20001c04 	.word	0x20001c04
20000434:	50100180 	.word	0x50100180

20000438 <hw_handle_buff_status>:
20000438:	b5f0      	push	{r4, r5, r6, r7, lr}
2000043a:	4647      	mov	r7, r8
2000043c:	46ce      	mov	lr, r9
2000043e:	b580      	push	{r7, lr}
20000440:	4b1c      	ldr	r3, [pc, #112]	@ (200004b4 <hw_handle_buff_status+0x7c>)
20000442:	2400      	movs	r4, #0
20000444:	6d9f      	ldr	r7, [r3, #88]	@ 0x58
20000446:	2601      	movs	r6, #1
20000448:	b085      	sub	sp, #20
2000044a:	2f00      	cmp	r7, #0
2000044c:	d01b      	beq.n	20000486 <hw_handle_buff_status+0x4e>
2000044e:	4b1a      	ldr	r3, [pc, #104]	@ (200004b8 <hw_handle_buff_status+0x80>)
20000450:	4698      	mov	r8, r3
20000452:	4b1a      	ldr	r3, [pc, #104]	@ (200004bc <hw_handle_buff_status+0x84>)
20000454:	4699      	mov	r9, r3
20000456:	e004      	b.n	20000462 <hw_handle_buff_status+0x2a>
20000458:	3401      	adds	r4, #1
2000045a:	b2e4      	uxtb	r4, r4
2000045c:	0076      	lsls	r6, r6, #1
2000045e:	2c20      	cmp	r4, #32
20000460:	d011      	beq.n	20000486 <hw_handle_buff_status+0x4e>
20000462:	423e      	tst	r6, r7
20000464:	d0f8      	beq.n	20000458 <hw_handle_buff_status+0x20>
20000466:	4643      	mov	r3, r8
20000468:	659e      	str	r6, [r3, #88]	@ 0x58
2000046a:	2301      	movs	r3, #1
2000046c:	0865      	lsrs	r5, r4, #1
2000046e:	006d      	lsls	r5, r5, #1
20000470:	43a3      	bics	r3, r4
20000472:	18ed      	adds	r5, r5, r3
20000474:	016d      	lsls	r5, r5, #5
20000476:	444d      	add	r5, r9
20000478:	0028      	movs	r0, r5
2000047a:	f000 fc13 	bl	20000ca4 <hw_endpoint_xfer_continue>
2000047e:	2800      	cmp	r0, #0
20000480:	d106      	bne.n	20000490 <hw_handle_buff_status+0x58>
20000482:	43b7      	bics	r7, r6
20000484:	d1e8      	bne.n	20000458 <hw_handle_buff_status+0x20>
20000486:	b005      	add	sp, #20
20000488:	bcc0      	pop	{r6, r7}
2000048a:	46b9      	mov	r9, r7
2000048c:	46b0      	mov	r8, r6
2000048e:	bdf0      	pop	{r4, r5, r6, r7, pc}
20000490:	8aeb      	ldrh	r3, [r5, #22]
20000492:	21e0      	movs	r1, #224	@ 0xe0
20000494:	9303      	str	r3, [sp, #12]
20000496:	2300      	movs	r3, #0
20000498:	a801      	add	r0, sp, #4
2000049a:	78aa      	ldrb	r2, [r5, #2]
2000049c:	00c9      	lsls	r1, r1, #3
2000049e:	8001      	strh	r1, [r0, #0]
200004a0:	2101      	movs	r1, #1
200004a2:	7102      	strb	r2, [r0, #4]
200004a4:	7143      	strb	r3, [r0, #5]
200004a6:	f000 fc1d 	bl	20000ce4 <dcd_event_handler>
200004aa:	0028      	movs	r0, r5
200004ac:	f000 fb98 	bl	20000be0 <hw_endpoint_reset_transfer>
200004b0:	e7e7      	b.n	20000482 <hw_handle_buff_status+0x4a>
200004b2:	46c0      	nop			@ (mov r8, r8)
200004b4:	50110000 	.word	0x50110000
200004b8:	50113000 	.word	0x50113000
200004bc:	200017fc 	.word	0x200017fc

200004c0 <dcd_rp2040_irq>:
200004c0:	2398      	movs	r3, #152	@ 0x98
200004c2:	4ac6      	ldr	r2, [pc, #792]	@ (200007dc <dcd_rp2040_irq+0x31c>)
200004c4:	b5f0      	push	{r4, r5, r6, r7, lr}
200004c6:	58d5      	ldr	r5, [r2, r3]
200004c8:	2380      	movs	r3, #128	@ 0x80
200004ca:	002e      	movs	r6, r5
200004cc:	029b      	lsls	r3, r3, #10
200004ce:	2410      	movs	r4, #16
200004d0:	b085      	sub	sp, #20
200004d2:	401e      	ands	r6, r3
200004d4:	421d      	tst	r5, r3
200004d6:	d074      	beq.n	200005c2 <dcd_rp2040_irq+0x102>
200004d8:	4bc1      	ldr	r3, [pc, #772]	@ (200007e0 <dcd_rp2040_irq+0x320>)
200004da:	4cc2      	ldr	r4, [pc, #776]	@ (200007e4 <dcd_rp2040_irq+0x324>)
200004dc:	6a9a      	ldr	r2, [r3, #40]	@ 0x28
200004de:	4bc2      	ldr	r3, [pc, #776]	@ (200007e8 <dcd_rp2040_irq+0x328>)
200004e0:	2600      	movs	r6, #0
200004e2:	601a      	str	r2, [r3, #0]
200004e4:	233b      	movs	r3, #59	@ 0x3b
200004e6:	5ce3      	ldrb	r3, [r4, r3]
200004e8:	2b02      	cmp	r3, #2
200004ea:	d100      	bne.n	200004ee <dcd_rp2040_irq+0x2e>
200004ec:	e14b      	b.n	20000786 <dcd_rp2040_irq+0x2c6>
200004ee:	237b      	movs	r3, #123	@ 0x7b
200004f0:	5ce3      	ldrb	r3, [r4, r3]
200004f2:	2b02      	cmp	r3, #2
200004f4:	d100      	bne.n	200004f8 <dcd_rp2040_irq+0x38>
200004f6:	e0ef      	b.n	200006d8 <dcd_rp2040_irq+0x218>
200004f8:	23bb      	movs	r3, #187	@ 0xbb
200004fa:	5ce3      	ldrb	r3, [r4, r3]
200004fc:	2b02      	cmp	r3, #2
200004fe:	d100      	bne.n	20000502 <dcd_rp2040_irq+0x42>
20000500:	e0f6      	b.n	200006f0 <dcd_rp2040_irq+0x230>
20000502:	23fb      	movs	r3, #251	@ 0xfb
20000504:	5ce3      	ldrb	r3, [r4, r3]
20000506:	2b02      	cmp	r3, #2
20000508:	d100      	bne.n	2000050c <dcd_rp2040_irq+0x4c>
2000050a:	e0fd      	b.n	20000708 <dcd_rp2040_irq+0x248>
2000050c:	233c      	movs	r3, #60	@ 0x3c
2000050e:	33ff      	adds	r3, #255	@ 0xff
20000510:	5ce3      	ldrb	r3, [r4, r3]
20000512:	2b02      	cmp	r3, #2
20000514:	d100      	bne.n	20000518 <dcd_rp2040_irq+0x58>
20000516:	e129      	b.n	2000076c <dcd_rp2040_irq+0x2ac>
20000518:	237c      	movs	r3, #124	@ 0x7c
2000051a:	33ff      	adds	r3, #255	@ 0xff
2000051c:	5ce3      	ldrb	r3, [r4, r3]
2000051e:	2b02      	cmp	r3, #2
20000520:	d100      	bne.n	20000524 <dcd_rp2040_irq+0x64>
20000522:	e10a      	b.n	2000073a <dcd_rp2040_irq+0x27a>
20000524:	23bc      	movs	r3, #188	@ 0xbc
20000526:	33ff      	adds	r3, #255	@ 0xff
20000528:	5ce3      	ldrb	r3, [r4, r3]
2000052a:	2b02      	cmp	r3, #2
2000052c:	d100      	bne.n	20000530 <dcd_rp2040_irq+0x70>
2000052e:	e13b      	b.n	200007a8 <dcd_rp2040_irq+0x2e8>
20000530:	23fc      	movs	r3, #252	@ 0xfc
20000532:	33ff      	adds	r3, #255	@ 0xff
20000534:	5ce3      	ldrb	r3, [r4, r3]
20000536:	2b02      	cmp	r3, #2
20000538:	d100      	bne.n	2000053c <dcd_rp2040_irq+0x7c>
2000053a:	e0f1      	b.n	20000720 <dcd_rp2040_irq+0x260>
2000053c:	4bab      	ldr	r3, [pc, #684]	@ (200007ec <dcd_rp2040_irq+0x32c>)
2000053e:	5ce3      	ldrb	r3, [r4, r3]
20000540:	2b02      	cmp	r3, #2
20000542:	d100      	bne.n	20000546 <dcd_rp2040_irq+0x86>
20000544:	e170      	b.n	20000828 <dcd_rp2040_irq+0x368>
20000546:	4baa      	ldr	r3, [pc, #680]	@ (200007f0 <dcd_rp2040_irq+0x330>)
20000548:	5ce3      	ldrb	r3, [r4, r3]
2000054a:	2b02      	cmp	r3, #2
2000054c:	d100      	bne.n	20000550 <dcd_rp2040_irq+0x90>
2000054e:	e101      	b.n	20000754 <dcd_rp2040_irq+0x294>
20000550:	4ba8      	ldr	r3, [pc, #672]	@ (200007f4 <dcd_rp2040_irq+0x334>)
20000552:	5ce3      	ldrb	r3, [r4, r3]
20000554:	2b02      	cmp	r3, #2
20000556:	d100      	bne.n	2000055a <dcd_rp2040_irq+0x9a>
20000558:	e171      	b.n	2000083e <dcd_rp2040_irq+0x37e>
2000055a:	4ba7      	ldr	r3, [pc, #668]	@ (200007f8 <dcd_rp2040_irq+0x338>)
2000055c:	5ce3      	ldrb	r3, [r4, r3]
2000055e:	2b02      	cmp	r3, #2
20000560:	d100      	bne.n	20000564 <dcd_rp2040_irq+0xa4>
20000562:	e12e      	b.n	200007c2 <dcd_rp2040_irq+0x302>
20000564:	4ba5      	ldr	r3, [pc, #660]	@ (200007fc <dcd_rp2040_irq+0x33c>)
20000566:	5ce3      	ldrb	r3, [r4, r3]
20000568:	2b02      	cmp	r3, #2
2000056a:	d100      	bne.n	2000056e <dcd_rp2040_irq+0xae>
2000056c:	e19c      	b.n	200008a8 <dcd_rp2040_irq+0x3e8>
2000056e:	4ba4      	ldr	r3, [pc, #656]	@ (20000800 <dcd_rp2040_irq+0x340>)
20000570:	5ce3      	ldrb	r3, [r4, r3]
20000572:	2b02      	cmp	r3, #2
20000574:	d100      	bne.n	20000578 <dcd_rp2040_irq+0xb8>
20000576:	e16d      	b.n	20000854 <dcd_rp2040_irq+0x394>
20000578:	4ba2      	ldr	r3, [pc, #648]	@ (20000804 <dcd_rp2040_irq+0x344>)
2000057a:	5ce3      	ldrb	r3, [r4, r3]
2000057c:	2b02      	cmp	r3, #2
2000057e:	d100      	bne.n	20000582 <dcd_rp2040_irq+0xc2>
20000580:	e19d      	b.n	200008be <dcd_rp2040_irq+0x3fe>
20000582:	4ba1      	ldr	r3, [pc, #644]	@ (20000808 <dcd_rp2040_irq+0x348>)
20000584:	5ce3      	ldrb	r3, [r4, r3]
20000586:	2b02      	cmp	r3, #2
20000588:	d100      	bne.n	2000058c <dcd_rp2040_irq+0xcc>
2000058a:	e17b      	b.n	20000884 <dcd_rp2040_irq+0x3c4>
2000058c:	2e00      	cmp	r6, #0
2000058e:	d108      	bne.n	200005a2 <dcd_rp2040_irq+0xe2>
20000590:	4b9e      	ldr	r3, [pc, #632]	@ (2000080c <dcd_rp2040_irq+0x34c>)
20000592:	781b      	ldrb	r3, [r3, #0]
20000594:	2b00      	cmp	r3, #0
20000596:	d104      	bne.n	200005a2 <dcd_rp2040_irq+0xe2>
20000598:	2180      	movs	r1, #128	@ 0x80
2000059a:	4a9d      	ldr	r2, [pc, #628]	@ (20000810 <dcd_rp2040_irq+0x350>)
2000059c:	3390      	adds	r3, #144	@ 0x90
2000059e:	0289      	lsls	r1, r1, #10
200005a0:	50d1      	str	r1, [r2, r3]
200005a2:	22c0      	movs	r2, #192	@ 0xc0
200005a4:	4669      	mov	r1, sp
200005a6:	4b8d      	ldr	r3, [pc, #564]	@ (200007dc <dcd_rp2040_irq+0x31c>)
200005a8:	0092      	lsls	r2, r2, #2
200005aa:	6c9b      	ldr	r3, [r3, #72]	@ 0x48
200005ac:	2680      	movs	r6, #128	@ 0x80
200005ae:	055b      	lsls	r3, r3, #21
200005b0:	808a      	strh	r2, [r1, #4]
200005b2:	0d5b      	lsrs	r3, r3, #21
200005b4:	2101      	movs	r1, #1
200005b6:	a801      	add	r0, sp, #4
200005b8:	9302      	str	r3, [sp, #8]
200005ba:	f000 fb93 	bl	20000ce4 <dcd_event_handler>
200005be:	4c95      	ldr	r4, [pc, #596]	@ (20000814 <dcd_rp2040_irq+0x354>)
200005c0:	02b6      	lsls	r6, r6, #10
200005c2:	06eb      	lsls	r3, r5, #27
200005c4:	d500      	bpl.n	200005c8 <dcd_rp2040_irq+0x108>
200005c6:	e07b      	b.n	200006c0 <dcd_rp2040_irq+0x200>
200005c8:	2380      	movs	r3, #128	@ 0x80
200005ca:	025b      	lsls	r3, r3, #9
200005cc:	421d      	tst	r5, r3
200005ce:	d02f      	beq.n	20000630 <dcd_rp2040_irq+0x170>
200005d0:	2402      	movs	r4, #2
200005d2:	4f84      	ldr	r7, [pc, #528]	@ (200007e4 <dcd_rp2040_irq+0x324>)
200005d4:	431e      	orrs	r6, r3
200005d6:	7ebb      	ldrb	r3, [r7, #26]
200005d8:	2b00      	cmp	r3, #0
200005da:	d014      	beq.n	20000606 <dcd_rp2040_irq+0x146>
200005dc:	f000 fc88 	bl	20000ef0 <__rp2040_chip_version_veneer>
200005e0:	2801      	cmp	r0, #1
200005e2:	d900      	bls.n	200005e6 <dcd_rp2040_irq+0x126>
200005e4:	e070      	b.n	200006c8 <dcd_rp2040_irq+0x208>
200005e6:	22c0      	movs	r2, #192	@ 0xc0
200005e8:	2100      	movs	r1, #0
200005ea:	0038      	movs	r0, r7
200005ec:	0192      	lsls	r2, r2, #6
200005ee:	f000 fafd 	bl	20000bec <_hw_endpoint_buffer_control_update32>
200005f2:	0038      	movs	r0, r7
200005f4:	f000 faf4 	bl	20000be0 <hw_endpoint_reset_transfer>
200005f8:	f000 fc7a 	bl	20000ef0 <__rp2040_chip_version_veneer>
200005fc:	2801      	cmp	r0, #1
200005fe:	d902      	bls.n	20000606 <dcd_rp2040_irq+0x146>
20000600:	4b83      	ldr	r3, [pc, #524]	@ (20000810 <dcd_rp2040_irq+0x350>)
20000602:	665c      	str	r4, [r3, #100]	@ 0x64
20000604:	661c      	str	r4, [r3, #96]	@ 0x60
20000606:	2301      	movs	r3, #1
20000608:	70fb      	strb	r3, [r7, #3]
2000060a:	3720      	adds	r7, #32
2000060c:	2c01      	cmp	r4, #1
2000060e:	d120      	bne.n	20000652 <dcd_rp2040_irq+0x192>
20000610:	23c0      	movs	r3, #192	@ 0xc0
20000612:	466a      	mov	r2, sp
20000614:	00db      	lsls	r3, r3, #3
20000616:	8093      	strh	r3, [r2, #4]
20000618:	4a7f      	ldr	r2, [pc, #508]	@ (20000818 <dcd_rp2040_irq+0x358>)
2000061a:	ab02      	add	r3, sp, #8
2000061c:	ca03      	ldmia	r2!, {r0, r1}
2000061e:	c303      	stmia	r3!, {r0, r1}
20000620:	2101      	movs	r1, #1
20000622:	a801      	add	r0, sp, #4
20000624:	f000 fb5e 	bl	20000ce4 <dcd_event_handler>
20000628:	2280      	movs	r2, #128	@ 0x80
2000062a:	4b79      	ldr	r3, [pc, #484]	@ (20000810 <dcd_rp2040_irq+0x350>)
2000062c:	0292      	lsls	r2, r2, #10
2000062e:	651a      	str	r2, [r3, #80]	@ 0x50
20000630:	2380      	movs	r3, #128	@ 0x80
20000632:	015b      	lsls	r3, r3, #5
20000634:	421d      	tst	r5, r3
20000636:	d10e      	bne.n	20000656 <dcd_rp2040_irq+0x196>
20000638:	2380      	movs	r3, #128	@ 0x80
2000063a:	01db      	lsls	r3, r3, #7
2000063c:	421d      	tst	r5, r3
2000063e:	d121      	bne.n	20000684 <dcd_rp2040_irq+0x1c4>
20000640:	2380      	movs	r3, #128	@ 0x80
20000642:	021b      	lsls	r3, r3, #8
20000644:	421d      	tst	r5, r3
20000646:	d12d      	bne.n	200006a4 <dcd_rp2040_irq+0x1e4>
20000648:	42ae      	cmp	r6, r5
2000064a:	d000      	beq.n	2000064e <dcd_rp2040_irq+0x18e>
2000064c:	e1be      	b.n	200009cc <dcd_rp2040_irq+0x50c>
2000064e:	b005      	add	sp, #20
20000650:	bdf0      	pop	{r4, r5, r6, r7, pc}
20000652:	2401      	movs	r4, #1
20000654:	e7bf      	b.n	200005d6 <dcd_rp2040_irq+0x116>
20000656:	2400      	movs	r4, #0
20000658:	431e      	orrs	r6, r3
2000065a:	4b60      	ldr	r3, [pc, #384]	@ (200007dc <dcd_rp2040_irq+0x31c>)
2000065c:	601c      	str	r4, [r3, #0]
2000065e:	f7ff feb7 	bl	200003d0 <reset_non_control_endpoints>
20000662:	2380      	movs	r3, #128	@ 0x80
20000664:	466a      	mov	r2, sp
20000666:	005b      	lsls	r3, r3, #1
20000668:	8093      	strh	r3, [r2, #4]
2000066a:	7214      	strb	r4, [r2, #8]
2000066c:	2101      	movs	r1, #1
2000066e:	a801      	add	r0, sp, #4
20000670:	f000 fb38 	bl	20000ce4 <dcd_event_handler>
20000674:	2280      	movs	r2, #128	@ 0x80
20000676:	4b66      	ldr	r3, [pc, #408]	@ (20000810 <dcd_rp2040_irq+0x350>)
20000678:	0312      	lsls	r2, r2, #12
2000067a:	651a      	str	r2, [r3, #80]	@ 0x50
2000067c:	2380      	movs	r3, #128	@ 0x80
2000067e:	01db      	lsls	r3, r3, #7
20000680:	421d      	tst	r5, r3
20000682:	d0dd      	beq.n	20000640 <dcd_rp2040_irq+0x180>
20000684:	431e      	orrs	r6, r3
20000686:	2380      	movs	r3, #128	@ 0x80
20000688:	466a      	mov	r2, sp
2000068a:	00db      	lsls	r3, r3, #3
2000068c:	8093      	strh	r3, [r2, #4]
2000068e:	2101      	movs	r1, #1
20000690:	a801      	add	r0, sp, #4
20000692:	f000 fb27 	bl	20000ce4 <dcd_event_handler>
20000696:	2210      	movs	r2, #16
20000698:	4b5d      	ldr	r3, [pc, #372]	@ (20000810 <dcd_rp2040_irq+0x350>)
2000069a:	651a      	str	r2, [r3, #80]	@ 0x50
2000069c:	2380      	movs	r3, #128	@ 0x80
2000069e:	021b      	lsls	r3, r3, #8
200006a0:	421d      	tst	r5, r3
200006a2:	d0d1      	beq.n	20000648 <dcd_rp2040_irq+0x188>
200006a4:	431e      	orrs	r6, r3
200006a6:	23a0      	movs	r3, #160	@ 0xa0
200006a8:	466a      	mov	r2, sp
200006aa:	00db      	lsls	r3, r3, #3
200006ac:	8093      	strh	r3, [r2, #4]
200006ae:	2101      	movs	r1, #1
200006b0:	a801      	add	r0, sp, #4
200006b2:	f000 fb17 	bl	20000ce4 <dcd_event_handler>
200006b6:	2280      	movs	r2, #128	@ 0x80
200006b8:	4b55      	ldr	r3, [pc, #340]	@ (20000810 <dcd_rp2040_irq+0x350>)
200006ba:	0112      	lsls	r2, r2, #4
200006bc:	651a      	str	r2, [r3, #80]	@ 0x50
200006be:	e7c3      	b.n	20000648 <dcd_rp2040_irq+0x188>
200006c0:	f7ff feba 	bl	20000438 <hw_handle_buff_status>
200006c4:	0026      	movs	r6, r4
200006c6:	e77f      	b.n	200005c8 <dcd_rp2040_irq+0x108>
200006c8:	4b54      	ldr	r3, [pc, #336]	@ (2000081c <dcd_rp2040_irq+0x35c>)
200006ca:	4a44      	ldr	r2, [pc, #272]	@ (200007dc <dcd_rp2040_irq+0x31c>)
200006cc:	661c      	str	r4, [r3, #96]	@ 0x60
200006ce:	6e53      	ldr	r3, [r2, #100]	@ 0x64
200006d0:	4023      	ands	r3, r4
200006d2:	42a3      	cmp	r3, r4
200006d4:	d1fb      	bne.n	200006ce <dcd_rp2040_irq+0x20e>
200006d6:	e786      	b.n	200005e6 <dcd_rp2040_irq+0x126>
200006d8:	3378      	adds	r3, #120	@ 0x78
200006da:	5ce7      	ldrb	r7, [r4, r3]
200006dc:	2f00      	cmp	r7, #0
200006de:	d100      	bne.n	200006e2 <dcd_rp2040_irq+0x222>
200006e0:	e70a      	b.n	200004f8 <dcd_rp2040_irq+0x38>
200006e2:	3302      	adds	r3, #2
200006e4:	5ce2      	ldrb	r2, [r4, r3]
200006e6:	2a00      	cmp	r2, #0
200006e8:	d000      	beq.n	200006ec <dcd_rp2040_irq+0x22c>
200006ea:	e10d      	b.n	20000908 <dcd_rp2040_irq+0x448>
200006ec:	003e      	movs	r6, r7
200006ee:	e703      	b.n	200004f8 <dcd_rp2040_irq+0x38>
200006f0:	33b8      	adds	r3, #184	@ 0xb8
200006f2:	5ce7      	ldrb	r7, [r4, r3]
200006f4:	2f00      	cmp	r7, #0
200006f6:	d100      	bne.n	200006fa <dcd_rp2040_irq+0x23a>
200006f8:	e703      	b.n	20000502 <dcd_rp2040_irq+0x42>
200006fa:	3302      	adds	r3, #2
200006fc:	5ce2      	ldrb	r2, [r4, r3]
200006fe:	2a00      	cmp	r2, #0
20000700:	d000      	beq.n	20000704 <dcd_rp2040_irq+0x244>
20000702:	e0f9      	b.n	200008f8 <dcd_rp2040_irq+0x438>
20000704:	003e      	movs	r6, r7
20000706:	e6fc      	b.n	20000502 <dcd_rp2040_irq+0x42>
20000708:	33f8      	adds	r3, #248	@ 0xf8
2000070a:	5ce7      	ldrb	r7, [r4, r3]
2000070c:	2f00      	cmp	r7, #0
2000070e:	d100      	bne.n	20000712 <dcd_rp2040_irq+0x252>
20000710:	e6fc      	b.n	2000050c <dcd_rp2040_irq+0x4c>
20000712:	3302      	adds	r3, #2
20000714:	5ce2      	ldrb	r2, [r4, r3]
20000716:	2a00      	cmp	r2, #0
20000718:	d000      	beq.n	2000071c <dcd_rp2040_irq+0x25c>
2000071a:	e141      	b.n	200009a0 <dcd_rp2040_irq+0x4e0>
2000071c:	003e      	movs	r6, r7
2000071e:	e6f5      	b.n	2000050c <dcd_rp2040_irq+0x4c>
20000720:	33f9      	adds	r3, #249	@ 0xf9
20000722:	33ff      	adds	r3, #255	@ 0xff
20000724:	5ce7      	ldrb	r7, [r4, r3]
20000726:	2f00      	cmp	r7, #0
20000728:	d100      	bne.n	2000072c <dcd_rp2040_irq+0x26c>
2000072a:	e707      	b.n	2000053c <dcd_rp2040_irq+0x7c>
2000072c:	3302      	adds	r3, #2
2000072e:	5ce2      	ldrb	r2, [r4, r3]
20000730:	2a00      	cmp	r2, #0
20000732:	d000      	beq.n	20000736 <dcd_rp2040_irq+0x276>
20000734:	e12b      	b.n	2000098e <dcd_rp2040_irq+0x4ce>
20000736:	003e      	movs	r6, r7
20000738:	e700      	b.n	2000053c <dcd_rp2040_irq+0x7c>
2000073a:	3379      	adds	r3, #121	@ 0x79
2000073c:	33ff      	adds	r3, #255	@ 0xff
2000073e:	5ce7      	ldrb	r7, [r4, r3]
20000740:	2f00      	cmp	r7, #0
20000742:	d100      	bne.n	20000746 <dcd_rp2040_irq+0x286>
20000744:	e6ee      	b.n	20000524 <dcd_rp2040_irq+0x64>
20000746:	3302      	adds	r3, #2
20000748:	5ce2      	ldrb	r2, [r4, r3]
2000074a:	2a00      	cmp	r2, #0
2000074c:	d000      	beq.n	20000750 <dcd_rp2040_irq+0x290>
2000074e:	e115      	b.n	2000097c <dcd_rp2040_irq+0x4bc>
20000750:	003e      	movs	r6, r7
20000752:	e6e7      	b.n	20000524 <dcd_rp2040_irq+0x64>
20000754:	4b32      	ldr	r3, [pc, #200]	@ (20000820 <dcd_rp2040_irq+0x360>)
20000756:	5ce7      	ldrb	r7, [r4, r3]
20000758:	2f00      	cmp	r7, #0
2000075a:	d100      	bne.n	2000075e <dcd_rp2040_irq+0x29e>
2000075c:	e6f8      	b.n	20000550 <dcd_rp2040_irq+0x90>
2000075e:	3302      	adds	r3, #2
20000760:	5ce2      	ldrb	r2, [r4, r3]
20000762:	2a00      	cmp	r2, #0
20000764:	d000      	beq.n	20000768 <dcd_rp2040_irq+0x2a8>
20000766:	e101      	b.n	2000096c <dcd_rp2040_irq+0x4ac>
20000768:	003e      	movs	r6, r7
2000076a:	e6f1      	b.n	20000550 <dcd_rp2040_irq+0x90>
2000076c:	3339      	adds	r3, #57	@ 0x39
2000076e:	33ff      	adds	r3, #255	@ 0xff
20000770:	5ce7      	ldrb	r7, [r4, r3]
20000772:	2f00      	cmp	r7, #0
20000774:	d100      	bne.n	20000778 <dcd_rp2040_irq+0x2b8>
20000776:	e6cf      	b.n	20000518 <dcd_rp2040_irq+0x58>
20000778:	3302      	adds	r3, #2
2000077a:	5ce2      	ldrb	r2, [r4, r3]
2000077c:	2a00      	cmp	r2, #0
2000077e:	d000      	beq.n	20000782 <dcd_rp2040_irq+0x2c2>
20000780:	e0eb      	b.n	2000095a <dcd_rp2040_irq+0x49a>
20000782:	003e      	movs	r6, r7
20000784:	e6c8      	b.n	20000518 <dcd_rp2040_irq+0x58>
20000786:	3338      	adds	r3, #56	@ 0x38
20000788:	5ce6      	ldrb	r6, [r4, r3]
2000078a:	2e00      	cmp	r6, #0
2000078c:	d100      	bne.n	20000790 <dcd_rp2040_irq+0x2d0>
2000078e:	e6ae      	b.n	200004ee <dcd_rp2040_irq+0x2e>
20000790:	3302      	adds	r3, #2
20000792:	5ce2      	ldrb	r2, [r4, r3]
20000794:	2a00      	cmp	r2, #0
20000796:	d100      	bne.n	2000079a <dcd_rp2040_irq+0x2da>
20000798:	e6a9      	b.n	200004ee <dcd_rp2040_irq+0x2e>
2000079a:	0020      	movs	r0, r4
2000079c:	2200      	movs	r2, #0
2000079e:	3020      	adds	r0, #32
200007a0:	54e2      	strb	r2, [r4, r3]
200007a2:	f000 fa4b 	bl	20000c3c <hw_endpoint_start_next_buffer>
200007a6:	e6a2      	b.n	200004ee <dcd_rp2040_irq+0x2e>
200007a8:	33b9      	adds	r3, #185	@ 0xb9
200007aa:	33ff      	adds	r3, #255	@ 0xff
200007ac:	5ce7      	ldrb	r7, [r4, r3]
200007ae:	2f00      	cmp	r7, #0
200007b0:	d100      	bne.n	200007b4 <dcd_rp2040_irq+0x2f4>
200007b2:	e6bd      	b.n	20000530 <dcd_rp2040_irq+0x70>
200007b4:	3302      	adds	r3, #2
200007b6:	5ce2      	ldrb	r2, [r4, r3]
200007b8:	2a00      	cmp	r2, #0
200007ba:	d000      	beq.n	200007be <dcd_rp2040_irq+0x2fe>
200007bc:	e0c4      	b.n	20000948 <dcd_rp2040_irq+0x488>
200007be:	003e      	movs	r6, r7
200007c0:	e6b6      	b.n	20000530 <dcd_rp2040_irq+0x70>
200007c2:	4b18      	ldr	r3, [pc, #96]	@ (20000824 <dcd_rp2040_irq+0x364>)
200007c4:	5ce7      	ldrb	r7, [r4, r3]
200007c6:	2f00      	cmp	r7, #0
200007c8:	d100      	bne.n	200007cc <dcd_rp2040_irq+0x30c>
200007ca:	e6cb      	b.n	20000564 <dcd_rp2040_irq+0xa4>
200007cc:	3302      	adds	r3, #2
200007ce:	5ce2      	ldrb	r2, [r4, r3]
200007d0:	2a00      	cmp	r2, #0
200007d2:	d000      	beq.n	200007d6 <dcd_rp2040_irq+0x316>
200007d4:	e0b0      	b.n	20000938 <dcd_rp2040_irq+0x478>
200007d6:	003e      	movs	r6, r7
200007d8:	e6c4      	b.n	20000564 <dcd_rp2040_irq+0xa4>
200007da:	46c0      	nop			@ (mov r8, r8)
200007dc:	50110000 	.word	0x50110000
200007e0:	40054000 	.word	0x40054000
200007e4:	200017fc 	.word	0x200017fc
200007e8:	200017f0 	.word	0x200017f0
200007ec:	0000023b 	.word	0x0000023b
200007f0:	0000027b 	.word	0x0000027b
200007f4:	000002bb 	.word	0x000002bb
200007f8:	000002fb 	.word	0x000002fb
200007fc:	0000033b 	.word	0x0000033b
20000800:	0000037b 	.word	0x0000037b
20000804:	000003bb 	.word	0x000003bb
20000808:	000003fb 	.word	0x000003fb
2000080c:	20001c52 	.word	0x20001c52
20000810:	50113000 	.word	0x50113000
20000814:	00020010 	.word	0x00020010
20000818:	50100000 	.word	0x50100000
2000081c:	50112000 	.word	0x50112000
20000820:	0000027a 	.word	0x0000027a
20000824:	000002fa 	.word	0x000002fa
20000828:	4b6b      	ldr	r3, [pc, #428]	@ (200009d8 <dcd_rp2040_irq+0x518>)
2000082a:	5ce7      	ldrb	r7, [r4, r3]
2000082c:	2f00      	cmp	r7, #0
2000082e:	d100      	bne.n	20000832 <dcd_rp2040_irq+0x372>
20000830:	e689      	b.n	20000546 <dcd_rp2040_irq+0x86>
20000832:	3302      	adds	r3, #2
20000834:	5ce2      	ldrb	r2, [r4, r3]
20000836:	2a00      	cmp	r2, #0
20000838:	d176      	bne.n	20000928 <dcd_rp2040_irq+0x468>
2000083a:	003e      	movs	r6, r7
2000083c:	e683      	b.n	20000546 <dcd_rp2040_irq+0x86>
2000083e:	4b67      	ldr	r3, [pc, #412]	@ (200009dc <dcd_rp2040_irq+0x51c>)
20000840:	5ce7      	ldrb	r7, [r4, r3]
20000842:	2f00      	cmp	r7, #0
20000844:	d100      	bne.n	20000848 <dcd_rp2040_irq+0x388>
20000846:	e688      	b.n	2000055a <dcd_rp2040_irq+0x9a>
20000848:	3302      	adds	r3, #2
2000084a:	5ce2      	ldrb	r2, [r4, r3]
2000084c:	2a00      	cmp	r2, #0
2000084e:	d163      	bne.n	20000918 <dcd_rp2040_irq+0x458>
20000850:	003e      	movs	r6, r7
20000852:	e682      	b.n	2000055a <dcd_rp2040_irq+0x9a>
20000854:	4b62      	ldr	r3, [pc, #392]	@ (200009e0 <dcd_rp2040_irq+0x520>)
20000856:	5ce7      	ldrb	r7, [r4, r3]
20000858:	2f00      	cmp	r7, #0
2000085a:	d100      	bne.n	2000085e <dcd_rp2040_irq+0x39e>
2000085c:	e68c      	b.n	20000578 <dcd_rp2040_irq+0xb8>
2000085e:	3302      	adds	r3, #2
20000860:	5ce2      	ldrb	r2, [r4, r3]
20000862:	2a00      	cmp	r2, #0
20000864:	d000      	beq.n	20000868 <dcd_rp2040_irq+0x3a8>
20000866:	e0a3      	b.n	200009b0 <dcd_rp2040_irq+0x4f0>
20000868:	4b5e      	ldr	r3, [pc, #376]	@ (200009e4 <dcd_rp2040_irq+0x524>)
2000086a:	5ce3      	ldrb	r3, [r4, r3]
2000086c:	2b02      	cmp	r3, #2
2000086e:	d130      	bne.n	200008d2 <dcd_rp2040_irq+0x412>
20000870:	4b5d      	ldr	r3, [pc, #372]	@ (200009e8 <dcd_rp2040_irq+0x528>)
20000872:	5ce3      	ldrb	r3, [r4, r3]
20000874:	2b00      	cmp	r3, #0
20000876:	d127      	bne.n	200008c8 <dcd_rp2040_irq+0x408>
20000878:	4b5c      	ldr	r3, [pc, #368]	@ (200009ec <dcd_rp2040_irq+0x52c>)
2000087a:	5ce3      	ldrb	r3, [r4, r3]
2000087c:	2b02      	cmp	r3, #2
2000087e:	d000      	beq.n	20000882 <dcd_rp2040_irq+0x3c2>
20000880:	e68f      	b.n	200005a2 <dcd_rp2040_irq+0xe2>
20000882:	003e      	movs	r6, r7
20000884:	4b5a      	ldr	r3, [pc, #360]	@ (200009f0 <dcd_rp2040_irq+0x530>)
20000886:	5ce3      	ldrb	r3, [r4, r3]
20000888:	2b00      	cmp	r3, #0
2000088a:	d100      	bne.n	2000088e <dcd_rp2040_irq+0x3ce>
2000088c:	e67e      	b.n	2000058c <dcd_rp2040_irq+0xcc>
2000088e:	23ff      	movs	r3, #255	@ 0xff
20000890:	009b      	lsls	r3, r3, #2
20000892:	5ce2      	ldrb	r2, [r4, r3]
20000894:	2a00      	cmp	r2, #0
20000896:	d100      	bne.n	2000089a <dcd_rp2040_irq+0x3da>
20000898:	e683      	b.n	200005a2 <dcd_rp2040_irq+0xe2>
2000089a:	2200      	movs	r2, #0
2000089c:	54e2      	strb	r2, [r4, r3]
2000089e:	3b1c      	subs	r3, #28
200008a0:	18e0      	adds	r0, r4, r3
200008a2:	f000 f9cb 	bl	20000c3c <hw_endpoint_start_next_buffer>
200008a6:	e67c      	b.n	200005a2 <dcd_rp2040_irq+0xe2>
200008a8:	4b52      	ldr	r3, [pc, #328]	@ (200009f4 <dcd_rp2040_irq+0x534>)
200008aa:	5ce7      	ldrb	r7, [r4, r3]
200008ac:	2f00      	cmp	r7, #0
200008ae:	d100      	bne.n	200008b2 <dcd_rp2040_irq+0x3f2>
200008b0:	e65d      	b.n	2000056e <dcd_rp2040_irq+0xae>
200008b2:	3302      	adds	r3, #2
200008b4:	5ce2      	ldrb	r2, [r4, r3]
200008b6:	2a00      	cmp	r2, #0
200008b8:	d116      	bne.n	200008e8 <dcd_rp2040_irq+0x428>
200008ba:	003e      	movs	r6, r7
200008bc:	e657      	b.n	2000056e <dcd_rp2040_irq+0xae>
200008be:	4b4a      	ldr	r3, [pc, #296]	@ (200009e8 <dcd_rp2040_irq+0x528>)
200008c0:	5ce3      	ldrb	r3, [r4, r3]
200008c2:	2b00      	cmp	r3, #0
200008c4:	d100      	bne.n	200008c8 <dcd_rp2040_irq+0x408>
200008c6:	e65c      	b.n	20000582 <dcd_rp2040_irq+0xc2>
200008c8:	23ef      	movs	r3, #239	@ 0xef
200008ca:	009b      	lsls	r3, r3, #2
200008cc:	5ce2      	ldrb	r2, [r4, r3]
200008ce:	2a00      	cmp	r2, #0
200008d0:	d175      	bne.n	200009be <dcd_rp2040_irq+0x4fe>
200008d2:	4b46      	ldr	r3, [pc, #280]	@ (200009ec <dcd_rp2040_irq+0x52c>)
200008d4:	5ce3      	ldrb	r3, [r4, r3]
200008d6:	2b02      	cmp	r3, #2
200008d8:	d000      	beq.n	200008dc <dcd_rp2040_irq+0x41c>
200008da:	e662      	b.n	200005a2 <dcd_rp2040_irq+0xe2>
200008dc:	4b44      	ldr	r3, [pc, #272]	@ (200009f0 <dcd_rp2040_irq+0x530>)
200008de:	5ce3      	ldrb	r3, [r4, r3]
200008e0:	2b00      	cmp	r3, #0
200008e2:	d100      	bne.n	200008e6 <dcd_rp2040_irq+0x426>
200008e4:	e65d      	b.n	200005a2 <dcd_rp2040_irq+0xe2>
200008e6:	e7d2      	b.n	2000088e <dcd_rp2040_irq+0x3ce>
200008e8:	2200      	movs	r2, #0
200008ea:	54e2      	strb	r2, [r4, r3]
200008ec:	3b1c      	subs	r3, #28
200008ee:	18e0      	adds	r0, r4, r3
200008f0:	f000 f9a4 	bl	20000c3c <hw_endpoint_start_next_buffer>
200008f4:	003e      	movs	r6, r7
200008f6:	e63a      	b.n	2000056e <dcd_rp2040_irq+0xae>
200008f8:	0020      	movs	r0, r4
200008fa:	2200      	movs	r2, #0
200008fc:	30a0      	adds	r0, #160	@ 0xa0
200008fe:	54e2      	strb	r2, [r4, r3]
20000900:	003e      	movs	r6, r7
20000902:	f000 f99b 	bl	20000c3c <hw_endpoint_start_next_buffer>
20000906:	e5fc      	b.n	20000502 <dcd_rp2040_irq+0x42>
20000908:	0020      	movs	r0, r4
2000090a:	2200      	movs	r2, #0
2000090c:	3060      	adds	r0, #96	@ 0x60
2000090e:	54e2      	strb	r2, [r4, r3]
20000910:	003e      	movs	r6, r7
20000912:	f000 f993 	bl	20000c3c <hw_endpoint_start_next_buffer>
20000916:	e5ef      	b.n	200004f8 <dcd_rp2040_irq+0x38>
20000918:	2200      	movs	r2, #0
2000091a:	54e2      	strb	r2, [r4, r3]
2000091c:	3b1c      	subs	r3, #28
2000091e:	18e0      	adds	r0, r4, r3
20000920:	f000 f98c 	bl	20000c3c <hw_endpoint_start_next_buffer>
20000924:	003e      	movs	r6, r7
20000926:	e618      	b.n	2000055a <dcd_rp2040_irq+0x9a>
20000928:	2200      	movs	r2, #0
2000092a:	54e2      	strb	r2, [r4, r3]
2000092c:	3b1c      	subs	r3, #28
2000092e:	18e0      	adds	r0, r4, r3
20000930:	f000 f984 	bl	20000c3c <hw_endpoint_start_next_buffer>
20000934:	003e      	movs	r6, r7
20000936:	e606      	b.n	20000546 <dcd_rp2040_irq+0x86>
20000938:	2200      	movs	r2, #0
2000093a:	54e2      	strb	r2, [r4, r3]
2000093c:	3b1c      	subs	r3, #28
2000093e:	18e0      	adds	r0, r4, r3
20000940:	f000 f97c 	bl	20000c3c <hw_endpoint_start_next_buffer>
20000944:	003e      	movs	r6, r7
20000946:	e60d      	b.n	20000564 <dcd_rp2040_irq+0xa4>
20000948:	0020      	movs	r0, r4
2000094a:	2200      	movs	r2, #0
2000094c:	30a1      	adds	r0, #161	@ 0xa1
2000094e:	30ff      	adds	r0, #255	@ 0xff
20000950:	54e2      	strb	r2, [r4, r3]
20000952:	003e      	movs	r6, r7
20000954:	f000 f972 	bl	20000c3c <hw_endpoint_start_next_buffer>
20000958:	e5ea      	b.n	20000530 <dcd_rp2040_irq+0x70>
2000095a:	0020      	movs	r0, r4
2000095c:	2200      	movs	r2, #0
2000095e:	3021      	adds	r0, #33	@ 0x21
20000960:	30ff      	adds	r0, #255	@ 0xff
20000962:	54e2      	strb	r2, [r4, r3]
20000964:	003e      	movs	r6, r7
20000966:	f000 f969 	bl	20000c3c <hw_endpoint_start_next_buffer>
2000096a:	e5d5      	b.n	20000518 <dcd_rp2040_irq+0x58>
2000096c:	2200      	movs	r2, #0
2000096e:	54e2      	strb	r2, [r4, r3]
20000970:	3b1c      	subs	r3, #28
20000972:	18e0      	adds	r0, r4, r3
20000974:	f000 f962 	bl	20000c3c <hw_endpoint_start_next_buffer>
20000978:	003e      	movs	r6, r7
2000097a:	e5e9      	b.n	20000550 <dcd_rp2040_irq+0x90>
2000097c:	0020      	movs	r0, r4
2000097e:	2200      	movs	r2, #0
20000980:	3061      	adds	r0, #97	@ 0x61
20000982:	30ff      	adds	r0, #255	@ 0xff
20000984:	54e2      	strb	r2, [r4, r3]
20000986:	003e      	movs	r6, r7
20000988:	f000 f958 	bl	20000c3c <hw_endpoint_start_next_buffer>
2000098c:	e5ca      	b.n	20000524 <dcd_rp2040_irq+0x64>
2000098e:	0020      	movs	r0, r4
20000990:	2200      	movs	r2, #0
20000992:	30e1      	adds	r0, #225	@ 0xe1
20000994:	30ff      	adds	r0, #255	@ 0xff
20000996:	54e2      	strb	r2, [r4, r3]
20000998:	003e      	movs	r6, r7
2000099a:	f000 f94f 	bl	20000c3c <hw_endpoint_start_next_buffer>
2000099e:	e5cd      	b.n	2000053c <dcd_rp2040_irq+0x7c>
200009a0:	0020      	movs	r0, r4
200009a2:	2200      	movs	r2, #0
200009a4:	30e0      	adds	r0, #224	@ 0xe0
200009a6:	54e2      	strb	r2, [r4, r3]
200009a8:	003e      	movs	r6, r7
200009aa:	f000 f947 	bl	20000c3c <hw_endpoint_start_next_buffer>
200009ae:	e5ad      	b.n	2000050c <dcd_rp2040_irq+0x4c>
200009b0:	2200      	movs	r2, #0
200009b2:	54e2      	strb	r2, [r4, r3]
200009b4:	3b1c      	subs	r3, #28
200009b6:	18e0      	adds	r0, r4, r3
200009b8:	f000 f940 	bl	20000c3c <hw_endpoint_start_next_buffer>
200009bc:	e754      	b.n	20000868 <dcd_rp2040_irq+0x3a8>
200009be:	2200      	movs	r2, #0
200009c0:	54e2      	strb	r2, [r4, r3]
200009c2:	3b1c      	subs	r3, #28
200009c4:	18e0      	adds	r0, r4, r3
200009c6:	f000 f939 	bl	20000c3c <hw_endpoint_start_next_buffer>
200009ca:	e782      	b.n	200008d2 <dcd_rp2040_irq+0x412>
200009cc:	0031      	movs	r1, r6
200009ce:	480a      	ldr	r0, [pc, #40]	@ (200009f8 <dcd_rp2040_irq+0x538>)
200009d0:	4069      	eors	r1, r5
200009d2:	f000 fa95 	bl	20000f00 <__panic_veneer>
200009d6:	46c0      	nop			@ (mov r8, r8)
200009d8:	0000023a 	.word	0x0000023a
200009dc:	000002ba 	.word	0x000002ba
200009e0:	0000037a 	.word	0x0000037a
200009e4:	000003bb 	.word	0x000003bb
200009e8:	000003ba 	.word	0x000003ba
200009ec:	000003fb 	.word	0x000003fb
200009f0:	000003fa 	.word	0x000003fa
200009f4:	0000033a 	.word	0x0000033a
200009f8:	10006c30 	.word	0x10006c30

200009fc <prepare_ep_buffer>:
200009fc:	b5f0      	push	{r4, r5, r6, r7, lr}
200009fe:	468c      	mov	ip, r1
20000a00:	8a83      	ldrh	r3, [r0, #20]
20000a02:	8b01      	ldrh	r1, [r0, #24]
20000a04:	0002      	movs	r2, r0
20000a06:	b083      	sub	sp, #12
20000a08:	1c0e      	adds	r6, r1, #0
20000a0a:	4299      	cmp	r1, r3
20000a0c:	d900      	bls.n	20000a10 <prepare_ep_buffer+0x14>
20000a0e:	1c1e      	adds	r6, r3, #0
20000a10:	b2b6      	uxth	r6, r6
20000a12:	1b9b      	subs	r3, r3, r6
20000a14:	b29c      	uxth	r4, r3
20000a16:	78d3      	ldrb	r3, [r2, #3]
20000a18:	2180      	movs	r1, #128	@ 0x80
20000a1a:	0018      	movs	r0, r3
20000a1c:	1e45      	subs	r5, r0, #1
20000a1e:	41a8      	sbcs	r0, r5
20000a20:	00c9      	lsls	r1, r1, #3
20000a22:	4331      	orrs	r1, r6
20000a24:	0340      	lsls	r0, r0, #13
20000a26:	4308      	orrs	r0, r1
20000a28:	2101      	movs	r1, #1
20000a2a:	404b      	eors	r3, r1
20000a2c:	70d3      	strb	r3, [r2, #3]
20000a2e:	7853      	ldrb	r3, [r2, #1]
20000a30:	8294      	strh	r4, [r2, #20]
20000a32:	2b00      	cmp	r3, #0
20000a34:	d132      	bne.n	20000a9c <prepare_ep_buffer+0xa0>
20000a36:	6911      	ldr	r1, [r2, #16]
20000a38:	2e00      	cmp	r6, #0
20000a3a:	d02a      	beq.n	20000a92 <prepare_ep_buffer+0x96>
20000a3c:	4663      	mov	r3, ip
20000a3e:	68d4      	ldr	r4, [r2, #12]
20000a40:	019b      	lsls	r3, r3, #6
20000a42:	18e4      	adds	r4, r4, r3
20000a44:	1e73      	subs	r3, r6, #1
20000a46:	9301      	str	r3, [sp, #4]
20000a48:	2b06      	cmp	r3, #6
20000a4a:	d932      	bls.n	20000ab2 <prepare_ep_buffer+0xb6>
20000a4c:	0023      	movs	r3, r4
20000a4e:	430b      	orrs	r3, r1
20000a50:	079b      	lsls	r3, r3, #30
20000a52:	d12e      	bne.n	20000ab2 <prepare_ep_buffer+0xb6>
20000a54:	1a63      	subs	r3, r4, r1
20000a56:	3b01      	subs	r3, #1
20000a58:	2b02      	cmp	r3, #2
20000a5a:	d92a      	bls.n	20000ab2 <prepare_ep_buffer+0xb6>
20000a5c:	2300      	movs	r3, #0
20000a5e:	08b7      	lsrs	r7, r6, #2
20000a60:	00bf      	lsls	r7, r7, #2
20000a62:	58cd      	ldr	r5, [r1, r3]
20000a64:	50e5      	str	r5, [r4, r3]
20000a66:	3304      	adds	r3, #4
20000a68:	42bb      	cmp	r3, r7
20000a6a:	d1fa      	bne.n	20000a62 <prepare_ep_buffer+0x66>
20000a6c:	429e      	cmp	r6, r3
20000a6e:	d00e      	beq.n	20000a8e <prepare_ep_buffer+0x92>
20000a70:	9d01      	ldr	r5, [sp, #4]
20000a72:	18e4      	adds	r4, r4, r3
20000a74:	1aef      	subs	r7, r5, r3
20000a76:	18cd      	adds	r5, r1, r3
20000a78:	5cc9      	ldrb	r1, [r1, r3]
20000a7a:	7021      	strb	r1, [r4, #0]
20000a7c:	9901      	ldr	r1, [sp, #4]
20000a7e:	4299      	cmp	r1, r3
20000a80:	d005      	beq.n	20000a8e <prepare_ep_buffer+0x92>
20000a82:	786b      	ldrb	r3, [r5, #1]
20000a84:	7063      	strb	r3, [r4, #1]
20000a86:	2f01      	cmp	r7, #1
20000a88:	d001      	beq.n	20000a8e <prepare_ep_buffer+0x92>
20000a8a:	78ab      	ldrb	r3, [r5, #2]
20000a8c:	70a3      	strb	r3, [r4, #2]
20000a8e:	6911      	ldr	r1, [r2, #16]
20000a90:	8a94      	ldrh	r4, [r2, #20]
20000a92:	2380      	movs	r3, #128	@ 0x80
20000a94:	1989      	adds	r1, r1, r6
20000a96:	021b      	lsls	r3, r3, #8
20000a98:	6111      	str	r1, [r2, #16]
20000a9a:	4318      	orrs	r0, r3
20000a9c:	2c00      	cmp	r4, #0
20000a9e:	d102      	bne.n	20000aa6 <prepare_ep_buffer+0xaa>
20000aa0:	2380      	movs	r3, #128	@ 0x80
20000aa2:	01db      	lsls	r3, r3, #7
20000aa4:	4318      	orrs	r0, r3
20000aa6:	4663      	mov	r3, ip
20000aa8:	2b00      	cmp	r3, #0
20000aaa:	d000      	beq.n	20000aae <prepare_ep_buffer+0xb2>
20000aac:	0400      	lsls	r0, r0, #16
20000aae:	b003      	add	sp, #12
20000ab0:	bdf0      	pop	{r4, r5, r6, r7, pc}
20000ab2:	2300      	movs	r3, #0
20000ab4:	5ccd      	ldrb	r5, [r1, r3]
20000ab6:	54e5      	strb	r5, [r4, r3]
20000ab8:	3301      	adds	r3, #1
20000aba:	429e      	cmp	r6, r3
20000abc:	d1fa      	bne.n	20000ab4 <prepare_ep_buffer+0xb8>
20000abe:	e7e6      	b.n	20000a8e <prepare_ep_buffer+0x92>

20000ac0 <sync_ep_buffer>:
20000ac0:	6883      	ldr	r3, [r0, #8]
20000ac2:	b5f0      	push	{r4, r5, r6, r7, lr}
20000ac4:	681a      	ldr	r2, [r3, #0]
20000ac6:	2900      	cmp	r1, #0
20000ac8:	d000      	beq.n	20000acc <sync_ep_buffer+0xc>
20000aca:	0c12      	lsrs	r2, r2, #16
20000acc:	7843      	ldrb	r3, [r0, #1]
20000ace:	0592      	lsls	r2, r2, #22
20000ad0:	0d95      	lsrs	r5, r2, #22
20000ad2:	2b00      	cmp	r3, #0
20000ad4:	d109      	bne.n	20000aea <sync_ep_buffer+0x2a>
20000ad6:	8ac3      	ldrh	r3, [r0, #22]
20000ad8:	18eb      	adds	r3, r5, r3
20000ada:	82c3      	strh	r3, [r0, #22]
20000adc:	8b03      	ldrh	r3, [r0, #24]
20000ade:	42ab      	cmp	r3, r5
20000ae0:	d901      	bls.n	20000ae6 <sync_ep_buffer+0x26>
20000ae2:	2300      	movs	r3, #0
20000ae4:	8283      	strh	r3, [r0, #20]
20000ae6:	0028      	movs	r0, r5
20000ae8:	bdf0      	pop	{r4, r5, r6, r7, pc}
20000aea:	6904      	ldr	r4, [r0, #16]
20000aec:	2d00      	cmp	r5, #0
20000aee:	d028      	beq.n	20000b42 <sync_ep_buffer+0x82>
20000af0:	68c3      	ldr	r3, [r0, #12]
20000af2:	0189      	lsls	r1, r1, #6
20000af4:	1e6f      	subs	r7, r5, #1
20000af6:	46bc      	mov	ip, r7
20000af8:	185e      	adds	r6, r3, r1
20000afa:	2f06      	cmp	r7, #6
20000afc:	d927      	bls.n	20000b4e <sync_ep_buffer+0x8e>
20000afe:	3101      	adds	r1, #1
20000b00:	185b      	adds	r3, r3, r1
20000b02:	1ae3      	subs	r3, r4, r3
20000b04:	2b02      	cmp	r3, #2
20000b06:	d922      	bls.n	20000b4e <sync_ep_buffer+0x8e>
20000b08:	0023      	movs	r3, r4
20000b0a:	4333      	orrs	r3, r6
20000b0c:	079b      	lsls	r3, r3, #30
20000b0e:	d11e      	bne.n	20000b4e <sync_ep_buffer+0x8e>
20000b10:	2300      	movs	r3, #0
20000b12:	0e12      	lsrs	r2, r2, #24
20000b14:	0092      	lsls	r2, r2, #2
20000b16:	58f1      	ldr	r1, [r6, r3]
20000b18:	50e1      	str	r1, [r4, r3]
20000b1a:	3304      	adds	r3, #4
20000b1c:	429a      	cmp	r2, r3
20000b1e:	d1fa      	bne.n	20000b16 <sync_ep_buffer+0x56>
20000b20:	4295      	cmp	r5, r2
20000b22:	d00d      	beq.n	20000b40 <sync_ep_buffer+0x80>
20000b24:	4663      	mov	r3, ip
20000b26:	1a9f      	subs	r7, r3, r2
20000b28:	18a3      	adds	r3, r4, r2
20000b2a:	5cb4      	ldrb	r4, [r6, r2]
20000b2c:	18b1      	adds	r1, r6, r2
20000b2e:	701c      	strb	r4, [r3, #0]
20000b30:	4594      	cmp	ip, r2
20000b32:	d005      	beq.n	20000b40 <sync_ep_buffer+0x80>
20000b34:	784a      	ldrb	r2, [r1, #1]
20000b36:	705a      	strb	r2, [r3, #1]
20000b38:	2f01      	cmp	r7, #1
20000b3a:	d001      	beq.n	20000b40 <sync_ep_buffer+0x80>
20000b3c:	788a      	ldrb	r2, [r1, #2]
20000b3e:	709a      	strb	r2, [r3, #2]
20000b40:	6904      	ldr	r4, [r0, #16]
20000b42:	8ac3      	ldrh	r3, [r0, #22]
20000b44:	1964      	adds	r4, r4, r5
20000b46:	18eb      	adds	r3, r5, r3
20000b48:	82c3      	strh	r3, [r0, #22]
20000b4a:	6104      	str	r4, [r0, #16]
20000b4c:	e7c6      	b.n	20000adc <sync_ep_buffer+0x1c>
20000b4e:	2200      	movs	r2, #0
20000b50:	5cb3      	ldrb	r3, [r6, r2]
20000b52:	54a3      	strb	r3, [r4, r2]
20000b54:	3201      	adds	r2, #1
20000b56:	4295      	cmp	r5, r2
20000b58:	d1fa      	bne.n	20000b50 <sync_ep_buffer+0x90>
20000b5a:	6904      	ldr	r4, [r0, #16]
20000b5c:	e7f1      	b.n	20000b42 <sync_ep_buffer+0x82>
20000b5e:	46c0      	nop			@ (mov r8, r8)

20000b60 <_hw_endpoint_xfer_sync>:
20000b60:	b510      	push	{r4, lr}
20000b62:	0004      	movs	r4, r0
20000b64:	6883      	ldr	r3, [r0, #8]
20000b66:	2100      	movs	r1, #0
20000b68:	681b      	ldr	r3, [r3, #0]
20000b6a:	f7ff ffa9 	bl	20000ac0 <sync_ep_buffer>
20000b6e:	6863      	ldr	r3, [r4, #4]
20000b70:	681b      	ldr	r3, [r3, #0]
20000b72:	005b      	lsls	r3, r3, #1
20000b74:	d502      	bpl.n	20000b7c <_hw_endpoint_xfer_sync+0x1c>
20000b76:	8b23      	ldrh	r3, [r4, #24]
20000b78:	4283      	cmp	r3, r0
20000b7a:	d000      	beq.n	20000b7e <_hw_endpoint_xfer_sync+0x1e>
20000b7c:	bd10      	pop	{r4, pc}
20000b7e:	2101      	movs	r1, #1
20000b80:	0020      	movs	r0, r4
20000b82:	f7ff ff9d 	bl	20000ac0 <sync_ep_buffer>
20000b86:	e7f9      	b.n	20000b7c <_hw_endpoint_xfer_sync+0x1c>

20000b88 <e15_is_bulkin_ep>:
20000b88:	4b08      	ldr	r3, [pc, #32]	@ (20000bac <e15_is_bulkin_ep+0x24>)
20000b8a:	6c1a      	ldr	r2, [r3, #64]	@ 0x40
20000b8c:	2300      	movs	r3, #0
20000b8e:	0792      	lsls	r2, r2, #30
20000b90:	d403      	bmi.n	20000b9a <e15_is_bulkin_ep+0x12>
20000b92:	7882      	ldrb	r2, [r0, #2]
20000b94:	09d2      	lsrs	r2, r2, #7
20000b96:	2a01      	cmp	r2, #1
20000b98:	d001      	beq.n	20000b9e <e15_is_bulkin_ep+0x16>
20000b9a:	0018      	movs	r0, r3
20000b9c:	4770      	bx	lr
20000b9e:	7ec3      	ldrb	r3, [r0, #27]
20000ba0:	3b02      	subs	r3, #2
20000ba2:	425a      	negs	r2, r3
20000ba4:	4153      	adcs	r3, r2
20000ba6:	b2db      	uxtb	r3, r3
20000ba8:	e7f7      	b.n	20000b9a <e15_is_bulkin_ep+0x12>
20000baa:	46c0      	nop			@ (mov r8, r8)
20000bac:	50110000 	.word	0x50110000

20000bb0 <e15_is_critical_frame_period>:
20000bb0:	b510      	push	{r4, lr}
20000bb2:	f7ff ffe9 	bl	20000b88 <e15_is_bulkin_ep>
20000bb6:	2800      	cmp	r0, #0
20000bb8:	d00a      	beq.n	20000bd0 <e15_is_critical_frame_period+0x20>
20000bba:	4b06      	ldr	r3, [pc, #24]	@ (20000bd4 <e15_is_critical_frame_period+0x24>)
20000bbc:	4a06      	ldr	r2, [pc, #24]	@ (20000bd8 <e15_is_critical_frame_period+0x28>)
20000bbe:	6a9b      	ldr	r3, [r3, #40]	@ 0x28
20000bc0:	4906      	ldr	r1, [pc, #24]	@ (20000bdc <e15_is_critical_frame_period+0x2c>)
20000bc2:	6812      	ldr	r2, [r2, #0]
20000bc4:	185b      	adds	r3, r3, r1
20000bc6:	1a9b      	subs	r3, r3, r2
20000bc8:	2000      	movs	r0, #0
20000bca:	22c6      	movs	r2, #198	@ 0xc6
20000bcc:	429a      	cmp	r2, r3
20000bce:	4140      	adcs	r0, r0
20000bd0:	bd10      	pop	{r4, pc}
20000bd2:	46c0      	nop			@ (mov r8, r8)
20000bd4:	40054000 	.word	0x40054000
20000bd8:	200017f0 	.word	0x200017f0
20000bdc:	fffffce0 	.word	0xfffffce0

20000be0 <hw_endpoint_reset_transfer>:
20000be0:	2300      	movs	r3, #0
20000be2:	7683      	strb	r3, [r0, #26]
20000be4:	6143      	str	r3, [r0, #20]
20000be6:	6103      	str	r3, [r0, #16]
20000be8:	4770      	bx	lr
20000bea:	46c0      	nop			@ (mov r8, r8)

20000bec <_hw_endpoint_buffer_control_update32>:
20000bec:	b510      	push	{r4, lr}
20000bee:	6883      	ldr	r3, [r0, #8]
20000bf0:	2900      	cmp	r1, #0
20000bf2:	d001      	beq.n	20000bf8 <_hw_endpoint_buffer_control_update32+0xc>
20000bf4:	681c      	ldr	r4, [r3, #0]
20000bf6:	4021      	ands	r1, r4
20000bf8:	2a00      	cmp	r2, #0
20000bfa:	d012      	beq.n	20000c22 <_hw_endpoint_buffer_control_update32+0x36>
20000bfc:	2480      	movs	r4, #128	@ 0x80
20000bfe:	00e4      	lsls	r4, r4, #3
20000c00:	4311      	orrs	r1, r2
20000c02:	4222      	tst	r2, r4
20000c04:	d00d      	beq.n	20000c22 <_hw_endpoint_buffer_control_update32+0x36>
20000c06:	681a      	ldr	r2, [r3, #0]
20000c08:	4222      	tst	r2, r4
20000c0a:	d10c      	bne.n	20000c26 <_hw_endpoint_buffer_control_update32+0x3a>
20000c0c:	4a08      	ldr	r2, [pc, #32]	@ (20000c30 <_hw_endpoint_buffer_control_update32+0x44>)
20000c0e:	400a      	ands	r2, r1
20000c10:	601a      	str	r2, [r3, #0]
20000c12:	4a08      	ldr	r2, [pc, #32]	@ (20000c34 <_hw_endpoint_buffer_control_update32+0x48>)
20000c14:	6c12      	ldr	r2, [r2, #64]	@ 0x40
20000c16:	0792      	lsls	r2, r2, #30
20000c18:	d403      	bmi.n	20000c22 <_hw_endpoint_buffer_control_update32+0x36>
20000c1a:	230c      	movs	r3, #12
20000c1c:	3b03      	subs	r3, #3
20000c1e:	d2fd      	bcs.n	20000c1c <_hw_endpoint_buffer_control_update32+0x30>
20000c20:	6883      	ldr	r3, [r0, #8]
20000c22:	6019      	str	r1, [r3, #0]
20000c24:	bd10      	pop	{r4, pc}
20000c26:	7881      	ldrb	r1, [r0, #2]
20000c28:	4803      	ldr	r0, [pc, #12]	@ (20000c38 <_hw_endpoint_buffer_control_update32+0x4c>)
20000c2a:	f000 f969 	bl	20000f00 <__panic_veneer>
20000c2e:	46c0      	nop			@ (mov r8, r8)
20000c30:	fffffbff 	.word	0xfffffbff
20000c34:	50110000 	.word	0x50110000
20000c38:	10006c44 	.word	0x10006c44

20000c3c <hw_endpoint_start_next_buffer>:
20000c3c:	6843      	ldr	r3, [r0, #4]
20000c3e:	b570      	push	{r4, r5, r6, lr}
20000c40:	2100      	movs	r1, #0
20000c42:	2580      	movs	r5, #128	@ 0x80
20000c44:	0004      	movs	r4, r0
20000c46:	681e      	ldr	r6, [r3, #0]
20000c48:	f7ff fed8 	bl	200009fc <prepare_ep_buffer>
20000c4c:	4b12      	ldr	r3, [pc, #72]	@ (20000c98 <hw_endpoint_start_next_buffer+0x5c>)
20000c4e:	016d      	lsls	r5, r5, #5
20000c50:	6c1a      	ldr	r2, [r3, #64]	@ 0x40
20000c52:	4305      	orrs	r5, r0
20000c54:	78a3      	ldrb	r3, [r4, #2]
20000c56:	0792      	lsls	r2, r2, #30
20000c58:	d50e      	bpl.n	20000c78 <hw_endpoint_start_next_buffer+0x3c>
20000c5a:	065b      	lsls	r3, r3, #25
20000c5c:	d00e      	beq.n	20000c7c <hw_endpoint_start_next_buffer+0x40>
20000c5e:	4b0f      	ldr	r3, [pc, #60]	@ (20000c9c <hw_endpoint_start_next_buffer+0x60>)
20000c60:	401e      	ands	r6, r3
20000c62:	2380      	movs	r3, #128	@ 0x80
20000c64:	059b      	lsls	r3, r3, #22
20000c66:	4333      	orrs	r3, r6
20000c68:	6862      	ldr	r2, [r4, #4]
20000c6a:	2100      	movs	r1, #0
20000c6c:	6013      	str	r3, [r2, #0]
20000c6e:	0020      	movs	r0, r4
20000c70:	002a      	movs	r2, r5
20000c72:	f7ff ffbb 	bl	20000bec <_hw_endpoint_buffer_control_update32>
20000c76:	bd70      	pop	{r4, r5, r6, pc}
20000c78:	09db      	lsrs	r3, r3, #7
20000c7a:	d0f0      	beq.n	20000c5e <hw_endpoint_start_next_buffer+0x22>
20000c7c:	8aa3      	ldrh	r3, [r4, #20]
20000c7e:	2b00      	cmp	r3, #0
20000c80:	d0ed      	beq.n	20000c5e <hw_endpoint_start_next_buffer+0x22>
20000c82:	2101      	movs	r1, #1
20000c84:	0020      	movs	r0, r4
20000c86:	f7ff feb9 	bl	200009fc <prepare_ep_buffer>
20000c8a:	23a0      	movs	r3, #160	@ 0xa0
20000c8c:	4a04      	ldr	r2, [pc, #16]	@ (20000ca0 <hw_endpoint_start_next_buffer+0x64>)
20000c8e:	05db      	lsls	r3, r3, #23
20000c90:	4032      	ands	r2, r6
20000c92:	4305      	orrs	r5, r0
20000c94:	4313      	orrs	r3, r2
20000c96:	e7e7      	b.n	20000c68 <hw_endpoint_start_next_buffer+0x2c>
20000c98:	50110000 	.word	0x50110000
20000c9c:	afffffff 	.word	0xafffffff
20000ca0:	dfffffff 	.word	0xdfffffff

20000ca4 <hw_endpoint_xfer_continue>:
20000ca4:	b570      	push	{r4, r5, r6, lr}
20000ca6:	7e85      	ldrb	r5, [r0, #26]
20000ca8:	0004      	movs	r4, r0
20000caa:	2d00      	cmp	r5, #0
20000cac:	d014      	beq.n	20000cd8 <hw_endpoint_xfer_continue+0x34>
20000cae:	f7ff ff57 	bl	20000b60 <_hw_endpoint_xfer_sync>
20000cb2:	8aa3      	ldrh	r3, [r4, #20]
20000cb4:	2b00      	cmp	r3, #0
20000cb6:	d101      	bne.n	20000cbc <hw_endpoint_xfer_continue+0x18>
20000cb8:	0028      	movs	r0, r5
20000cba:	bd70      	pop	{r4, r5, r6, pc}
20000cbc:	0020      	movs	r0, r4
20000cbe:	f7ff ff77 	bl	20000bb0 <e15_is_critical_frame_period>
20000cc2:	2800      	cmp	r0, #0
20000cc4:	d003      	beq.n	20000cce <hw_endpoint_xfer_continue+0x2a>
20000cc6:	2301      	movs	r3, #1
20000cc8:	2500      	movs	r5, #0
20000cca:	7723      	strb	r3, [r4, #28]
20000ccc:	e7f4      	b.n	20000cb8 <hw_endpoint_xfer_continue+0x14>
20000cce:	0020      	movs	r0, r4
20000cd0:	f7ff ffb4 	bl	20000c3c <hw_endpoint_start_next_buffer>
20000cd4:	2500      	movs	r5, #0
20000cd6:	e7ef      	b.n	20000cb8 <hw_endpoint_xfer_continue+0x14>
20000cd8:	7881      	ldrb	r1, [r0, #2]
20000cda:	4801      	ldr	r0, [pc, #4]	@ (20000ce0 <hw_endpoint_xfer_continue+0x3c>)
20000cdc:	f000 f910 	bl	20000f00 <__panic_veneer>
20000ce0:	10006c64 	.word	0x10006c64

20000ce4 <dcd_event_handler>:
20000ce4:	b5f0      	push	{r4, r5, r6, r7, lr}
20000ce6:	4647      	mov	r7, r8
20000ce8:	46ce      	mov	lr, r9
20000cea:	b580      	push	{r7, lr}
20000cec:	7843      	ldrb	r3, [r0, #1]
20000cee:	0005      	movs	r5, r0
20000cf0:	000f      	movs	r7, r1
20000cf2:	b085      	sub	sp, #20
20000cf4:	2b06      	cmp	r3, #6
20000cf6:	d807      	bhi.n	20000d08 <dcd_event_handler+0x24>
20000cf8:	4a68      	ldr	r2, [pc, #416]	@ (20000e9c <dcd_event_handler+0x1b8>)
20000cfa:	009b      	lsls	r3, r3, #2
20000cfc:	58d3      	ldr	r3, [r2, r3]
20000cfe:	469f      	mov	pc, r3
20000d00:	4a67      	ldr	r2, [pc, #412]	@ (20000ea0 <dcd_event_handler+0x1bc>)
20000d02:	7813      	ldrb	r3, [r2, #0]
20000d04:	3301      	adds	r3, #1
20000d06:	7013      	strb	r3, [r2, #0]
20000d08:	4b66      	ldr	r3, [pc, #408]	@ (20000ea4 <dcd_event_handler+0x1c0>)
20000d0a:	681c      	ldr	r4, [r3, #0]
20000d0c:	6962      	ldr	r2, [r4, #20]
20000d0e:	f3ef 8110 	mrs	r1, PRIMASK
20000d12:	b672      	cpsid	i
20000d14:	6813      	ldr	r3, [r2, #0]
20000d16:	2b00      	cmp	r3, #0
20000d18:	d0fc      	beq.n	20000d14 <dcd_event_handler+0x30>
20000d1a:	f3bf 8f5f 	dmb	sy
20000d1e:	61a1      	str	r1, [r4, #24]
20000d20:	0020      	movs	r0, r4
20000d22:	0029      	movs	r1, r5
20000d24:	f000 f8d4 	bl	20000ed0 <__tu_fifo_write_veneer>
20000d28:	6962      	ldr	r2, [r4, #20]
20000d2a:	69a3      	ldr	r3, [r4, #24]
20000d2c:	f3bf 8f5f 	dmb	sy
20000d30:	2100      	movs	r1, #0
20000d32:	6011      	str	r1, [r2, #0]
20000d34:	f383 8810 	msr	PRIMASK, r3
20000d38:	2800      	cmp	r0, #0
20000d3a:	d104      	bne.n	20000d46 <dcd_event_handler+0x62>
20000d3c:	b005      	add	sp, #20
20000d3e:	bcc0      	pop	{r6, r7}
20000d40:	46b9      	mov	r9, r7
20000d42:	46b0      	mov	r8, r6
20000d44:	bdf0      	pop	{r4, r5, r6, r7, pc}
20000d46:	003a      	movs	r2, r7
20000d48:	7869      	ldrb	r1, [r5, #1]
20000d4a:	7828      	ldrb	r0, [r5, #0]
20000d4c:	f000 f8b8 	bl	20000ec0 <__tud_event_hook_cb_veneer>
20000d50:	e7f4      	b.n	20000d3c <dcd_event_handler+0x58>
20000d52:	2101      	movs	r1, #1
20000d54:	4b54      	ldr	r3, [pc, #336]	@ (20000ea8 <dcd_event_handler+0x1c4>)
20000d56:	781a      	ldrb	r2, [r3, #0]
20000d58:	438a      	bics	r2, r1
20000d5a:	701a      	strb	r2, [r3, #0]
20000d5c:	781a      	ldrb	r2, [r3, #0]
20000d5e:	3101      	adds	r1, #1
20000d60:	438a      	bics	r2, r1
20000d62:	701a      	strb	r2, [r3, #0]
20000d64:	2200      	movs	r2, #0
20000d66:	705a      	strb	r2, [r3, #1]
20000d68:	781a      	ldrb	r2, [r3, #0]
20000d6a:	3102      	adds	r1, #2
20000d6c:	438a      	bics	r2, r1
20000d6e:	701a      	strb	r2, [r3, #0]
20000d70:	e7ca      	b.n	20000d08 <dcd_event_handler+0x24>
20000d72:	4b4e      	ldr	r3, [pc, #312]	@ (20000eac <dcd_event_handler+0x1c8>)
20000d74:	2400      	movs	r4, #0
20000d76:	001e      	movs	r6, r3
20000d78:	781a      	ldrb	r2, [r3, #0]
20000d7a:	4b4d      	ldr	r3, [pc, #308]	@ (20000eb0 <dcd_event_handler+0x1cc>)
20000d7c:	4698      	mov	r8, r3
20000d7e:	4b4d      	ldr	r3, [pc, #308]	@ (20000eb4 <dcd_event_handler+0x1d0>)
20000d80:	4699      	mov	r9, r3
20000d82:	e010      	b.n	20000da6 <dcd_event_handler+0xc2>
20000d84:	464b      	mov	r3, r9
20000d86:	681b      	ldr	r3, [r3, #0]
20000d88:	0161      	lsls	r1, r4, #5
20000d8a:	185b      	adds	r3, r3, r1
20000d8c:	2b00      	cmp	r3, #0
20000d8e:	d006      	beq.n	20000d9e <dcd_event_handler+0xba>
20000d90:	69db      	ldr	r3, [r3, #28]
20000d92:	2b00      	cmp	r3, #0
20000d94:	d003      	beq.n	20000d9e <dcd_event_handler+0xba>
20000d96:	6869      	ldr	r1, [r5, #4]
20000d98:	7828      	ldrb	r0, [r5, #0]
20000d9a:	4798      	blx	r3
20000d9c:	7832      	ldrb	r2, [r6, #0]
20000d9e:	3401      	adds	r4, #1
20000da0:	b2e4      	uxtb	r4, r4
20000da2:	4294      	cmp	r4, r2
20000da4:	d817      	bhi.n	20000dd6 <dcd_event_handler+0xf2>
20000da6:	42a2      	cmp	r2, r4
20000da8:	d8ec      	bhi.n	20000d84 <dcd_event_handler+0xa0>
20000daa:	1aa3      	subs	r3, r4, r2
20000dac:	015b      	lsls	r3, r3, #5
20000dae:	4443      	add	r3, r8
20000db0:	e7ee      	b.n	20000d90 <dcd_event_handler+0xac>
20000db2:	4b3d      	ldr	r3, [pc, #244]	@ (20000ea8 <dcd_event_handler+0x1c4>)
20000db4:	781a      	ldrb	r2, [r3, #0]
20000db6:	07d2      	lsls	r2, r2, #31
20000db8:	d5c0      	bpl.n	20000d3c <dcd_event_handler+0x58>
20000dba:	2104      	movs	r1, #4
20000dbc:	781a      	ldrb	r2, [r3, #0]
20000dbe:	430a      	orrs	r2, r1
20000dc0:	701a      	strb	r2, [r3, #0]
20000dc2:	e7a1      	b.n	20000d08 <dcd_event_handler+0x24>
20000dc4:	4b38      	ldr	r3, [pc, #224]	@ (20000ea8 <dcd_event_handler+0x1c4>)
20000dc6:	781a      	ldrb	r2, [r3, #0]
20000dc8:	07d2      	lsls	r2, r2, #31
20000dca:	d5b7      	bpl.n	20000d3c <dcd_event_handler+0x58>
20000dcc:	2104      	movs	r1, #4
20000dce:	781a      	ldrb	r2, [r3, #0]
20000dd0:	438a      	bics	r2, r1
20000dd2:	701a      	strb	r2, [r3, #0]
20000dd4:	e798      	b.n	20000d08 <dcd_event_handler+0x24>
20000dd6:	4a34      	ldr	r2, [pc, #208]	@ (20000ea8 <dcd_event_handler+0x1c4>)
20000dd8:	7813      	ldrb	r3, [r2, #0]
20000dda:	4690      	mov	r8, r2
20000ddc:	0011      	movs	r1, r2
20000dde:	075b      	lsls	r3, r3, #29
20000de0:	d528      	bpl.n	20000e34 <dcd_event_handler+0x150>
20000de2:	7813      	ldrb	r3, [r2, #0]
20000de4:	2204      	movs	r2, #4
20000de6:	ac01      	add	r4, sp, #4
20000de8:	4393      	bics	r3, r2
20000dea:	700b      	strb	r3, [r1, #0]
20000dec:	0020      	movs	r0, r4
20000dee:	2100      	movs	r1, #0
20000df0:	3208      	adds	r2, #8
20000df2:	f000 f875 	bl	20000ee0 <____wrap_memset_veneer>
20000df6:	782b      	ldrb	r3, [r5, #0]
20000df8:	7023      	strb	r3, [r4, #0]
20000dfa:	2305      	movs	r3, #5
20000dfc:	7063      	strb	r3, [r4, #1]
20000dfe:	4b29      	ldr	r3, [pc, #164]	@ (20000ea4 <dcd_event_handler+0x1c0>)
20000e00:	681b      	ldr	r3, [r3, #0]
20000e02:	0018      	movs	r0, r3
20000e04:	695a      	ldr	r2, [r3, #20]
20000e06:	f3ef 8110 	mrs	r1, PRIMASK
20000e0a:	b672      	cpsid	i
20000e0c:	6813      	ldr	r3, [r2, #0]
20000e0e:	2b00      	cmp	r3, #0
20000e10:	d0fc      	beq.n	20000e0c <dcd_event_handler+0x128>
20000e12:	f3bf 8f5f 	dmb	sy
20000e16:	0006      	movs	r6, r0
20000e18:	6181      	str	r1, [r0, #24]
20000e1a:	0021      	movs	r1, r4
20000e1c:	f000 f858 	bl	20000ed0 <__tu_fifo_write_veneer>
20000e20:	6972      	ldr	r2, [r6, #20]
20000e22:	69b3      	ldr	r3, [r6, #24]
20000e24:	f3bf 8f5f 	dmb	sy
20000e28:	2100      	movs	r1, #0
20000e2a:	6011      	str	r1, [r2, #0]
20000e2c:	f383 8810 	msr	PRIMASK, r3
20000e30:	2800      	cmp	r0, #0
20000e32:	d12c      	bne.n	20000e8e <dcd_event_handler+0x1aa>
20000e34:	4643      	mov	r3, r8
20000e36:	78db      	ldrb	r3, [r3, #3]
20000e38:	07db      	lsls	r3, r3, #31
20000e3a:	d400      	bmi.n	20000e3e <dcd_event_handler+0x15a>
20000e3c:	e77e      	b.n	20000d3c <dcd_event_handler+0x58>
20000e3e:	782b      	ldrb	r3, [r5, #0]
20000e40:	ac01      	add	r4, sp, #4
20000e42:	7023      	strb	r3, [r4, #0]
20000e44:	2303      	movs	r3, #3
20000e46:	7063      	strb	r3, [r4, #1]
20000e48:	686b      	ldr	r3, [r5, #4]
20000e4a:	6063      	str	r3, [r4, #4]
20000e4c:	4b15      	ldr	r3, [pc, #84]	@ (20000ea4 <dcd_event_handler+0x1c0>)
20000e4e:	681d      	ldr	r5, [r3, #0]
20000e50:	696a      	ldr	r2, [r5, #20]
20000e52:	f3ef 8110 	mrs	r1, PRIMASK
20000e56:	b672      	cpsid	i
20000e58:	6813      	ldr	r3, [r2, #0]
20000e5a:	2b00      	cmp	r3, #0
20000e5c:	d0fc      	beq.n	20000e58 <dcd_event_handler+0x174>
20000e5e:	f3bf 8f5f 	dmb	sy
20000e62:	61a9      	str	r1, [r5, #24]
20000e64:	0028      	movs	r0, r5
20000e66:	0021      	movs	r1, r4
20000e68:	f000 f832 	bl	20000ed0 <__tu_fifo_write_veneer>
20000e6c:	696a      	ldr	r2, [r5, #20]
20000e6e:	69ab      	ldr	r3, [r5, #24]
20000e70:	f3bf 8f5f 	dmb	sy
20000e74:	2100      	movs	r1, #0
20000e76:	6011      	str	r1, [r2, #0]
20000e78:	f383 8810 	msr	PRIMASK, r3
20000e7c:	2800      	cmp	r0, #0
20000e7e:	d100      	bne.n	20000e82 <dcd_event_handler+0x19e>
20000e80:	e75c      	b.n	20000d3c <dcd_event_handler+0x58>
20000e82:	003a      	movs	r2, r7
20000e84:	7861      	ldrb	r1, [r4, #1]
20000e86:	7820      	ldrb	r0, [r4, #0]
20000e88:	f000 f81a 	bl	20000ec0 <__tud_event_hook_cb_veneer>
20000e8c:	e756      	b.n	20000d3c <dcd_event_handler+0x58>
20000e8e:	003a      	movs	r2, r7
20000e90:	7861      	ldrb	r1, [r4, #1]
20000e92:	7820      	ldrb	r0, [r4, #0]
20000e94:	f000 f814 	bl	20000ec0 <__tud_event_hook_cb_veneer>
20000e98:	e7cc      	b.n	20000e34 <dcd_event_handler+0x150>
20000e9a:	46c0      	nop			@ (mov r8, r8)
20000e9c:	100070e8 	.word	0x100070e8
20000ea0:	20001c53 	.word	0x20001c53
20000ea4:	200015c0 	.word	0x200015c0
20000ea8:	20001568 	.word	0x20001568
20000eac:	20001c51 	.word	0x20001c51
20000eb0:	10007104 	.word	0x10007104
20000eb4:	20001480 	.word	0x20001480

20000eb8 <__aeabi_idiv0>:
20000eb8:	4770      	bx	lr
20000eba:	46c0      	nop			@ (mov r8, r8)
20000ebc:	0000      	movs	r0, r0
	...

20000ec0 <__tud_event_hook_cb_veneer>:
20000ec0:	b401      	push	{r0}
20000ec2:	4802      	ldr	r0, [pc, #8]	@ (20000ecc <__tud_event_hook_cb_veneer+0xc>)
20000ec4:	4684      	mov	ip, r0
20000ec6:	bc01      	pop	{r0}
20000ec8:	4760      	bx	ip
20000eca:	bf00      	nop
20000ecc:	10005175 	.word	0x10005175

20000ed0 <__tu_fifo_write_veneer>:
20000ed0:	b401      	push	{r0}
20000ed2:	4802      	ldr	r0, [pc, #8]	@ (20000edc <__tu_fifo_write_veneer+0xc>)
20000ed4:	4684      	mov	ip, r0
20000ed6:	bc01      	pop	{r0}
20000ed8:	4760      	bx	ip
20000eda:	bf00      	nop
20000edc:	10006721 	.word	0x10006721

20000ee0 <____wrap_memset_veneer>:
20000ee0:	b401      	push	{r0}
20000ee2:	4802      	ldr	r0, [pc, #8]	@ (20000eec <____wrap_memset_veneer+0xc>)
20000ee4:	4684      	mov	ip, r0
20000ee6:	bc01      	pop	{r0}
20000ee8:	4760      	bx	ip
20000eea:	bf00      	nop
20000eec:	10002b11 	.word	0x10002b11

20000ef0 <__rp2040_chip_version_veneer>:
20000ef0:	b401      	push	{r0}
20000ef2:	4802      	ldr	r0, [pc, #8]	@ (20000efc <__rp2040_chip_version_veneer+0xc>)
20000ef4:	4684      	mov	ip, r0
20000ef6:	bc01      	pop	{r0}
20000ef8:	4760      	bx	ip
20000efa:	bf00      	nop
20000efc:	1000075d 	.word	0x1000075d

20000f00 <__panic_veneer>:
20000f00:	b401      	push	{r0}
20000f02:	4802      	ldr	r0, [pc, #8]	@ (20000f0c <__panic_veneer+0xc>)
20000f04:	4684      	mov	ip, r0
20000f06:	bc01      	pop	{r0}
20000f08:	4760      	bx	ip
20000f0a:	bf00      	nop
20000f0c:	10000769 	.word	0x10000769

20000f10 <____wrap___aeabi_lmul_veneer>:
20000f10:	b401      	push	{r0}
20000f12:	4802      	ldr	r0, [pc, #8]	@ (20000f1c <____wrap___aeabi_lmul_veneer+0xc>)
20000f14:	4684      	mov	ip, r0
20000f16:	bc01      	pop	{r0}
20000f18:	4760      	bx	ip
20000f1a:	bf00      	nop
20000f1c:	10002a39 	.word	0x10002a39

20000f20 <__best_effort_wfe_or_timeout_veneer>:
20000f20:	b401      	push	{r0}
20000f22:	4802      	ldr	r0, [pc, #8]	@ (20000f2c <__best_effort_wfe_or_timeout_veneer+0xc>)
20000f24:	4684      	mov	ip, r0
20000f26:	bc01      	pop	{r0}
20000f28:	4760      	bx	ip
20000f2a:	bf00      	nop
20000f2c:	100015e1 	.word	0x100015e1

20000f30 <__time_us_64_veneer>:
20000f30:	b401      	push	{r0}
20000f32:	4802      	ldr	r0, [pc, #8]	@ (20000f3c <__time_us_64_veneer+0xc>)
20000f34:	4684      	mov	ip, r0
20000f36:	bc01      	pop	{r0}
20000f38:	4760      	bx	ip
20000f3a:	bf00      	nop
20000f3c:	10001731 	.word	0x10001731

20000f40 <striped_spin_lock_num>:
20000f40:	00000010                                ....

20000f44 <irq_handler_chain_slots>:
20000f44:	00000000 	.word	0x00000000
20000f48:	00010000 	.word	0x00010000
	...
20000f54:	00020000 	.word	0x00020000
	...
20000f60:	00030000 	.word	0x00030000
	...
20000f6c:	00040000 	.word	0x00040000
	...
20000f78:	00050000 	.word	0x00050000
	...
20000f84:	00ff0000 	.word	0x00ff0000
20000f88:	00000000 	.word	0x00000000

20000f8c <irq_handler_chain_first_slot>:
20000f8c:	b501      	push	{r0, lr}
20000f8e:	6848      	ldr	r0, [r1, #4]
20000f90:	3101      	adds	r1, #1
20000f92:	468e      	mov	lr, r1
20000f94:	4700      	bx	r0

20000f96 <irq_handler_chain_remove_tail>:
20000f96:	4670      	mov	r0, lr
20000f98:	3809      	subs	r0, #9
20000f9a:	4901      	ldr	r1, [pc, #4]	@ (20000fa0 <irq_handler_chain_remove_tail+0xa>)
20000f9c:	4788      	blx	r1
20000f9e:	bd01      	pop	{r0, pc}
20000fa0:	10000d41 	.word	0x10000d41
20000fa4:	00000000 	.word	0x00000000

20000fa8 <last_added.0>:
20000fa8:	ffffffff 7fffffff                       ........

20000fb0 <default_alarm_pool>:
	...
20000fc4:	200010f8 00000000 00000000              ... ........

20000fd0 <aeabi_bits_funcs>:
20000fd0:	00003350 	.word	0x00003350
20000fd4:	0000334c 	.word	0x0000334c
20000fd8:	00003354 	.word	0x00003354
20000fdc:	00003352 	.word	0x00003352

20000fe0 <aeabi_bits_funcs_end>:
20000fe0:	0000534d 	.word	0x0000534d
20000fe4:	0000434d 	.word	0x0000434d
20000fe8:	00003453 	.word	0x00003453
20000fec:	00003443 	.word	0x00003443

20000ff0 <stdio_usb>:
20000ff0:	10004819 100047cd 10004741 100046b9     .H...G..AG...F..
20001000:	00000000 00000100                       ........

20001008 <_usbd_qdef>:
20001008:	200015c4 000c0010 00000000 00000000     ... ............
	...

20001024 <_usbd_rhport>:
20001024:	000000ff                                ....

20001028 <print_mutex>:
	...
