
/Users/andrew/pico/my-projects/stepper/build/stepper.elf:     file format elf32-littlearm

Sections:
Idx Name          Size      VMA       LMA       File off  Algn
  0 .boot2        00000100  10000000  10000000  00001000  2**0
                  CONTENTS, ALLOC, LOAD, READONLY, CODE
  1 .text         00004170  10000100  10000100  00001100  2**3
                  CONTENTS, ALLOC, LOAD, READONLY, CODE
  2 .rodata       00000470  10004270  10004270  00005270  2**2
                  CONTENTS, ALLOC, LOAD, READONLY, DATA
  3 .binary_info  00000020  100046e0  100046e0  000056e0  2**2
                  CONTENTS, ALLOC, LOAD, READONLY, DATA
  4 .xip_ram      00000000  15000000  15000000  00007030  2**0
                  CONTENTS
  5 .ram_vector_table 000000c0  20000000  20000000  00008000  2**2
                  ALLOC
  6 .uninitialized_data 00000000  200000c0  200000c0  00007030  2**0
                  CONTENTS
  7 .data         00000f70  200000c0  10004700  000060c0  2**4
                  CONTENTS, ALLOC, LOAD, READONLY, CODE
  8 .tdata        00000000  20001030  20001030  00007030  2**0
                  CONTENTS, ALLOC, LOAD, DATA, THREAD_LOCAL
  9 .tbss         00000000  20001030  20001030  00000000  2**0
                  ALLOC, THREAD_LOCAL
 10 .tbss_space   00000000  20001030  20001030  00007030  2**0
                  CONTENTS
 11 .bss          00000c18  20001030  10005670  00007030  2**3
                  ALLOC
 12 .tls0         00000000  20001c48  20001c48  00007030  2**0
                  CONTENTS
 13 .tls1         00000000  20001c48  20001c48  00007030  2**0
                  CONTENTS
 14 .persistent_data 00000000  20001c48  20001c48  00007030  2**0
                  CONTENTS
 15 .dummy_pre_heap 00000000  20001c48  20001c48  00007030  2**0
                  CONTENTS
 16 .heap         00000800  20001c48  20001c48  00008000  2**2
                  ALLOC, READONLY
 17 .scratch_x    00000000  20040000  20040000  00007030  2**0
                  CONTENTS
 18 .scratch_y    00000000  20041000  20041000  00007030  2**0
                  CONTENTS
 19 .stack_dummy  00000800  20041000  20041000  00008000  2**5
                  ALLOC, READONLY
 20 .debug_info   0002f0a6  00000000  00000000  00007030  2**0
                  CONTENTS, READONLY, DEBUGGING, OCTETS
 21 .debug_abbrev 00008700  00000000  00000000  000360d6  2**0
                  CONTENTS, READONLY, DEBUGGING, OCTETS
 22 .debug_loclists 00019d26  00000000  00000000  0003e7d6  2**0
                  CONTENTS, READONLY, DEBUGGING, OCTETS
 23 .debug_aranges 00001648  00000000  00000000  00058500  2**3
                  CONTENTS, READONLY, DEBUGGING, OCTETS
 24 .debug_rnglists 000044d4  00000000  00000000  00059b48  2**0
                  CONTENTS, READONLY, DEBUGGING, OCTETS
 25 .debug_line   00022843  00000000  00000000  0005e01c  2**0
                  CONTENTS, READONLY, DEBUGGING, OCTETS
 26 .debug_str    000087f3  00000000  00000000  0008085f  2**0
                  CONTENTS, READONLY, DEBUGGING, OCTETS
 27 .comment      00000046  00000000  00000000  00089052  2**0
                  CONTENTS, READONLY
 28 .ARM.attributes 0000002a  00000000  00000000  00089098  2**0
                  CONTENTS, READONLY
 29 .debug_frame  00002d24  00000000  00000000  000890c4  2**2
                  CONTENTS, READONLY, DEBUGGING, OCTETS
 30 .debug_line_str 0000034e  00000000  00000000  0008bde8  2**0
                  CONTENTS, READONLY, DEBUGGING, OCTETS

/Users/andrew/pico/my-projects/stepper/build/stepper.elf:     file format elf32-littlearm


Disassembly of section .boot2:

10000000 <__boot2_start__>:
10000000:	4b32b500 	.word	0x4b32b500
10000004:	60582021 	.word	0x60582021
10000008:	21026898 	.word	0x21026898
1000000c:	60984388 	.word	0x60984388
10000010:	611860d8 	.word	0x611860d8
10000014:	4b2e6158 	.word	0x4b2e6158
10000018:	60992100 	.word	0x60992100
1000001c:	61592102 	.word	0x61592102
10000020:	22f02101 	.word	0x22f02101
10000024:	492b5099 	.word	0x492b5099
10000028:	21016019 	.word	0x21016019
1000002c:	20356099 	.word	0x20356099
10000030:	f844f000 	.word	0xf844f000
10000034:	42902202 	.word	0x42902202
10000038:	2106d014 	.word	0x2106d014
1000003c:	f0006619 	.word	0xf0006619
10000040:	6e19f834 	.word	0x6e19f834
10000044:	66192101 	.word	0x66192101
10000048:	66182000 	.word	0x66182000
1000004c:	f000661a 	.word	0xf000661a
10000050:	6e19f82c 	.word	0x6e19f82c
10000054:	6e196e19 	.word	0x6e196e19
10000058:	f0002005 	.word	0xf0002005
1000005c:	2101f82f 	.word	0x2101f82f
10000060:	d1f94208 	.word	0xd1f94208
10000064:	60992100 	.word	0x60992100
10000068:	6019491b 	.word	0x6019491b
1000006c:	60592100 	.word	0x60592100
10000070:	481b491a 	.word	0x481b491a
10000074:	21016001 	.word	0x21016001
10000078:	21eb6099 	.word	0x21eb6099
1000007c:	21a06619 	.word	0x21a06619
10000080:	f0006619 	.word	0xf0006619
10000084:	2100f812 	.word	0x2100f812
10000088:	49166099 	.word	0x49166099
1000008c:	60014814 	.word	0x60014814
10000090:	60992101 	.word	0x60992101
10000094:	2800bc01 	.word	0x2800bc01
10000098:	4700d000 	.word	0x4700d000
1000009c:	49134812 	.word	0x49134812
100000a0:	c8036008 	.word	0xc8036008
100000a4:	8808f380 	.word	0x8808f380
100000a8:	b5034708 	.word	0xb5034708
100000ac:	20046a99 	.word	0x20046a99
100000b0:	d0fb4201 	.word	0xd0fb4201
100000b4:	42012001 	.word	0x42012001
100000b8:	bd03d1f8 	.word	0xbd03d1f8
100000bc:	6618b502 	.word	0x6618b502
100000c0:	f7ff6618 	.word	0xf7ff6618
100000c4:	6e18fff2 	.word	0x6e18fff2
100000c8:	bd026e18 	.word	0xbd026e18
100000cc:	40020000 	.word	0x40020000
100000d0:	18000000 	.word	0x18000000
100000d4:	00070000 	.word	0x00070000
100000d8:	005f0300 	.word	0x005f0300
100000dc:	00002221 	.word	0x00002221
100000e0:	180000f4 	.word	0x180000f4
100000e4:	a0002022 	.word	0xa0002022
100000e8:	10000100 	.word	0x10000100
100000ec:	e000ed08 	.word	0xe000ed08
	...
100000fc:	7a4eb274 	.word	0x7a4eb274

Disassembly of section .text:

10000100 <__VECTOR_TABLE>:
10000100:	20042000 	.word	0x20042000
10000104:	100001f7 	.word	0x100001f7
10000108:	100001cb 	.word	0x100001cb
1000010c:	100001cd 	.word	0x100001cd
10000110:	100001c9 	.word	0x100001c9
10000114:	100001c9 	.word	0x100001c9
10000118:	100001c9 	.word	0x100001c9
1000011c:	100001c9 	.word	0x100001c9
10000120:	100001c9 	.word	0x100001c9
10000124:	100001c9 	.word	0x100001c9
10000128:	100001c9 	.word	0x100001c9
1000012c:	100001cf 	.word	0x100001cf
10000130:	100001c9 	.word	0x100001c9
10000134:	100001c9 	.word	0x100001c9
10000138:	100001d1 	.word	0x100001d1
1000013c:	100001d3 	.word	0x100001d3
10000140:	100001c1 	.word	0x100001c1
10000144:	100001c1 	.word	0x100001c1
10000148:	100001c1 	.word	0x100001c1
1000014c:	100001c1 	.word	0x100001c1
10000150:	100001c1 	.word	0x100001c1
10000154:	100001c1 	.word	0x100001c1
10000158:	100001c1 	.word	0x100001c1
1000015c:	100001c1 	.word	0x100001c1
10000160:	100001c1 	.word	0x100001c1
10000164:	100001c1 	.word	0x100001c1
10000168:	100001c1 	.word	0x100001c1
1000016c:	100001c1 	.word	0x100001c1
10000170:	100001c1 	.word	0x100001c1
10000174:	100001c1 	.word	0x100001c1
10000178:	100001c1 	.word	0x100001c1
1000017c:	100001c1 	.word	0x100001c1
10000180:	100001c1 	.word	0x100001c1
10000184:	100001c1 	.word	0x100001c1
10000188:	100001c1 	.word	0x100001c1
1000018c:	100001c1 	.word	0x100001c1
10000190:	100001c1 	.word	0x100001c1
10000194:	100001c1 	.word	0x100001c1
10000198:	100001c1 	.word	0x100001c1
1000019c:	100001c1 	.word	0x100001c1
100001a0:	100001c1 	.word	0x100001c1
100001a4:	100001c1 	.word	0x100001c1
100001a8:	100001c1 	.word	0x100001c1
100001ac:	100001c1 	.word	0x100001c1
100001b0:	100001c1 	.word	0x100001c1
100001b4:	100001c1 	.word	0x100001c1
100001b8:	100001c1 	.word	0x100001c1
100001bc:	100001c1 	.word	0x100001c1

100001c0 <__unhandled_user_irq>:
100001c0:	f3ef 8005 	mrs	r0, IPSR
100001c4:	3810      	subs	r0, #16

100001c6 <unhandled_user_irq_num_in_r0>:
100001c6:	be00      	bkpt	0x0000

100001c8 <isr_invalid>:
100001c8:	be00      	bkpt	0x0000

100001ca <isr_nmi>:
100001ca:	be00      	bkpt	0x0000

100001cc <isr_hardfault>:
100001cc:	be00      	bkpt	0x0000

100001ce <isr_svcall>:
100001ce:	be00      	bkpt	0x0000

100001d0 <isr_pendsv>:
100001d0:	be00      	bkpt	0x0000

100001d2 <isr_systick>:
100001d2:	be00      	bkpt	0x0000

100001d4 <__default_isrs_end>:
100001d4:	7188ebf2 	.word	0x7188ebf2
100001d8:	100046e0 	.word	0x100046e0
100001dc:	10004700 	.word	0x10004700
100001e0:	10000238 	.word	0x10000238
100001e4:	e71aa390 	.word	0xe71aa390

100001e8 <_entry_point>:
100001e8:	2000      	movs	r0, #0

100001ea <_enter_vtable_in_r0>:
100001ea:	491e      	ldr	r1, [pc, #120]	@ (10000264 <data_cpy_table+0x2c>)
100001ec:	6008      	str	r0, [r1, #0]
100001ee:	c806      	ldmia	r0!, {r1, r2}
100001f0:	f381 8808 	msr	MSP, r1
100001f4:	4710      	bx	r2

100001f6 <_reset_handler>:
100001f6:	481c      	ldr	r0, [pc, #112]	@ (10000268 <data_cpy_table+0x30>)
100001f8:	6800      	ldr	r0, [r0, #0]
100001fa:	2800      	cmp	r0, #0
100001fc:	d001      	beq.n	10000202 <hold_non_core0_in_bootrom+0x4>

100001fe <hold_non_core0_in_bootrom>:
100001fe:	2000      	movs	r0, #0
10000200:	e7f3      	b.n	100001ea <_enter_vtable_in_r0>
10000202:	a40d      	add	r4, pc, #52	@ (adr r4, 10000238 <data_cpy_table>)
10000204:	cc0e      	ldmia	r4!, {r1, r2, r3}
10000206:	2900      	cmp	r1, #0
10000208:	d002      	beq.n	10000210 <hold_non_core0_in_bootrom+0x12>
1000020a:	f000 f812 	bl	10000232 <data_cpy>
1000020e:	e7f9      	b.n	10000204 <hold_non_core0_in_bootrom+0x6>
10000210:	4916      	ldr	r1, [pc, #88]	@ (1000026c <data_cpy_table+0x34>)
10000212:	4a17      	ldr	r2, [pc, #92]	@ (10000270 <data_cpy_table+0x38>)
10000214:	2000      	movs	r0, #0
10000216:	e000      	b.n	1000021a <bss_fill_test>

10000218 <bss_fill_loop>:
10000218:	c101      	stmia	r1!, {r0}

1000021a <bss_fill_test>:
1000021a:	4291      	cmp	r1, r2
1000021c:	d1fc      	bne.n	10000218 <bss_fill_loop>

1000021e <platform_entry>:
1000021e:	4915      	ldr	r1, [pc, #84]	@ (10000274 <data_cpy_table+0x3c>)
10000220:	4788      	blx	r1
10000222:	4915      	ldr	r1, [pc, #84]	@ (10000278 <data_cpy_table+0x40>)
10000224:	4788      	blx	r1
10000226:	4915      	ldr	r1, [pc, #84]	@ (1000027c <data_cpy_table+0x44>)
10000228:	4788      	blx	r1
1000022a:	be00      	bkpt	0x0000
1000022c:	e7fd      	b.n	1000022a <platform_entry+0xc>

1000022e <data_cpy_loop>:
1000022e:	c901      	ldmia	r1!, {r0}
10000230:	c201      	stmia	r2!, {r0}

10000232 <data_cpy>:
10000232:	429a      	cmp	r2, r3
10000234:	d3fb      	bcc.n	1000022e <data_cpy_loop>

10000236 <data_cpy_done>:
10000236:	4770      	bx	lr

10000238 <data_cpy_table>:
10000238:	10004700 	.word	0x10004700
1000023c:	200000c0 	.word	0x200000c0
10000240:	20001030 	.word	0x20001030
10000244:	10005670 	.word	0x10005670
10000248:	20040000 	.word	0x20040000
1000024c:	20040000 	.word	0x20040000
10000250:	10005670 	.word	0x10005670
10000254:	20041000 	.word	0x20041000
10000258:	20041000 	.word	0x20041000
1000025c:	00000000 	.word	0x00000000
10000260:	4770      	bx	lr
10000262:	0000      	.short	0x0000
10000264:	e000ed08 	.word	0xe000ed08
10000268:	d0000000 	.word	0xd0000000
1000026c:	20001030 	.word	0x20001030
10000270:	20001c48 	.word	0x20001c48
10000274:	10001b59 	.word	0x10001b59
10000278:	10000281 	.word	0x10000281
1000027c:	10001b51 	.word	0x10001b51

10000280 <main>:
10000280:	b5f0      	push	{r4, r5, r6, r7, lr}
10000282:	46c6      	mov	lr, r8
10000284:	b500      	push	{lr}
10000286:	f001 fd5f 	bl	10001d48 <stdio_init_all>
1000028a:	20fa      	movs	r0, #250	@ 0xfa
1000028c:	00c0      	lsls	r0, r0, #3
1000028e:	f000 fed7 	bl	10001040 <sleep_ms>
10000292:	24d0      	movs	r4, #208	@ 0xd0
10000294:	2002      	movs	r0, #2
10000296:	f000 f859 	bl	1000034c <gpio_init>
1000029a:	2304      	movs	r3, #4
1000029c:	0624      	lsls	r4, r4, #24
1000029e:	6263      	str	r3, [r4, #36]	@ 0x24
100002a0:	2003      	movs	r0, #3
100002a2:	61a3      	str	r3, [r4, #24]
100002a4:	f000 f852 	bl	1000034c <gpio_init>
100002a8:	2308      	movs	r3, #8
100002aa:	2510      	movs	r5, #16
100002ac:	6263      	str	r3, [r4, #36]	@ 0x24
100002ae:	2004      	movs	r0, #4
100002b0:	f000 f84c 	bl	1000034c <gpio_init>
100002b4:	6265      	str	r5, [r4, #36]	@ 0x24
100002b6:	4822      	ldr	r0, [pc, #136]	@ (10000340 <main+0xc0>)
100002b8:	6165      	str	r5, [r4, #20]
100002ba:	f001 fd93 	bl	10001de4 <__wrap_puts>
100002be:	20fa      	movs	r0, #250	@ 0xfa
100002c0:	0040      	lsls	r0, r0, #1
100002c2:	f000 febd 	bl	10001040 <sleep_ms>
100002c6:	2064      	movs	r0, #100	@ 0x64
100002c8:	61a5      	str	r5, [r4, #24]
100002ca:	f000 feb9 	bl	10001040 <sleep_ms>
100002ce:	4b1d      	ldr	r3, [pc, #116]	@ (10000344 <main+0xc4>)
100002d0:	4f1d      	ldr	r7, [pc, #116]	@ (10000348 <main+0xc8>)
100002d2:	4698      	mov	r8, r3
100002d4:	4640      	mov	r0, r8
100002d6:	f001 fd85 	bl	10001de4 <__wrap_puts>
100002da:	2308      	movs	r3, #8
100002dc:	25c8      	movs	r5, #200	@ 0xc8
100002de:	2604      	movs	r6, #4
100002e0:	6163      	str	r3, [r4, #20]
100002e2:	20fa      	movs	r0, #250	@ 0xfa
100002e4:	2100      	movs	r1, #0
100002e6:	0080      	lsls	r0, r0, #2
100002e8:	6166      	str	r6, [r4, #20]
100002ea:	f000 fe33 	bl	10000f54 <sleep_us>
100002ee:	20fa      	movs	r0, #250	@ 0xfa
100002f0:	2100      	movs	r1, #0
100002f2:	61a6      	str	r6, [r4, #24]
100002f4:	0080      	lsls	r0, r0, #2
100002f6:	3d01      	subs	r5, #1
100002f8:	f000 fe2c 	bl	10000f54 <sleep_us>
100002fc:	2d00      	cmp	r5, #0
100002fe:	d1f0      	bne.n	100002e2 <main+0x62>
10000300:	20fa      	movs	r0, #250	@ 0xfa
10000302:	0080      	lsls	r0, r0, #2
10000304:	f000 fe9c 	bl	10001040 <sleep_ms>
10000308:	0038      	movs	r0, r7
1000030a:	f001 fd6b 	bl	10001de4 <__wrap_puts>
1000030e:	2308      	movs	r3, #8
10000310:	2604      	movs	r6, #4
10000312:	61a3      	str	r3, [r4, #24]
10000314:	35c8      	adds	r5, #200	@ 0xc8
10000316:	20fa      	movs	r0, #250	@ 0xfa
10000318:	2100      	movs	r1, #0
1000031a:	0080      	lsls	r0, r0, #2
1000031c:	6166      	str	r6, [r4, #20]
1000031e:	f000 fe19 	bl	10000f54 <sleep_us>
10000322:	20fa      	movs	r0, #250	@ 0xfa
10000324:	2100      	movs	r1, #0
10000326:	61a6      	str	r6, [r4, #24]
10000328:	0080      	lsls	r0, r0, #2
1000032a:	3d01      	subs	r5, #1
1000032c:	f000 fe12 	bl	10000f54 <sleep_us>
10000330:	2d00      	cmp	r5, #0
10000332:	d1f0      	bne.n	10000316 <main+0x96>
10000334:	20fa      	movs	r0, #250	@ 0xfa
10000336:	0080      	lsls	r0, r0, #2
10000338:	f000 fe82 	bl	10001040 <sleep_ms>
1000033c:	e7ca      	b.n	100002d4 <main+0x54>
1000033e:	46c0      	nop			@ (mov r8, r8)
10000340:	10004270 	.word	0x10004270
10000344:	1000428c 	.word	0x1000428c
10000348:	100042dc 	.word	0x100042dc

1000034c <gpio_init>:
1000034c:	2301      	movs	r3, #1
1000034e:	22d0      	movs	r2, #208	@ 0xd0
10000350:	4083      	lsls	r3, r0
10000352:	0612      	lsls	r2, r2, #24
10000354:	6293      	str	r3, [r2, #40]	@ 0x28
10000356:	6193      	str	r3, [r2, #24]
10000358:	4a08      	ldr	r2, [pc, #32]	@ (1000037c <gpio_init+0x30>)
1000035a:	0083      	lsls	r3, r0, #2
1000035c:	189a      	adds	r2, r3, r2
1000035e:	6811      	ldr	r1, [r2, #0]
10000360:	2240      	movs	r2, #64	@ 0x40
10000362:	4051      	eors	r1, r2
10000364:	3280      	adds	r2, #128	@ 0x80
10000366:	400a      	ands	r2, r1
10000368:	4905      	ldr	r1, [pc, #20]	@ (10000380 <gpio_init+0x34>)
1000036a:	00c0      	lsls	r0, r0, #3
1000036c:	185b      	adds	r3, r3, r1
1000036e:	601a      	str	r2, [r3, #0]
10000370:	4b04      	ldr	r3, [pc, #16]	@ (10000384 <gpio_init+0x38>)
10000372:	18c0      	adds	r0, r0, r3
10000374:	2305      	movs	r3, #5
10000376:	6043      	str	r3, [r0, #4]
10000378:	4770      	bx	lr
1000037a:	46c0      	nop			@ (mov r8, r8)
1000037c:	4001c004 	.word	0x4001c004
10000380:	4001d004 	.word	0x4001d004
10000384:	40014000 	.word	0x40014000

10000388 <rp2040_chip_version>:
10000388:	2380      	movs	r3, #128	@ 0x80
1000038a:	05db      	lsls	r3, r3, #23
1000038c:	6818      	ldr	r0, [r3, #0]
1000038e:	0f00      	lsrs	r0, r0, #28
10000390:	4770      	bx	lr
10000392:	46c0      	nop			@ (mov r8, r8)

10000394 <panic>:
10000394:	b40f      	push	{r0, r1, r2, r3}
10000396:	b500      	push	{lr}
10000398:	4808      	ldr	r0, [pc, #32]	@ (100003bc <panic+0x28>)
1000039a:	b083      	sub	sp, #12
1000039c:	f001 fd22 	bl	10001de4 <__wrap_puts>
100003a0:	9b04      	ldr	r3, [sp, #16]
100003a2:	2b00      	cmp	r3, #0
100003a4:	d007      	beq.n	100003b6 <panic+0x22>
100003a6:	a905      	add	r1, sp, #20
100003a8:	0018      	movs	r0, r3
100003aa:	9101      	str	r1, [sp, #4]
100003ac:	f001 fbb4 	bl	10001b18 <weak_raw_vprintf>
100003b0:	4803      	ldr	r0, [pc, #12]	@ (100003c0 <panic+0x2c>)
100003b2:	f001 fd17 	bl	10001de4 <__wrap_puts>
100003b6:	2001      	movs	r0, #1
100003b8:	f001 fbc6 	bl	10001b48 <_exit>
100003bc:	100042f8 	.word	0x100042f8
100003c0:	10004288 	.word	0x10004288

100003c4 <hw_claim_or_assert>:
100003c4:	b570      	push	{r4, r5, r6, lr}
100003c6:	468c      	mov	ip, r1
100003c8:	0016      	movs	r6, r2
100003ca:	f3ef 8410 	mrs	r4, PRIMASK
100003ce:	b672      	cpsid	i
100003d0:	490f      	ldr	r1, [pc, #60]	@ (10000410 <hw_claim_or_assert+0x4c>)
100003d2:	680b      	ldr	r3, [r1, #0]
100003d4:	2b00      	cmp	r3, #0
100003d6:	d0fc      	beq.n	100003d2 <hw_claim_or_assert+0xe>
100003d8:	f3bf 8f5f 	dmb	sy
100003dc:	4663      	mov	r3, ip
100003de:	08db      	lsrs	r3, r3, #3
100003e0:	18c5      	adds	r5, r0, r3
100003e2:	2207      	movs	r2, #7
100003e4:	5cc0      	ldrb	r0, [r0, r3]
100003e6:	4663      	mov	r3, ip
100003e8:	401a      	ands	r2, r3
100003ea:	2301      	movs	r3, #1
100003ec:	4093      	lsls	r3, r2
100003ee:	001a      	movs	r2, r3
100003f0:	4002      	ands	r2, r0
100003f2:	4203      	tst	r3, r0
100003f4:	d107      	bne.n	10000406 <hw_claim_or_assert+0x42>
100003f6:	4318      	orrs	r0, r3
100003f8:	7028      	strb	r0, [r5, #0]
100003fa:	f3bf 8f5f 	dmb	sy
100003fe:	600a      	str	r2, [r1, #0]
10000400:	f384 8810 	msr	PRIMASK, r4
10000404:	bd70      	pop	{r4, r5, r6, pc}
10000406:	4661      	mov	r1, ip
10000408:	0030      	movs	r0, r6
1000040a:	f7ff ffc3 	bl	10000394 <panic>
1000040e:	46c0      	nop			@ (mov r8, r8)
10000410:	d000012c 	.word	0xd000012c

10000414 <hw_claim_unused_from_range>:
10000414:	b5f8      	push	{r3, r4, r5, r6, r7, lr}
10000416:	46ce      	mov	lr, r9
10000418:	4647      	mov	r7, r8
1000041a:	468c      	mov	ip, r1
1000041c:	b580      	push	{r7, lr}
1000041e:	001c      	movs	r4, r3
10000420:	f3ef 8810 	mrs	r8, PRIMASK
10000424:	b672      	cpsid	i
10000426:	491c      	ldr	r1, [pc, #112]	@ (10000498 <hw_claim_unused_from_range+0x84>)
10000428:	680b      	ldr	r3, [r1, #0]
1000042a:	2b00      	cmp	r3, #0
1000042c:	d0fc      	beq.n	10000428 <hw_claim_unused_from_range+0x14>
1000042e:	f3bf 8f5f 	dmb	sy
10000432:	42a2      	cmp	r2, r4
10000434:	d821      	bhi.n	1000047a <hw_claim_unused_from_range+0x66>
10000436:	2307      	movs	r3, #7
10000438:	4699      	mov	r9, r3
1000043a:	e002      	b.n	10000442 <hw_claim_unused_from_range+0x2e>
1000043c:	3201      	adds	r2, #1
1000043e:	4294      	cmp	r4, r2
10000440:	d318      	bcc.n	10000474 <hw_claim_unused_from_range+0x60>
10000442:	4649      	mov	r1, r9
10000444:	2601      	movs	r6, #1
10000446:	4011      	ands	r1, r2
10000448:	408e      	lsls	r6, r1
1000044a:	08d3      	lsrs	r3, r2, #3
1000044c:	18c7      	adds	r7, r0, r3
1000044e:	5cc3      	ldrb	r3, [r0, r3]
10000450:	421e      	tst	r6, r3
10000452:	d1f3      	bne.n	1000043c <hw_claim_unused_from_range+0x28>
10000454:	0010      	movs	r0, r2
10000456:	4333      	orrs	r3, r6
10000458:	703b      	strb	r3, [r7, #0]
1000045a:	f3bf 8f5f 	dmb	sy
1000045e:	2200      	movs	r2, #0
10000460:	4b0d      	ldr	r3, [pc, #52]	@ (10000498 <hw_claim_unused_from_range+0x84>)
10000462:	601a      	str	r2, [r3, #0]
10000464:	f388 8810 	msr	PRIMASK, r8
10000468:	2800      	cmp	r0, #0
1000046a:	db0e      	blt.n	1000048a <hw_claim_unused_from_range+0x76>
1000046c:	bcc0      	pop	{r6, r7}
1000046e:	46b9      	mov	r9, r7
10000470:	46b0      	mov	r8, r6
10000472:	bdf8      	pop	{r3, r4, r5, r6, r7, pc}
10000474:	2001      	movs	r0, #1
10000476:	4240      	negs	r0, r0
10000478:	e7ef      	b.n	1000045a <hw_claim_unused_from_range+0x46>
1000047a:	f3bf 8f5f 	dmb	sy
1000047e:	2300      	movs	r3, #0
10000480:	600b      	str	r3, [r1, #0]
10000482:	f388 8810 	msr	PRIMASK, r8
10000486:	2001      	movs	r0, #1
10000488:	4240      	negs	r0, r0
1000048a:	4663      	mov	r3, ip
1000048c:	2b00      	cmp	r3, #0
1000048e:	d0ed      	beq.n	1000046c <hw_claim_unused_from_range+0x58>
10000490:	9808      	ldr	r0, [sp, #32]
10000492:	f7ff ff7f 	bl	10000394 <panic>
10000496:	46c0      	nop			@ (mov r8, r8)
10000498:	d000012c 	.word	0xd000012c

1000049c <next_striped_spin_lock_num>:
1000049c:	4a04      	ldr	r2, [pc, #16]	@ (100004b0 <next_striped_spin_lock_num+0x14>)
1000049e:	7810      	ldrb	r0, [r2, #0]
100004a0:	1c43      	adds	r3, r0, #1
100004a2:	b2db      	uxtb	r3, r3
100004a4:	2b17      	cmp	r3, #23
100004a6:	d900      	bls.n	100004aa <next_striped_spin_lock_num+0xe>
100004a8:	2310      	movs	r3, #16
100004aa:	7013      	strb	r3, [r2, #0]
100004ac:	4770      	bx	lr
100004ae:	46c0      	nop			@ (mov r8, r8)
100004b0:	20000f40 	.word	0x20000f40

100004b4 <spin_lock_claim_unused>:
100004b4:	b500      	push	{lr}
100004b6:	4b05      	ldr	r3, [pc, #20]	@ (100004cc <spin_lock_claim_unused+0x18>)
100004b8:	b083      	sub	sp, #12
100004ba:	0001      	movs	r1, r0
100004bc:	9300      	str	r3, [sp, #0]
100004be:	2218      	movs	r2, #24
100004c0:	231f      	movs	r3, #31
100004c2:	4803      	ldr	r0, [pc, #12]	@ (100004d0 <spin_lock_claim_unused+0x1c>)
100004c4:	f7ff ffa6 	bl	10000414 <hw_claim_unused_from_range>
100004c8:	b003      	add	sp, #12
100004ca:	bd00      	pop	{pc}
100004cc:	10004308 	.word	0x10004308
100004d0:	2000178c 	.word	0x2000178c

100004d4 <spin_locks_reset>:
100004d4:	2100      	movs	r1, #0
100004d6:	4b04      	ldr	r3, [pc, #16]	@ (100004e8 <spin_locks_reset+0x14>)
100004d8:	4a04      	ldr	r2, [pc, #16]	@ (100004ec <spin_locks_reset+0x18>)
100004da:	f3bf 8f5f 	dmb	sy
100004de:	c302      	stmia	r3!, {r1}
100004e0:	4293      	cmp	r3, r2
100004e2:	d1fa      	bne.n	100004da <spin_locks_reset+0x6>
100004e4:	4770      	bx	lr
100004e6:	46c0      	nop			@ (mov r8, r8)
100004e8:	d0000100 	.word	0xd0000100
100004ec:	d0000180 	.word	0xd0000180

100004f0 <runtime_init_per_core_irq_priorities>:
100004f0:	4b08      	ldr	r3, [pc, #32]	@ (10000514 <runtime_init_per_core_irq_priorities+0x24>)
100004f2:	4a09      	ldr	r2, [pc, #36]	@ (10000518 <runtime_init_per_core_irq_priorities+0x28>)
100004f4:	6013      	str	r3, [r2, #0]
100004f6:	4a09      	ldr	r2, [pc, #36]	@ (1000051c <runtime_init_per_core_irq_priorities+0x2c>)
100004f8:	6013      	str	r3, [r2, #0]
100004fa:	4a09      	ldr	r2, [pc, #36]	@ (10000520 <runtime_init_per_core_irq_priorities+0x30>)
100004fc:	6013      	str	r3, [r2, #0]
100004fe:	4a09      	ldr	r2, [pc, #36]	@ (10000524 <runtime_init_per_core_irq_priorities+0x34>)
10000500:	6013      	str	r3, [r2, #0]
10000502:	4a09      	ldr	r2, [pc, #36]	@ (10000528 <runtime_init_per_core_irq_priorities+0x38>)
10000504:	6013      	str	r3, [r2, #0]
10000506:	4a09      	ldr	r2, [pc, #36]	@ (1000052c <runtime_init_per_core_irq_priorities+0x3c>)
10000508:	6013      	str	r3, [r2, #0]
1000050a:	4a09      	ldr	r2, [pc, #36]	@ (10000530 <runtime_init_per_core_irq_priorities+0x40>)
1000050c:	6013      	str	r3, [r2, #0]
1000050e:	4a09      	ldr	r2, [pc, #36]	@ (10000534 <runtime_init_per_core_irq_priorities+0x44>)
10000510:	6013      	str	r3, [r2, #0]
10000512:	4770      	bx	lr
10000514:	80808080 	.word	0x80808080
10000518:	e000e400 	.word	0xe000e400
1000051c:	e000e404 	.word	0xe000e404
10000520:	e000e408 	.word	0xe000e408
10000524:	e000e40c 	.word	0xe000e40c
10000528:	e000e410 	.word	0xe000e410
1000052c:	e000e414 	.word	0xe000e414
10000530:	e000e418 	.word	0xe000e418
10000534:	e000e41c 	.word	0xe000e41c

10000538 <irq_set_enabled>:
10000538:	231f      	movs	r3, #31
1000053a:	4018      	ands	r0, r3
1000053c:	3b1e      	subs	r3, #30
1000053e:	4083      	lsls	r3, r0
10000540:	2900      	cmp	r1, #0
10000542:	d005      	beq.n	10000550 <irq_set_enabled+0x18>
10000544:	21c0      	movs	r1, #192	@ 0xc0
10000546:	4a04      	ldr	r2, [pc, #16]	@ (10000558 <irq_set_enabled+0x20>)
10000548:	0049      	lsls	r1, r1, #1
1000054a:	5053      	str	r3, [r2, r1]
1000054c:	6013      	str	r3, [r2, #0]
1000054e:	4770      	bx	lr
10000550:	2280      	movs	r2, #128	@ 0x80
10000552:	4901      	ldr	r1, [pc, #4]	@ (10000558 <irq_set_enabled+0x20>)
10000554:	508b      	str	r3, [r1, r2]
10000556:	e7fa      	b.n	1000054e <irq_set_enabled+0x16>
10000558:	e000e100 	.word	0xe000e100

1000055c <irq_is_enabled>:
1000055c:	2201      	movs	r2, #1
1000055e:	4082      	lsls	r2, r0
10000560:	4b03      	ldr	r3, [pc, #12]	@ (10000570 <irq_is_enabled+0x14>)
10000562:	681b      	ldr	r3, [r3, #0]
10000564:	4013      	ands	r3, r2
10000566:	1e5a      	subs	r2, r3, #1
10000568:	4193      	sbcs	r3, r2
1000056a:	b2d8      	uxtb	r0, r3
1000056c:	4770      	bx	lr
1000056e:	46c0      	nop			@ (mov r8, r8)
10000570:	e000e100 	.word	0xe000e100

10000574 <irq_set_pending>:
10000574:	2301      	movs	r3, #1
10000576:	4083      	lsls	r3, r0
10000578:	4a01      	ldr	r2, [pc, #4]	@ (10000580 <irq_set_pending+0xc>)
1000057a:	6013      	str	r3, [r2, #0]
1000057c:	4770      	bx	lr
1000057e:	46c0      	nop			@ (mov r8, r8)
10000580:	e000e200 	.word	0xe000e200

10000584 <irq_has_shared_handler>:
10000584:	4b05      	ldr	r3, [pc, #20]	@ (1000059c <irq_has_shared_handler+0x18>)
10000586:	3010      	adds	r0, #16
10000588:	689b      	ldr	r3, [r3, #8]
1000058a:	0080      	lsls	r0, r0, #2
1000058c:	58c3      	ldr	r3, [r0, r3]
1000058e:	4a04      	ldr	r2, [pc, #16]	@ (100005a0 <irq_has_shared_handler+0x1c>)
10000590:	2000      	movs	r0, #0
10000592:	1a9b      	subs	r3, r3, r2
10000594:	2247      	movs	r2, #71	@ 0x47
10000596:	429a      	cmp	r2, r3
10000598:	4140      	adcs	r0, r0
1000059a:	4770      	bx	lr
1000059c:	e000ed00 	.word	0xe000ed00
100005a0:	20000f44 	.word	0x20000f44

100005a4 <irq_set_exclusive_handler>:
100005a4:	b510      	push	{r4, lr}
100005a6:	f3ef 8c10 	mrs	ip, PRIMASK
100005aa:	b672      	cpsid	i
100005ac:	4a0f      	ldr	r2, [pc, #60]	@ (100005ec <irq_set_exclusive_handler+0x48>)
100005ae:	6813      	ldr	r3, [r2, #0]
100005b0:	2b00      	cmp	r3, #0
100005b2:	d0fc      	beq.n	100005ae <irq_set_exclusive_handler+0xa>
100005b4:	f3bf 8f5f 	dmb	sy
100005b8:	4b0d      	ldr	r3, [pc, #52]	@ (100005f0 <irq_set_exclusive_handler+0x4c>)
100005ba:	3010      	adds	r0, #16
100005bc:	689b      	ldr	r3, [r3, #8]
100005be:	0080      	lsls	r0, r0, #2
100005c0:	581b      	ldr	r3, [r3, r0]
100005c2:	4a0c      	ldr	r2, [pc, #48]	@ (100005f4 <irq_set_exclusive_handler+0x50>)
100005c4:	4293      	cmp	r3, r2
100005c6:	d001      	beq.n	100005cc <irq_set_exclusive_handler+0x28>
100005c8:	4299      	cmp	r1, r3
100005ca:	d10c      	bne.n	100005e6 <irq_set_exclusive_handler+0x42>
100005cc:	4b08      	ldr	r3, [pc, #32]	@ (100005f0 <irq_set_exclusive_handler+0x4c>)
100005ce:	689b      	ldr	r3, [r3, #8]
100005d0:	5019      	str	r1, [r3, r0]
100005d2:	f3bf 8f5f 	dmb	sy
100005d6:	f3bf 8f5f 	dmb	sy
100005da:	2200      	movs	r2, #0
100005dc:	4b03      	ldr	r3, [pc, #12]	@ (100005ec <irq_set_exclusive_handler+0x48>)
100005de:	601a      	str	r2, [r3, #0]
100005e0:	f38c 8810 	msr	PRIMASK, ip
100005e4:	bd10      	pop	{r4, pc}
100005e6:	f001 f85f 	bl	100016a8 <hard_assertion_failure>
100005ea:	46c0      	nop			@ (mov r8, r8)
100005ec:	d0000124 	.word	0xd0000124
100005f0:	e000ed00 	.word	0xe000ed00
100005f4:	100001c1 	.word	0x100001c1

100005f8 <irq_add_shared_handler>:
100005f8:	b5f0      	push	{r4, r5, r6, r7, lr}
100005fa:	46de      	mov	lr, fp
100005fc:	4657      	mov	r7, sl
100005fe:	464e      	mov	r6, r9
10000600:	4645      	mov	r5, r8
10000602:	b5e0      	push	{r5, r6, r7, lr}
10000604:	468b      	mov	fp, r1
10000606:	b085      	sub	sp, #20
10000608:	f3ef 8810 	mrs	r8, PRIMASK
1000060c:	b672      	cpsid	i
1000060e:	0016      	movs	r6, r2
10000610:	4a5b      	ldr	r2, [pc, #364]	@ (10000780 <irq_add_shared_handler+0x188>)
10000612:	6813      	ldr	r3, [r2, #0]
10000614:	2b00      	cmp	r3, #0
10000616:	d0fc      	beq.n	10000612 <irq_add_shared_handler+0x1a>
10000618:	46b2      	mov	sl, r6
1000061a:	f3bf 8f5f 	dmb	sy
1000061e:	2500      	movs	r5, #0
10000620:	4958      	ldr	r1, [pc, #352]	@ (10000784 <irq_add_shared_handler+0x18c>)
10000622:	574d      	ldrsb	r5, [r1, r5]
10000624:	2d00      	cmp	r5, #0
10000626:	da00      	bge.n	1000062a <irq_add_shared_handler+0x32>
10000628:	e0a8      	b.n	1000077c <irq_add_shared_handler+0x184>
1000062a:	006b      	lsls	r3, r5, #1
1000062c:	4a56      	ldr	r2, [pc, #344]	@ (10000788 <irq_add_shared_handler+0x190>)
1000062e:	9301      	str	r3, [sp, #4]
10000630:	195b      	adds	r3, r3, r5
10000632:	009b      	lsls	r3, r3, #2
10000634:	18d4      	adds	r4, r2, r3
10000636:	79a7      	ldrb	r7, [r4, #6]
10000638:	3010      	adds	r0, #16
1000063a:	700f      	strb	r7, [r1, #0]
1000063c:	4953      	ldr	r1, [pc, #332]	@ (1000078c <irq_add_shared_handler+0x194>)
1000063e:	0080      	lsls	r0, r0, #2
10000640:	6889      	ldr	r1, [r1, #8]
10000642:	4684      	mov	ip, r0
10000644:	580f      	ldr	r7, [r1, r0]
10000646:	1ab9      	subs	r1, r7, r2
10000648:	2947      	cmp	r1, #71	@ 0x47
1000064a:	d833      	bhi.n	100006b4 <irq_add_shared_handler+0xbc>
1000064c:	2001      	movs	r0, #1
1000064e:	0039      	movs	r1, r7
10000650:	4381      	bics	r1, r0
10000652:	79ce      	ldrb	r6, [r1, #7]
10000654:	4556      	cmp	r6, sl
10000656:	d800      	bhi.n	1000065a <irq_add_shared_handler+0x62>
10000658:	e06a      	b.n	10000730 <irq_add_shared_handler+0x138>
1000065a:	46a1      	mov	r9, r4
1000065c:	4656      	mov	r6, sl
1000065e:	9303      	str	r3, [sp, #12]
10000660:	e007      	b.n	10000672 <irq_add_shared_handler+0x7a>
10000662:	0058      	lsls	r0, r3, #1
10000664:	18c0      	adds	r0, r0, r3
10000666:	0080      	lsls	r0, r0, #2
10000668:	1810      	adds	r0, r2, r0
1000066a:	79c4      	ldrb	r4, [r0, #7]
1000066c:	42b4      	cmp	r4, r6
1000066e:	d94d      	bls.n	1000070c <irq_add_shared_handler+0x114>
10000670:	0001      	movs	r1, r0
10000672:	2306      	movs	r3, #6
10000674:	56cb      	ldrsb	r3, [r1, r3]
10000676:	2b00      	cmp	r3, #0
10000678:	daf3      	bge.n	10000662 <irq_add_shared_handler+0x6a>
1000067a:	1d08      	adds	r0, r1, #4
1000067c:	464c      	mov	r4, r9
1000067e:	46b2      	mov	sl, r6
10000680:	4681      	mov	r9, r0
10000682:	9302      	str	r3, [sp, #8]
10000684:	4b42      	ldr	r3, [pc, #264]	@ (10000790 <irq_add_shared_handler+0x198>)
10000686:	464e      	mov	r6, r9
10000688:	3c04      	subs	r4, #4
1000068a:	1ba4      	subs	r4, r4, r6
1000068c:	0524      	lsls	r4, r4, #20
1000068e:	4e41      	ldr	r6, [pc, #260]	@ (10000794 <irq_add_shared_handler+0x19c>)
10000690:	0d64      	lsrs	r4, r4, #21
10000692:	4334      	orrs	r4, r6
10000694:	808c      	strh	r4, [r1, #4]
10000696:	718d      	strb	r5, [r1, #6]
10000698:	9901      	ldr	r1, [sp, #4]
1000069a:	1949      	adds	r1, r1, r5
1000069c:	0089      	lsls	r1, r1, #2
1000069e:	1852      	adds	r2, r2, r1
100006a0:	8093      	strh	r3, [r2, #4]
100006a2:	9b02      	ldr	r3, [sp, #8]
100006a4:	493c      	ldr	r1, [pc, #240]	@ (10000798 <irq_add_shared_handler+0x1a0>)
100006a6:	7193      	strb	r3, [r2, #6]
100006a8:	4653      	mov	r3, sl
100006aa:	71d3      	strb	r3, [r2, #7]
100006ac:	465b      	mov	r3, fp
100006ae:	6011      	str	r1, [r2, #0]
100006b0:	6093      	str	r3, [r2, #8]
100006b2:	e017      	b.n	100006e4 <irq_add_shared_handler+0xec>
100006b4:	4939      	ldr	r1, [pc, #228]	@ (1000079c <irq_add_shared_handler+0x1a4>)
100006b6:	428f      	cmp	r7, r1
100006b8:	d160      	bne.n	1000077c <irq_add_shared_handler+0x184>
100006ba:	4939      	ldr	r1, [pc, #228]	@ (100007a0 <irq_add_shared_handler+0x1a8>)
100006bc:	2701      	movs	r7, #1
100006be:	52d1      	strh	r1, [r2, r3]
100006c0:	4938      	ldr	r1, [pc, #224]	@ (100007a4 <irq_add_shared_handler+0x1ac>)
100006c2:	3302      	adds	r3, #2
100006c4:	18d3      	adds	r3, r2, r3
100006c6:	3904      	subs	r1, #4
100006c8:	1acb      	subs	r3, r1, r3
100006ca:	4a32      	ldr	r2, [pc, #200]	@ (10000794 <irq_add_shared_handler+0x19c>)
100006cc:	051b      	lsls	r3, r3, #20
100006ce:	0d5b      	lsrs	r3, r3, #21
100006d0:	4313      	orrs	r3, r2
100006d2:	8063      	strh	r3, [r4, #2]
100006d4:	4b34      	ldr	r3, [pc, #208]	@ (100007a8 <irq_add_shared_handler+0x1b0>)
100006d6:	71e6      	strb	r6, [r4, #7]
100006d8:	80a3      	strh	r3, [r4, #4]
100006da:	23ff      	movs	r3, #255	@ 0xff
100006dc:	71a3      	strb	r3, [r4, #6]
100006de:	465b      	mov	r3, fp
100006e0:	4327      	orrs	r7, r4
100006e2:	60a3      	str	r3, [r4, #8]
100006e4:	4662      	mov	r2, ip
100006e6:	4b29      	ldr	r3, [pc, #164]	@ (1000078c <irq_add_shared_handler+0x194>)
100006e8:	689b      	ldr	r3, [r3, #8]
100006ea:	509f      	str	r7, [r3, r2]
100006ec:	f3bf 8f5f 	dmb	sy
100006f0:	f3bf 8f5f 	dmb	sy
100006f4:	2200      	movs	r2, #0
100006f6:	4b22      	ldr	r3, [pc, #136]	@ (10000780 <irq_add_shared_handler+0x188>)
100006f8:	601a      	str	r2, [r3, #0]
100006fa:	f388 8810 	msr	PRIMASK, r8
100006fe:	b005      	add	sp, #20
10000700:	bcf0      	pop	{r4, r5, r6, r7}
10000702:	46bb      	mov	fp, r7
10000704:	46b2      	mov	sl, r6
10000706:	46a9      	mov	r9, r5
10000708:	46a0      	mov	r8, r4
1000070a:	bdf0      	pop	{r4, r5, r6, r7, pc}
1000070c:	46b2      	mov	sl, r6
1000070e:	1d0e      	adds	r6, r1, #4
10000710:	464c      	mov	r4, r9
10000712:	46b1      	mov	r9, r6
10000714:	8888      	ldrh	r0, [r1, #4]
10000716:	9302      	str	r3, [sp, #8]
10000718:	9b03      	ldr	r3, [sp, #12]
1000071a:	0540      	lsls	r0, r0, #21
1000071c:	1500      	asrs	r0, r0, #20
1000071e:	3304      	adds	r3, #4
10000720:	4448      	add	r0, r9
10000722:	18d3      	adds	r3, r2, r3
10000724:	1ac3      	subs	r3, r0, r3
10000726:	051b      	lsls	r3, r3, #20
10000728:	481a      	ldr	r0, [pc, #104]	@ (10000794 <irq_add_shared_handler+0x19c>)
1000072a:	0d5b      	lsrs	r3, r3, #21
1000072c:	4303      	orrs	r3, r0
1000072e:	e7aa      	b.n	10000686 <irq_add_shared_handler+0x8e>
10000730:	1c9e      	adds	r6, r3, #2
10000732:	46b1      	mov	r9, r6
10000734:	4491      	add	r9, r2
10000736:	464e      	mov	r6, r9
10000738:	000f      	movs	r7, r1
1000073a:	4d1c      	ldr	r5, [pc, #112]	@ (100007ac <irq_add_shared_handler+0x1b4>)
1000073c:	1abf      	subs	r7, r7, r2
1000073e:	417f      	adcs	r7, r7
10000740:	437d      	muls	r5, r7
10000742:	0d2d      	lsrs	r5, r5, #20
10000744:	4f16      	ldr	r7, [pc, #88]	@ (100007a0 <irq_add_shared_handler+0x1a8>)
10000746:	71a5      	strb	r5, [r4, #6]
10000748:	52d7      	strh	r7, [r2, r3]
1000074a:	4f16      	ldr	r7, [pc, #88]	@ (100007a4 <irq_add_shared_handler+0x1ac>)
1000074c:	3304      	adds	r3, #4
1000074e:	3f04      	subs	r7, #4
10000750:	18d3      	adds	r3, r2, r3
10000752:	1bbf      	subs	r7, r7, r6
10000754:	1acb      	subs	r3, r1, r3
10000756:	053f      	lsls	r7, r7, #20
10000758:	3b04      	subs	r3, #4
1000075a:	0d7e      	lsrs	r6, r7, #21
1000075c:	051b      	lsls	r3, r3, #20
1000075e:	4f0d      	ldr	r7, [pc, #52]	@ (10000794 <irq_add_shared_handler+0x19c>)
10000760:	0d5b      	lsrs	r3, r3, #21
10000762:	433e      	orrs	r6, r7
10000764:	431f      	orrs	r7, r3
10000766:	4653      	mov	r3, sl
10000768:	71e3      	strb	r3, [r4, #7]
1000076a:	465b      	mov	r3, fp
1000076c:	60a3      	str	r3, [r4, #8]
1000076e:	4b0a      	ldr	r3, [pc, #40]	@ (10000798 <irq_add_shared_handler+0x1a0>)
10000770:	80a7      	strh	r7, [r4, #4]
10000772:	8066      	strh	r6, [r4, #2]
10000774:	4304      	orrs	r4, r0
10000776:	0027      	movs	r7, r4
10000778:	600b      	str	r3, [r1, #0]
1000077a:	e7b3      	b.n	100006e4 <irq_add_shared_handler+0xec>
1000077c:	f000 ff94 	bl	100016a8 <hard_assertion_failure>
10000780:	d0000124 	.word	0xd0000124
10000784:	20001c41 	.word	0x20001c41
10000788:	20000f44 	.word	0x20000f44
1000078c:	e000ed00 	.word	0xe000ed00
10000790:	0000bd01 	.word	0x0000bd01
10000794:	ffffe000 	.word	0xffffe000
10000798:	47804801 	.word	0x47804801
1000079c:	100001c1 	.word	0x100001c1
100007a0:	ffffa100 	.word	0xffffa100
100007a4:	20000f8c 	.word	0x20000f8c
100007a8:	ffffbd01 	.word	0xffffbd01
100007ac:	0000aaaa 	.word	0x0000aaaa

100007b0 <irq_add_tail_to_free_list>:
100007b0:	2301      	movs	r3, #1
100007b2:	4303      	orrs	r3, r0
100007b4:	b570      	push	{r4, r5, r6, lr}
100007b6:	469c      	mov	ip, r3
100007b8:	f3ef 8105 	mrs	r1, IPSR
100007bc:	f3ef 8510 	mrs	r5, PRIMASK
100007c0:	b672      	cpsid	i
100007c2:	4a27      	ldr	r2, [pc, #156]	@ (10000860 <irq_add_tail_to_free_list+0xb0>)
100007c4:	6813      	ldr	r3, [r2, #0]
100007c6:	2b00      	cmp	r3, #0
100007c8:	d0fc      	beq.n	100007c4 <irq_add_tail_to_free_list+0x14>
100007ca:	f3bf 8f5f 	dmb	sy
100007ce:	4a25      	ldr	r2, [pc, #148]	@ (10000864 <irq_add_tail_to_free_list+0xb4>)
100007d0:	0004      	movs	r4, r0
100007d2:	4b25      	ldr	r3, [pc, #148]	@ (10000868 <irq_add_tail_to_free_list+0xb8>)
100007d4:	1aa4      	subs	r4, r4, r2
100007d6:	4164      	adcs	r4, r4
100007d8:	4363      	muls	r3, r4
100007da:	0d1b      	lsrs	r3, r3, #20
100007dc:	4c23      	ldr	r4, [pc, #140]	@ (1000086c <irq_add_tail_to_free_list+0xbc>)
100007de:	0089      	lsls	r1, r1, #2
100007e0:	68a6      	ldr	r6, [r4, #8]
100007e2:	b25b      	sxtb	r3, r3
100007e4:	5876      	ldr	r6, [r6, r1]
100007e6:	4566      	cmp	r6, ip
100007e8:	d024      	beq.n	10000834 <irq_add_tail_to_free_list+0x84>
100007ea:	2106      	movs	r1, #6
100007ec:	5651      	ldrsb	r1, [r2, r1]
100007ee:	4299      	cmp	r1, r3
100007f0:	d024      	beq.n	1000083c <irq_add_tail_to_free_list+0x8c>
100007f2:	2112      	movs	r1, #18
100007f4:	5651      	ldrsb	r1, [r2, r1]
100007f6:	4299      	cmp	r1, r3
100007f8:	d02a      	beq.n	10000850 <irq_add_tail_to_free_list+0xa0>
100007fa:	211e      	movs	r1, #30
100007fc:	5651      	ldrsb	r1, [r2, r1]
100007fe:	4299      	cmp	r1, r3
10000800:	d028      	beq.n	10000854 <irq_add_tail_to_free_list+0xa4>
10000802:	212a      	movs	r1, #42	@ 0x2a
10000804:	5651      	ldrsb	r1, [r2, r1]
10000806:	4299      	cmp	r1, r3
10000808:	d026      	beq.n	10000858 <irq_add_tail_to_free_list+0xa8>
1000080a:	2136      	movs	r1, #54	@ 0x36
1000080c:	5651      	ldrsb	r1, [r2, r1]
1000080e:	4299      	cmp	r1, r3
10000810:	d024      	beq.n	1000085c <irq_add_tail_to_free_list+0xac>
10000812:	2142      	movs	r1, #66	@ 0x42
10000814:	5651      	ldrsb	r1, [r2, r1]
10000816:	2405      	movs	r4, #5
10000818:	4299      	cmp	r1, r3
1000081a:	d010      	beq.n	1000083e <irq_add_tail_to_free_list+0x8e>
1000081c:	4a14      	ldr	r2, [pc, #80]	@ (10000870 <irq_add_tail_to_free_list+0xc0>)
1000081e:	7811      	ldrb	r1, [r2, #0]
10000820:	7013      	strb	r3, [r2, #0]
10000822:	7181      	strb	r1, [r0, #6]
10000824:	f3bf 8f5f 	dmb	sy
10000828:	2200      	movs	r2, #0
1000082a:	4b0d      	ldr	r3, [pc, #52]	@ (10000860 <irq_add_tail_to_free_list+0xb0>)
1000082c:	601a      	str	r2, [r3, #0]
1000082e:	f385 8810 	msr	PRIMASK, r5
10000832:	bd70      	pop	{r4, r5, r6, pc}
10000834:	68a2      	ldr	r2, [r4, #8]
10000836:	4c0f      	ldr	r4, [pc, #60]	@ (10000874 <irq_add_tail_to_free_list+0xc4>)
10000838:	5054      	str	r4, [r2, r1]
1000083a:	e7ef      	b.n	1000081c <irq_add_tail_to_free_list+0x6c>
1000083c:	2400      	movs	r4, #0
1000083e:	0061      	lsls	r1, r4, #1
10000840:	1909      	adds	r1, r1, r4
10000842:	0089      	lsls	r1, r1, #2
10000844:	1852      	adds	r2, r2, r1
10000846:	21ff      	movs	r1, #255	@ 0xff
10000848:	7191      	strb	r1, [r2, #6]
1000084a:	490b      	ldr	r1, [pc, #44]	@ (10000878 <irq_add_tail_to_free_list+0xc8>)
1000084c:	8091      	strh	r1, [r2, #4]
1000084e:	e7e5      	b.n	1000081c <irq_add_tail_to_free_list+0x6c>
10000850:	2401      	movs	r4, #1
10000852:	e7f4      	b.n	1000083e <irq_add_tail_to_free_list+0x8e>
10000854:	2402      	movs	r4, #2
10000856:	e7f2      	b.n	1000083e <irq_add_tail_to_free_list+0x8e>
10000858:	2403      	movs	r4, #3
1000085a:	e7f0      	b.n	1000083e <irq_add_tail_to_free_list+0x8e>
1000085c:	2404      	movs	r4, #4
1000085e:	e7ee      	b.n	1000083e <irq_add_tail_to_free_list+0x8e>
10000860:	d0000124 	.word	0xd0000124
10000864:	20000f44 	.word	0x20000f44
10000868:	0000aaaa 	.word	0x0000aaaa
1000086c:	e000ed00 	.word	0xe000ed00
10000870:	20001c41 	.word	0x20001c41
10000874:	100001c1 	.word	0x100001c1
10000878:	ffffbd01 	.word	0xffffbd01

1000087c <user_irq_claim_unused>:
1000087c:	b500      	push	{lr}
1000087e:	4b07      	ldr	r3, [pc, #28]	@ (1000089c <user_irq_claim_unused+0x20>)
10000880:	b083      	sub	sp, #12
10000882:	0001      	movs	r1, r0
10000884:	9300      	str	r3, [sp, #0]
10000886:	2200      	movs	r2, #0
10000888:	2305      	movs	r3, #5
1000088a:	4805      	ldr	r0, [pc, #20]	@ (100008a0 <user_irq_claim_unused+0x24>)
1000088c:	f7ff fdc2 	bl	10000414 <hw_claim_unused_from_range>
10000890:	2800      	cmp	r0, #0
10000892:	db01      	blt.n	10000898 <user_irq_claim_unused+0x1c>
10000894:	231f      	movs	r3, #31
10000896:	1a18      	subs	r0, r3, r0
10000898:	b003      	add	sp, #12
1000089a:	bd00      	pop	{pc}
1000089c:	10004324 	.word	0x10004324
100008a0:	20001c45 	.word	0x20001c45

100008a4 <lock_init>:
100008a4:	4b02      	ldr	r3, [pc, #8]	@ (100008b0 <lock_init+0xc>)
100008a6:	18c9      	adds	r1, r1, r3
100008a8:	0089      	lsls	r1, r1, #2
100008aa:	6001      	str	r1, [r0, #0]
100008ac:	4770      	bx	lr
100008ae:	46c0      	nop			@ (mov r8, r8)
100008b0:	34000040 	.word	0x34000040

100008b4 <runtime_init_mutex>:
100008b4:	b570      	push	{r4, r5, r6, lr}
100008b6:	4c11      	ldr	r4, [pc, #68]	@ (100008fc <runtime_init_mutex+0x48>)
100008b8:	4d11      	ldr	r5, [pc, #68]	@ (10000900 <runtime_init_mutex+0x4c>)
100008ba:	42ac      	cmp	r4, r5
100008bc:	d20f      	bcs.n	100008de <runtime_init_mutex+0x2a>
100008be:	26ff      	movs	r6, #255	@ 0xff
100008c0:	6823      	ldr	r3, [r4, #0]
100008c2:	2b00      	cmp	r3, #0
100008c4:	d00c      	beq.n	100008e0 <runtime_init_mutex+0x2c>
100008c6:	f7ff fde9 	bl	1000049c <next_striped_spin_lock_num>
100008ca:	0001      	movs	r1, r0
100008cc:	0020      	movs	r0, r4
100008ce:	f7ff ffe9 	bl	100008a4 <lock_init>
100008d2:	80a6      	strh	r6, [r4, #4]
100008d4:	f3bf 8f5f 	dmb	sy
100008d8:	3408      	adds	r4, #8
100008da:	42ac      	cmp	r4, r5
100008dc:	d3f0      	bcc.n	100008c0 <runtime_init_mutex+0xc>
100008de:	bd70      	pop	{r4, r5, r6, pc}
100008e0:	f7ff fddc 	bl	1000049c <next_striped_spin_lock_num>
100008e4:	0001      	movs	r1, r0
100008e6:	0020      	movs	r0, r4
100008e8:	f7ff ffdc 	bl	100008a4 <lock_init>
100008ec:	7126      	strb	r6, [r4, #4]
100008ee:	f3bf 8f5f 	dmb	sy
100008f2:	3408      	adds	r4, #8
100008f4:	42ac      	cmp	r4, r5
100008f6:	d3e3      	bcc.n	100008c0 <runtime_init_mutex+0xc>
100008f8:	e7f1      	b.n	100008de <runtime_init_mutex+0x2a>
100008fa:	46c0      	nop			@ (mov r8, r8)
100008fc:	20001028 	.word	0x20001028
10000900:	20001030 	.word	0x20001030

10000904 <mutex_init>:
10000904:	b510      	push	{r4, lr}
10000906:	0004      	movs	r4, r0
10000908:	f7ff fdc8 	bl	1000049c <next_striped_spin_lock_num>
1000090c:	0001      	movs	r1, r0
1000090e:	0020      	movs	r0, r4
10000910:	f7ff ffc8 	bl	100008a4 <lock_init>
10000914:	23ff      	movs	r3, #255	@ 0xff
10000916:	7123      	strb	r3, [r4, #4]
10000918:	f3bf 8f5f 	dmb	sy
1000091c:	bd10      	pop	{r4, pc}
1000091e:	46c0      	nop			@ (mov r8, r8)

10000920 <critical_section_init>:
10000920:	b510      	push	{r4, lr}
10000922:	0004      	movs	r4, r0
10000924:	2001      	movs	r0, #1
10000926:	f7ff fdc5 	bl	100004b4 <spin_lock_claim_unused>
1000092a:	4b03      	ldr	r3, [pc, #12]	@ (10000938 <critical_section_init+0x18>)
1000092c:	18c0      	adds	r0, r0, r3
1000092e:	0080      	lsls	r0, r0, #2
10000930:	6020      	str	r0, [r4, #0]
10000932:	f3bf 8f5f 	dmb	sy
10000936:	bd10      	pop	{r4, pc}
10000938:	34000040 	.word	0x34000040

1000093c <critical_section_init_with_lock_num>:
1000093c:	4b03      	ldr	r3, [pc, #12]	@ (1000094c <critical_section_init_with_lock_num+0x10>)
1000093e:	18c9      	adds	r1, r1, r3
10000940:	0089      	lsls	r1, r1, #2
10000942:	6001      	str	r1, [r0, #0]
10000944:	f3bf 8f5f 	dmb	sy
10000948:	4770      	bx	lr
1000094a:	46c0      	nop			@ (mov r8, r8)
1000094c:	34000040 	.word	0x34000040

10000950 <sleep_until_callback>:
10000950:	4b0a      	ldr	r3, [pc, #40]	@ (1000097c <sleep_until_callback+0x2c>)
10000952:	6819      	ldr	r1, [r3, #0]
10000954:	f3ef 8010 	mrs	r0, PRIMASK
10000958:	b672      	cpsid	i
1000095a:	680a      	ldr	r2, [r1, #0]
1000095c:	2a00      	cmp	r2, #0
1000095e:	d0fc      	beq.n	1000095a <sleep_until_callback+0xa>
10000960:	f3bf 8f5f 	dmb	sy
10000964:	681b      	ldr	r3, [r3, #0]
10000966:	f3bf 8f5f 	dmb	sy
1000096a:	2200      	movs	r2, #0
1000096c:	601a      	str	r2, [r3, #0]
1000096e:	f380 8810 	msr	PRIMASK, r0
10000972:	bf40      	sev
10000974:	2000      	movs	r0, #0
10000976:	2100      	movs	r1, #0
10000978:	4770      	bx	lr
1000097a:	46c0      	nop			@ (mov r8, r8)
1000097c:	20001c20 	.word	0x20001c20

10000980 <alarm_pool_irq_handler>:
10000980:	b5f0      	push	{r4, r5, r6, r7, lr}
10000982:	46de      	mov	lr, fp
10000984:	4657      	mov	r7, sl
10000986:	464e      	mov	r6, r9
10000988:	4645      	mov	r5, r8
1000098a:	b5e0      	push	{r5, r6, r7, lr}
1000098c:	b085      	sub	sp, #20
1000098e:	f3ef 8305 	mrs	r3, IPSR
10000992:	2203      	movs	r2, #3
10000994:	401a      	ands	r2, r3
10000996:	4bb3      	ldr	r3, [pc, #716]	@ (10000c64 <alarm_pool_irq_handler+0x2e4>)
10000998:	0091      	lsls	r1, r2, #2
1000099a:	585f      	ldr	r7, [r3, r1]
1000099c:	2301      	movs	r3, #1
1000099e:	4093      	lsls	r3, r2
100009a0:	469b      	mov	fp, r3
100009a2:	9202      	str	r2, [sp, #8]
100009a4:	465a      	mov	r2, fp
100009a6:	4688      	mov	r8, r1
100009a8:	4baf      	ldr	r3, [pc, #700]	@ (10000c68 <alarm_pool_irq_handler+0x2e8>)
100009aa:	601a      	str	r2, [r3, #0]
100009ac:	4baf      	ldr	r3, [pc, #700]	@ (10000c6c <alarm_pool_irq_handler+0x2ec>)
100009ae:	9303      	str	r3, [sp, #12]
100009b0:	465b      	mov	r3, fp
100009b2:	48af      	ldr	r0, [pc, #700]	@ (10000c70 <alarm_pool_irq_handler+0x2f0>)
100009b4:	6343      	str	r3, [r0, #52]	@ 0x34
100009b6:	2308      	movs	r3, #8
100009b8:	5efe      	ldrsh	r6, [r7, r3]
100009ba:	2e00      	cmp	r6, #0
100009bc:	da37      	bge.n	10000a2e <alarm_pool_irq_handler+0xae>
100009be:	88bb      	ldrh	r3, [r7, #4]
100009c0:	b21b      	sxth	r3, r3
100009c2:	2b00      	cmp	r3, #0
100009c4:	db00      	blt.n	100009c8 <alarm_pool_irq_handler+0x48>
100009c6:	e0a4      	b.n	10000b12 <alarm_pool_irq_handler+0x192>
100009c8:	79bb      	ldrb	r3, [r7, #6]
100009ca:	2b00      	cmp	r3, #0
100009cc:	d000      	beq.n	100009d0 <alarm_pool_irq_handler+0x50>
100009ce:	e0e5      	b.n	10000b9c <alarm_pool_irq_handler+0x21c>
100009d0:	2308      	movs	r3, #8
100009d2:	5ef9      	ldrsh	r1, [r7, r3]
100009d4:	2900      	cmp	r1, #0
100009d6:	db20      	blt.n	10000a1a <alarm_pool_irq_handler+0x9a>
100009d8:	004b      	lsls	r3, r1, #1
100009da:	697a      	ldr	r2, [r7, #20]
100009dc:	185b      	adds	r3, r3, r1
100009de:	00db      	lsls	r3, r3, #3
100009e0:	18d3      	adds	r3, r2, r3
100009e2:	689d      	ldr	r5, [r3, #8]
100009e4:	68dc      	ldr	r4, [r3, #12]
100009e6:	1c6b      	adds	r3, r5, #1
100009e8:	d100      	bne.n	100009ec <alarm_pool_irq_handler+0x6c>
100009ea:	e104      	b.n	10000bf6 <alarm_pool_irq_handler+0x276>
100009ec:	48a0      	ldr	r0, [pc, #640]	@ (10000c70 <alarm_pool_irq_handler+0x2f0>)
100009ee:	0001      	movs	r1, r0
100009f0:	4441      	add	r1, r8
100009f2:	6a82      	ldr	r2, [r0, #40]	@ 0x28
100009f4:	690b      	ldr	r3, [r1, #16]
100009f6:	1aae      	subs	r6, r5, r2
100009f8:	1a9b      	subs	r3, r3, r2
100009fa:	429e      	cmp	r6, r3
100009fc:	d315      	bcc.n	10000a2a <alarm_pool_irq_handler+0xaa>
100009fe:	2301      	movs	r3, #1
10000a00:	6a02      	ldr	r2, [r0, #32]
10000a02:	9802      	ldr	r0, [sp, #8]
10000a04:	4083      	lsls	r3, r0
10000a06:	421a      	tst	r2, r3
10000a08:	d00f      	beq.n	10000a2a <alarm_pool_irq_handler+0xaa>
10000a0a:	4899      	ldr	r0, [pc, #612]	@ (10000c70 <alarm_pool_irq_handler+0x2f0>)
10000a0c:	f000 fc36 	bl	1000127c <timer_time_us_64>
10000a10:	428c      	cmp	r4, r1
10000a12:	dc02      	bgt.n	10000a1a <alarm_pool_irq_handler+0x9a>
10000a14:	d1cc      	bne.n	100009b0 <alarm_pool_irq_handler+0x30>
10000a16:	4285      	cmp	r5, r0
10000a18:	d9ca      	bls.n	100009b0 <alarm_pool_irq_handler+0x30>
10000a1a:	bf40      	sev
10000a1c:	b005      	add	sp, #20
10000a1e:	bcf0      	pop	{r4, r5, r6, r7}
10000a20:	46bb      	mov	fp, r7
10000a22:	46b2      	mov	sl, r6
10000a24:	46a9      	mov	r9, r5
10000a26:	46a0      	mov	r8, r4
10000a28:	bdf0      	pop	{r4, r5, r6, r7, pc}
10000a2a:	610d      	str	r5, [r1, #16]
10000a2c:	e7ed      	b.n	10000a0a <alarm_pool_irq_handler+0x8a>
10000a2e:	697a      	ldr	r2, [r7, #20]
10000a30:	0073      	lsls	r3, r6, #1
10000a32:	4691      	mov	r9, r2
10000a34:	199b      	adds	r3, r3, r6
10000a36:	00db      	lsls	r3, r3, #3
10000a38:	4499      	add	r9, r3
10000a3a:	464b      	mov	r3, r9
10000a3c:	689c      	ldr	r4, [r3, #8]
10000a3e:	68dd      	ldr	r5, [r3, #12]
10000a40:	f000 fc1c 	bl	1000127c <timer_time_us_64>
10000a44:	428d      	cmp	r5, r1
10000a46:	dcba      	bgt.n	100009be <alarm_pool_irq_handler+0x3e>
10000a48:	d100      	bne.n	10000a4c <alarm_pool_irq_handler+0xcc>
10000a4a:	e0f6      	b.n	10000c3a <alarm_pool_irq_handler+0x2ba>
10000a4c:	2d00      	cmp	r5, #0
10000a4e:	da00      	bge.n	10000a52 <alarm_pool_irq_handler+0xd2>
10000a50:	e0db      	b.n	10000c0a <alarm_pool_irq_handler+0x28a>
10000a52:	464a      	mov	r2, r9
10000a54:	464b      	mov	r3, r9
10000a56:	6952      	ldr	r2, [r2, #20]
10000a58:	691b      	ldr	r3, [r3, #16]
10000a5a:	4692      	mov	sl, r2
10000a5c:	9a03      	ldr	r2, [sp, #12]
10000a5e:	4293      	cmp	r3, r2
10000a60:	d100      	bne.n	10000a64 <alarm_pool_irq_handler+0xe4>
10000a62:	e0cc      	b.n	10000bfe <alarm_pool_irq_handler+0x27e>
10000a64:	464a      	mov	r2, r9
10000a66:	2108      	movs	r1, #8
10000a68:	5e78      	ldrsh	r0, [r7, r1]
10000a6a:	8852      	ldrh	r2, [r2, #2]
10000a6c:	0400      	lsls	r0, r0, #16
10000a6e:	4651      	mov	r1, sl
10000a70:	4310      	orrs	r0, r2
10000a72:	4798      	blx	r3
10000a74:	9000      	str	r0, [sp, #0]
10000a76:	9101      	str	r1, [sp, #4]
10000a78:	9900      	ldr	r1, [sp, #0]
10000a7a:	9a01      	ldr	r2, [sp, #4]
10000a7c:	000b      	movs	r3, r1
10000a7e:	4313      	orrs	r3, r2
10000a80:	d100      	bne.n	10000a84 <alarm_pool_irq_handler+0x104>
10000a82:	e0c2      	b.n	10000c0a <alarm_pool_irq_handler+0x28a>
10000a84:	0013      	movs	r3, r2
10000a86:	000a      	movs	r2, r1
10000a88:	2b00      	cmp	r3, #0
10000a8a:	db00      	blt.n	10000a8e <alarm_pool_irq_handler+0x10e>
10000a8c:	e0d9      	b.n	10000c42 <alarm_pool_irq_handler+0x2c2>
10000a8e:	0020      	movs	r0, r4
10000a90:	0029      	movs	r1, r5
10000a92:	1a80      	subs	r0, r0, r2
10000a94:	4199      	sbcs	r1, r3
10000a96:	464b      	mov	r3, r9
10000a98:	6098      	str	r0, [r3, #8]
10000a9a:	60d9      	str	r1, [r3, #12]
10000a9c:	2200      	movs	r2, #0
10000a9e:	5e9b      	ldrsh	r3, [r3, r2]
10000aa0:	2b00      	cmp	r3, #0
10000aa2:	da00      	bge.n	10000aa6 <alarm_pool_irq_handler+0x126>
10000aa4:	e78b      	b.n	100009be <alarm_pool_irq_handler+0x3e>
10000aa6:	005d      	lsls	r5, r3, #1
10000aa8:	697c      	ldr	r4, [r7, #20]
10000aaa:	18ea      	adds	r2, r5, r3
10000aac:	00d2      	lsls	r2, r2, #3
10000aae:	18a2      	adds	r2, r4, r2
10000ab0:	9400      	str	r4, [sp, #0]
10000ab2:	6894      	ldr	r4, [r2, #8]
10000ab4:	68d2      	ldr	r2, [r2, #12]
10000ab6:	46a2      	mov	sl, r4
10000ab8:	428a      	cmp	r2, r1
10000aba:	dd00      	ble.n	10000abe <alarm_pool_irq_handler+0x13e>
10000abc:	e77f      	b.n	100009be <alarm_pool_irq_handler+0x3e>
10000abe:	d102      	bne.n	10000ac6 <alarm_pool_irq_handler+0x146>
10000ac0:	4284      	cmp	r4, r0
10000ac2:	d900      	bls.n	10000ac6 <alarm_pool_irq_handler+0x146>
10000ac4:	e77b      	b.n	100009be <alarm_pool_irq_handler+0x3e>
10000ac6:	2408      	movs	r4, #8
10000ac8:	46a4      	mov	ip, r4
10000aca:	813b      	strh	r3, [r7, #8]
10000acc:	44bc      	add	ip, r7
10000ace:	9c00      	ldr	r4, [sp, #0]
10000ad0:	9700      	str	r7, [sp, #0]
10000ad2:	002f      	movs	r7, r5
10000ad4:	4665      	mov	r5, ip
10000ad6:	46b4      	mov	ip, r6
10000ad8:	003e      	movs	r6, r7
10000ada:	e006      	b.n	10000aea <alarm_pool_irq_handler+0x16a>
10000adc:	005e      	lsls	r6, r3, #1
10000ade:	18f2      	adds	r2, r6, r3
10000ae0:	00d2      	lsls	r2, r2, #3
10000ae2:	18a2      	adds	r2, r4, r2
10000ae4:	6897      	ldr	r7, [r2, #8]
10000ae6:	68d2      	ldr	r2, [r2, #12]
10000ae8:	46ba      	mov	sl, r7
10000aea:	428a      	cmp	r2, r1
10000aec:	dc07      	bgt.n	10000afe <alarm_pool_irq_handler+0x17e>
10000aee:	d100      	bne.n	10000af2 <alarm_pool_irq_handler+0x172>
10000af0:	e0b4      	b.n	10000c5c <alarm_pool_irq_handler+0x2dc>
10000af2:	18f3      	adds	r3, r6, r3
10000af4:	00db      	lsls	r3, r3, #3
10000af6:	18e5      	adds	r5, r4, r3
10000af8:	5ee3      	ldrsh	r3, [r4, r3]
10000afa:	2b00      	cmp	r3, #0
10000afc:	daee      	bge.n	10000adc <alarm_pool_irq_handler+0x15c>
10000afe:	4666      	mov	r6, ip
10000b00:	464a      	mov	r2, r9
10000b02:	9f00      	ldr	r7, [sp, #0]
10000b04:	8013      	strh	r3, [r2, #0]
10000b06:	802e      	strh	r6, [r5, #0]
10000b08:	88bb      	ldrh	r3, [r7, #4]
10000b0a:	b21b      	sxth	r3, r3
10000b0c:	2b00      	cmp	r3, #0
10000b0e:	da00      	bge.n	10000b12 <alarm_pool_irq_handler+0x192>
10000b10:	e75a      	b.n	100009c8 <alarm_pool_irq_handler+0x48>
10000b12:	693a      	ldr	r2, [r7, #16]
10000b14:	f3ef 8110 	mrs	r1, PRIMASK
10000b18:	b672      	cpsid	i
10000b1a:	6813      	ldr	r3, [r2, #0]
10000b1c:	2b00      	cmp	r3, #0
10000b1e:	d0fc      	beq.n	10000b1a <alarm_pool_irq_handler+0x19a>
10000b20:	f3bf 8f5f 	dmb	sy
10000b24:	2301      	movs	r3, #1
10000b26:	88be      	ldrh	r6, [r7, #4]
10000b28:	425b      	negs	r3, r3
10000b2a:	80bb      	strh	r3, [r7, #4]
10000b2c:	b236      	sxth	r6, r6
10000b2e:	693b      	ldr	r3, [r7, #16]
10000b30:	f3bf 8f5f 	dmb	sy
10000b34:	2200      	movs	r2, #0
10000b36:	601a      	str	r2, [r3, #0]
10000b38:	f381 8810 	msr	PRIMASK, r1
10000b3c:	2e00      	cmp	r6, #0
10000b3e:	da00      	bge.n	10000b42 <alarm_pool_irq_handler+0x1c2>
10000b40:	e742      	b.n	100009c8 <alarm_pool_irq_handler+0x48>
10000b42:	003b      	movs	r3, r7
10000b44:	3308      	adds	r3, #8
10000b46:	003a      	movs	r2, r7
10000b48:	4699      	mov	r9, r3
10000b4a:	697d      	ldr	r5, [r7, #20]
10000b4c:	0073      	lsls	r3, r6, #1
10000b4e:	199b      	adds	r3, r3, r6
10000b50:	2408      	movs	r4, #8
10000b52:	5f11      	ldrsh	r1, [r2, r4]
10000b54:	00db      	lsls	r3, r3, #3
10000b56:	4648      	mov	r0, r9
10000b58:	18eb      	adds	r3, r5, r3
10000b5a:	2900      	cmp	r1, #0
10000b5c:	db13      	blt.n	10000b86 <alarm_pool_irq_handler+0x206>
10000b5e:	689c      	ldr	r4, [r3, #8]
10000b60:	9300      	str	r3, [sp, #0]
10000b62:	46a4      	mov	ip, r4
10000b64:	68dc      	ldr	r4, [r3, #12]
10000b66:	e006      	b.n	10000b76 <alarm_pool_irq_handler+0x1f6>
10000b68:	42a3      	cmp	r3, r4
10000b6a:	d040      	beq.n	10000bee <alarm_pool_irq_handler+0x26e>
10000b6c:	2300      	movs	r3, #0
10000b6e:	5ef9      	ldrsh	r1, [r7, r3]
10000b70:	0038      	movs	r0, r7
10000b72:	2900      	cmp	r1, #0
10000b74:	db06      	blt.n	10000b84 <alarm_pool_irq_handler+0x204>
10000b76:	004f      	lsls	r7, r1, #1
10000b78:	187f      	adds	r7, r7, r1
10000b7a:	00ff      	lsls	r7, r7, #3
10000b7c:	19ef      	adds	r7, r5, r7
10000b7e:	68fb      	ldr	r3, [r7, #12]
10000b80:	42a3      	cmp	r3, r4
10000b82:	ddf1      	ble.n	10000b68 <alarm_pool_irq_handler+0x1e8>
10000b84:	9b00      	ldr	r3, [sp, #0]
10000b86:	8006      	strh	r6, [r0, #0]
10000b88:	2000      	movs	r0, #0
10000b8a:	5e1e      	ldrsh	r6, [r3, r0]
10000b8c:	8019      	strh	r1, [r3, #0]
10000b8e:	2e00      	cmp	r6, #0
10000b90:	dadc      	bge.n	10000b4c <alarm_pool_irq_handler+0x1cc>
10000b92:	0017      	movs	r7, r2
10000b94:	79bb      	ldrb	r3, [r7, #6]
10000b96:	2b00      	cmp	r3, #0
10000b98:	d100      	bne.n	10000b9c <alarm_pool_irq_handler+0x21c>
10000b9a:	e719      	b.n	100009d0 <alarm_pool_irq_handler+0x50>
10000b9c:	2300      	movs	r3, #0
10000b9e:	71bb      	strb	r3, [r7, #6]
10000ba0:	2308      	movs	r3, #8
10000ba2:	5ef9      	ldrsh	r1, [r7, r3]
10000ba4:	1c4b      	adds	r3, r1, #1
10000ba6:	d100      	bne.n	10000baa <alarm_pool_irq_handler+0x22a>
10000ba8:	e737      	b.n	10000a1a <alarm_pool_irq_handler+0x9a>
10000baa:	003d      	movs	r5, r7
10000bac:	3508      	adds	r5, #8
10000bae:	46ac      	mov	ip, r5
10000bb0:	697c      	ldr	r4, [r7, #20]
10000bb2:	e003      	b.n	10000bbc <alarm_pool_irq_handler+0x23c>
10000bb4:	4684      	mov	ip, r0
10000bb6:	1c4b      	adds	r3, r1, #1
10000bb8:	d100      	bne.n	10000bbc <alarm_pool_irq_handler+0x23c>
10000bba:	e709      	b.n	100009d0 <alarm_pool_irq_handler+0x50>
10000bbc:	004b      	lsls	r3, r1, #1
10000bbe:	185b      	adds	r3, r3, r1
10000bc0:	00db      	lsls	r3, r3, #3
10000bc2:	18e0      	adds	r0, r4, r3
10000bc4:	000a      	movs	r2, r1
10000bc6:	5ee1      	ldrsh	r1, [r4, r3]
10000bc8:	8843      	ldrh	r3, [r0, #2]
10000bca:	b21b      	sxth	r3, r3
10000bcc:	2b00      	cmp	r3, #0
10000bce:	daf1      	bge.n	10000bb4 <alarm_pool_irq_handler+0x234>
10000bd0:	2501      	movs	r5, #1
10000bd2:	426d      	negs	r5, r5
10000bd4:	17ee      	asrs	r6, r5, #31
10000bd6:	6085      	str	r5, [r0, #8]
10000bd8:	60c6      	str	r6, [r0, #12]
10000bda:	2508      	movs	r5, #8
10000bdc:	5f7b      	ldrsh	r3, [r7, r5]
10000bde:	4293      	cmp	r3, r2
10000be0:	d0e9      	beq.n	10000bb6 <alarm_pool_irq_handler+0x236>
10000be2:	4663      	mov	r3, ip
10000be4:	8019      	strh	r1, [r3, #0]
10000be6:	893b      	ldrh	r3, [r7, #8]
10000be8:	8003      	strh	r3, [r0, #0]
10000bea:	813a      	strh	r2, [r7, #8]
10000bec:	e7e3      	b.n	10000bb6 <alarm_pool_irq_handler+0x236>
10000bee:	68bb      	ldr	r3, [r7, #8]
10000bf0:	4563      	cmp	r3, ip
10000bf2:	d9bb      	bls.n	10000b6c <alarm_pool_irq_handler+0x1ec>
10000bf4:	e7c6      	b.n	10000b84 <alarm_pool_irq_handler+0x204>
10000bf6:	1c63      	adds	r3, r4, #1
10000bf8:	d000      	beq.n	10000bfc <alarm_pool_irq_handler+0x27c>
10000bfa:	e6f7      	b.n	100009ec <alarm_pool_irq_handler+0x6c>
10000bfc:	e705      	b.n	10000a0a <alarm_pool_irq_handler+0x8a>
10000bfe:	4653      	mov	r3, sl
10000c00:	4650      	mov	r0, sl
10000c02:	691b      	ldr	r3, [r3, #16]
10000c04:	4798      	blx	r3
10000c06:	2800      	cmp	r0, #0
10000c08:	d123      	bne.n	10000c52 <alarm_pool_irq_handler+0x2d2>
10000c0a:	464b      	mov	r3, r9
10000c0c:	881b      	ldrh	r3, [r3, #0]
10000c0e:	693a      	ldr	r2, [r7, #16]
10000c10:	813b      	strh	r3, [r7, #8]
10000c12:	f3ef 8310 	mrs	r3, PRIMASK
10000c16:	b672      	cpsid	i
10000c18:	6811      	ldr	r1, [r2, #0]
10000c1a:	2900      	cmp	r1, #0
10000c1c:	d0fc      	beq.n	10000c18 <alarm_pool_irq_handler+0x298>
10000c1e:	f3bf 8f5f 	dmb	sy
10000c22:	4649      	mov	r1, r9
10000c24:	887a      	ldrh	r2, [r7, #2]
10000c26:	800a      	strh	r2, [r1, #0]
10000c28:	693a      	ldr	r2, [r7, #16]
10000c2a:	807e      	strh	r6, [r7, #2]
10000c2c:	f3bf 8f5f 	dmb	sy
10000c30:	2100      	movs	r1, #0
10000c32:	6011      	str	r1, [r2, #0]
10000c34:	f383 8810 	msr	PRIMASK, r3
10000c38:	e6c1      	b.n	100009be <alarm_pool_irq_handler+0x3e>
10000c3a:	4284      	cmp	r4, r0
10000c3c:	d800      	bhi.n	10000c40 <alarm_pool_irq_handler+0x2c0>
10000c3e:	e705      	b.n	10000a4c <alarm_pool_irq_handler+0xcc>
10000c40:	e6bd      	b.n	100009be <alarm_pool_irq_handler+0x3e>
10000c42:	480b      	ldr	r0, [pc, #44]	@ (10000c70 <alarm_pool_irq_handler+0x2f0>)
10000c44:	f000 fb1a 	bl	1000127c <timer_time_us_64>
10000c48:	9b00      	ldr	r3, [sp, #0]
10000c4a:	9c01      	ldr	r4, [sp, #4]
10000c4c:	18c0      	adds	r0, r0, r3
10000c4e:	4161      	adcs	r1, r4
10000c50:	e721      	b.n	10000a96 <alarm_pool_irq_handler+0x116>
10000c52:	4653      	mov	r3, sl
10000c54:	cb0c      	ldmia	r3, {r2, r3}
10000c56:	9200      	str	r2, [sp, #0]
10000c58:	9301      	str	r3, [sp, #4]
10000c5a:	e70d      	b.n	10000a78 <alarm_pool_irq_handler+0xf8>
10000c5c:	4582      	cmp	sl, r0
10000c5e:	d800      	bhi.n	10000c62 <alarm_pool_irq_handler+0x2e2>
10000c60:	e747      	b.n	10000af2 <alarm_pool_irq_handler+0x172>
10000c62:	e74c      	b.n	10000afe <alarm_pool_irq_handler+0x17e>
10000c64:	20001c04 	.word	0x20001c04
10000c68:	4005703c 	.word	0x4005703c
10000c6c:	10000981 	.word	0x10000981
10000c70:	40054000 	.word	0x40054000

10000c74 <runtime_init_default_alarm_pool>:
10000c74:	b570      	push	{r4, r5, r6, lr}
10000c76:	4c2d      	ldr	r4, [pc, #180]	@ (10000d2c <runtime_init_default_alarm_pool+0xb8>)
10000c78:	6925      	ldr	r5, [r4, #16]
10000c7a:	2d00      	cmp	r5, #0
10000c7c:	d004      	beq.n	10000c88 <runtime_init_default_alarm_pool+0x14>
10000c7e:	210a      	movs	r1, #10
10000c80:	482b      	ldr	r0, [pc, #172]	@ (10000d30 <runtime_init_default_alarm_pool+0xbc>)
10000c82:	f7ff fe0f 	bl	100008a4 <lock_init>
10000c86:	bd70      	pop	{r4, r5, r6, pc}
10000c88:	4e2a      	ldr	r6, [pc, #168]	@ (10000d34 <runtime_init_default_alarm_pool+0xc0>)
10000c8a:	2103      	movs	r1, #3
10000c8c:	4829      	ldr	r0, [pc, #164]	@ (10000d34 <runtime_init_default_alarm_pool+0xc0>)
10000c8e:	f000 faeb 	bl	10001268 <timer_hardware_alarm_claim>
10000c92:	60e6      	str	r6, [r4, #12]
10000c94:	f7ff fc02 	bl	1000049c <next_striped_spin_lock_num>
10000c98:	4b27      	ldr	r3, [pc, #156]	@ (10000d38 <runtime_init_default_alarm_pool+0xc4>)
10000c9a:	2203      	movs	r2, #3
10000c9c:	18c0      	adds	r0, r0, r3
10000c9e:	23d0      	movs	r3, #208	@ 0xd0
10000ca0:	7022      	strb	r2, [r4, #0]
10000ca2:	061b      	lsls	r3, r3, #24
10000ca4:	681b      	ldr	r3, [r3, #0]
10000ca6:	2101      	movs	r1, #1
10000ca8:	7063      	strb	r3, [r4, #1]
10000caa:	4b24      	ldr	r3, [pc, #144]	@ (10000d3c <runtime_init_default_alarm_pool+0xc8>)
10000cac:	0080      	lsls	r0, r0, #2
10000cae:	60a3      	str	r3, [r4, #8]
10000cb0:	230f      	movs	r3, #15
10000cb2:	6120      	str	r0, [r4, #16]
10000cb4:	2002      	movs	r0, #2
10000cb6:	8063      	strh	r3, [r4, #2]
10000cb8:	6963      	ldr	r3, [r4, #20]
10000cba:	4249      	negs	r1, r1
10000cbc:	80a1      	strh	r1, [r4, #4]
10000cbe:	8019      	strh	r1, [r3, #0]
10000cc0:	3102      	adds	r1, #2
10000cc2:	8619      	strh	r1, [r3, #48]	@ 0x30
10000cc4:	3147      	adds	r1, #71	@ 0x47
10000cc6:	831d      	strh	r5, [r3, #24]
10000cc8:	5258      	strh	r0, [r3, r1]
10000cca:	3118      	adds	r1, #24
10000ccc:	525a      	strh	r2, [r3, r1]
10000cce:	3275      	adds	r2, #117	@ 0x75
10000cd0:	395c      	subs	r1, #92	@ 0x5c
10000cd2:	5299      	strh	r1, [r3, r2]
10000cd4:	3218      	adds	r2, #24
10000cd6:	3101      	adds	r1, #1
10000cd8:	5299      	strh	r1, [r3, r2]
10000cda:	3218      	adds	r2, #24
10000cdc:	3101      	adds	r1, #1
10000cde:	5299      	strh	r1, [r3, r2]
10000ce0:	3218      	adds	r2, #24
10000ce2:	3101      	adds	r1, #1
10000ce4:	5299      	strh	r1, [r3, r2]
10000ce6:	3508      	adds	r5, #8
10000ce8:	3218      	adds	r2, #24
10000cea:	529d      	strh	r5, [r3, r2]
10000cec:	3102      	adds	r1, #2
10000cee:	3218      	adds	r2, #24
10000cf0:	5299      	strh	r1, [r3, r2]
10000cf2:	3218      	adds	r2, #24
10000cf4:	3101      	adds	r1, #1
10000cf6:	5299      	strh	r1, [r3, r2]
10000cf8:	3218      	adds	r2, #24
10000cfa:	3101      	adds	r1, #1
10000cfc:	5299      	strh	r1, [r3, r2]
10000cfe:	3218      	adds	r2, #24
10000d00:	3101      	adds	r1, #1
10000d02:	5299      	strh	r1, [r3, r2]
10000d04:	3218      	adds	r2, #24
10000d06:	3101      	adds	r1, #1
10000d08:	5299      	strh	r1, [r3, r2]
10000d0a:	3218      	adds	r2, #24
10000d0c:	3101      	adds	r1, #1
10000d0e:	5299      	strh	r1, [r3, r2]
10000d10:	4b0b      	ldr	r3, [pc, #44]	@ (10000d40 <runtime_init_default_alarm_pool+0xcc>)
10000d12:	490c      	ldr	r1, [pc, #48]	@ (10000d44 <runtime_init_default_alarm_pool+0xd0>)
10000d14:	60dc      	str	r4, [r3, #12]
10000d16:	3001      	adds	r0, #1
10000d18:	6235      	str	r5, [r6, #32]
10000d1a:	f7ff fc43 	bl	100005a4 <irq_set_exclusive_handler>
10000d1e:	2101      	movs	r1, #1
10000d20:	2003      	movs	r0, #3
10000d22:	f7ff fc09 	bl	10000538 <irq_set_enabled>
10000d26:	4b08      	ldr	r3, [pc, #32]	@ (10000d48 <runtime_init_default_alarm_pool+0xd4>)
10000d28:	601d      	str	r5, [r3, #0]
10000d2a:	e7a8      	b.n	10000c7e <runtime_init_default_alarm_pool+0xa>
10000d2c:	20000fb0 	.word	0x20000fb0
10000d30:	20001c20 	.word	0x20001c20
10000d34:	40054000 	.word	0x40054000
10000d38:	34000040 	.word	0x34000040
10000d3c:	0010ffff 	.word	0x0010ffff
10000d40:	20001c04 	.word	0x20001c04
10000d44:	10000981 	.word	0x10000981
10000d48:	40056038 	.word	0x40056038

10000d4c <alarm_pool_get_default>:
10000d4c:	4800      	ldr	r0, [pc, #0]	@ (10000d50 <alarm_pool_get_default+0x4>)
10000d4e:	4770      	bx	lr
10000d50:	20000fb0 	.word	0x20000fb0

10000d54 <alarm_pool_add_alarm_at>:
10000d54:	b5f8      	push	{r3, r4, r5, r6, r7, lr}
10000d56:	001f      	movs	r7, r3
10000d58:	ab08      	add	r3, sp, #32
10000d5a:	781b      	ldrb	r3, [r3, #0]
10000d5c:	0004      	movs	r4, r0
10000d5e:	0016      	movs	r6, r2
10000d60:	2b00      	cmp	r3, #0
10000d62:	d107      	bne.n	10000d74 <alarm_pool_add_alarm_at+0x20>
10000d64:	f000 fa92 	bl	1000128c <time_us_64>
10000d68:	0032      	movs	r2, r6
10000d6a:	003b      	movs	r3, r7
10000d6c:	1a12      	subs	r2, r2, r0
10000d6e:	418b      	sbcs	r3, r1
10000d70:	2b00      	cmp	r3, #0
10000d72:	db51      	blt.n	10000e18 <alarm_pool_add_alarm_at+0xc4>
10000d74:	6922      	ldr	r2, [r4, #16]
10000d76:	f3ef 8c10 	mrs	ip, PRIMASK
10000d7a:	b672      	cpsid	i
10000d7c:	6813      	ldr	r3, [r2, #0]
10000d7e:	2b00      	cmp	r3, #0
10000d80:	d0fc      	beq.n	10000d7c <alarm_pool_add_alarm_at+0x28>
10000d82:	f3bf 8f5f 	dmb	sy
10000d86:	2302      	movs	r3, #2
10000d88:	5ee1      	ldrsh	r1, [r4, r3]
10000d8a:	6925      	ldr	r5, [r4, #16]
10000d8c:	2900      	cmp	r1, #0
10000d8e:	db3a      	blt.n	10000e06 <alarm_pool_add_alarm_at+0xb2>
10000d90:	004b      	lsls	r3, r1, #1
10000d92:	6960      	ldr	r0, [r4, #20]
10000d94:	185b      	adds	r3, r3, r1
10000d96:	00db      	lsls	r3, r3, #3
10000d98:	18c2      	adds	r2, r0, r3
10000d9a:	5ac3      	ldrh	r3, [r0, r3]
10000d9c:	8063      	strh	r3, [r4, #2]
10000d9e:	f3bf 8f5f 	dmb	sy
10000da2:	2300      	movs	r3, #0
10000da4:	602b      	str	r3, [r5, #0]
10000da6:	f38c 8810 	msr	PRIMASK, ip
10000daa:	9b06      	ldr	r3, [sp, #24]
10000dac:	6096      	str	r6, [r2, #8]
10000dae:	60d7      	str	r7, [r2, #12]
10000db0:	6113      	str	r3, [r2, #16]
10000db2:	9b07      	ldr	r3, [sp, #28]
10000db4:	6153      	str	r3, [r2, #20]
10000db6:	8853      	ldrh	r3, [r2, #2]
10000db8:	3301      	adds	r3, #1
10000dba:	045b      	lsls	r3, r3, #17
10000dbc:	0c5b      	lsrs	r3, r3, #17
10000dbe:	1c18      	adds	r0, r3, #0
10000dc0:	2b00      	cmp	r3, #0
10000dc2:	d01e      	beq.n	10000e02 <alarm_pool_add_alarm_at+0xae>
10000dc4:	b283      	uxth	r3, r0
10000dc6:	8050      	strh	r0, [r2, #2]
10000dc8:	0408      	lsls	r0, r1, #16
10000dca:	4318      	orrs	r0, r3
10000dcc:	6925      	ldr	r5, [r4, #16]
10000dce:	f3ef 8610 	mrs	r6, PRIMASK
10000dd2:	b672      	cpsid	i
10000dd4:	682b      	ldr	r3, [r5, #0]
10000dd6:	2b00      	cmp	r3, #0
10000dd8:	d0fc      	beq.n	10000dd4 <alarm_pool_add_alarm_at+0x80>
10000dda:	f3bf 8f5f 	dmb	sy
10000dde:	88a3      	ldrh	r3, [r4, #4]
10000de0:	8013      	strh	r3, [r2, #0]
10000de2:	80a1      	strh	r1, [r4, #4]
10000de4:	6923      	ldr	r3, [r4, #16]
10000de6:	f3bf 8f5f 	dmb	sy
10000dea:	2200      	movs	r2, #0
10000dec:	601a      	str	r2, [r3, #0]
10000dee:	f386 8810 	msr	PRIMASK, r6
10000df2:	7823      	ldrb	r3, [r4, #0]
10000df4:	3201      	adds	r2, #1
10000df6:	409a      	lsls	r2, r3
10000df8:	4908      	ldr	r1, [pc, #32]	@ (10000e1c <alarm_pool_add_alarm_at+0xc8>)
10000dfa:	68e3      	ldr	r3, [r4, #12]
10000dfc:	185b      	adds	r3, r3, r1
10000dfe:	601a      	str	r2, [r3, #0]
10000e00:	bdf8      	pop	{r3, r4, r5, r6, r7, pc}
10000e02:	2001      	movs	r0, #1
10000e04:	e7de      	b.n	10000dc4 <alarm_pool_add_alarm_at+0x70>
10000e06:	f3bf 8f5f 	dmb	sy
10000e0a:	2300      	movs	r3, #0
10000e0c:	602b      	str	r3, [r5, #0]
10000e0e:	f38c 8810 	msr	PRIMASK, ip
10000e12:	2001      	movs	r0, #1
10000e14:	4240      	negs	r0, r0
10000e16:	e7f3      	b.n	10000e00 <alarm_pool_add_alarm_at+0xac>
10000e18:	2000      	movs	r0, #0
10000e1a:	e7f1      	b.n	10000e00 <alarm_pool_add_alarm_at+0xac>
10000e1c:	0000203c 	.word	0x0000203c

10000e20 <alarm_pool_add_alarm_at_force_in_context>:
10000e20:	b570      	push	{r4, r5, r6, lr}
10000e22:	b082      	sub	sp, #8
10000e24:	9200      	str	r2, [sp, #0]
10000e26:	9301      	str	r3, [sp, #4]
10000e28:	0001      	movs	r1, r0
10000e2a:	6902      	ldr	r2, [r0, #16]
10000e2c:	f3ef 8410 	mrs	r4, PRIMASK
10000e30:	b672      	cpsid	i
10000e32:	6813      	ldr	r3, [r2, #0]
10000e34:	2b00      	cmp	r3, #0
10000e36:	d0fc      	beq.n	10000e32 <alarm_pool_add_alarm_at_force_in_context+0x12>
10000e38:	f3bf 8f5f 	dmb	sy
10000e3c:	2302      	movs	r3, #2
10000e3e:	5ec8      	ldrsh	r0, [r1, r3]
10000e40:	690d      	ldr	r5, [r1, #16]
10000e42:	2800      	cmp	r0, #0
10000e44:	db3f      	blt.n	10000ec6 <alarm_pool_add_alarm_at_force_in_context+0xa6>
10000e46:	694a      	ldr	r2, [r1, #20]
10000e48:	0043      	lsls	r3, r0, #1
10000e4a:	0016      	movs	r6, r2
10000e4c:	181b      	adds	r3, r3, r0
10000e4e:	00db      	lsls	r3, r3, #3
10000e50:	18d2      	adds	r2, r2, r3
10000e52:	5af3      	ldrh	r3, [r6, r3]
10000e54:	804b      	strh	r3, [r1, #2]
10000e56:	f3bf 8f5f 	dmb	sy
10000e5a:	2300      	movs	r3, #0
10000e5c:	602b      	str	r3, [r5, #0]
10000e5e:	f384 8810 	msr	PRIMASK, r4
10000e62:	9b06      	ldr	r3, [sp, #24]
10000e64:	6113      	str	r3, [r2, #16]
10000e66:	9b07      	ldr	r3, [sp, #28]
10000e68:	6153      	str	r3, [r2, #20]
10000e6a:	9b00      	ldr	r3, [sp, #0]
10000e6c:	9c01      	ldr	r4, [sp, #4]
10000e6e:	6093      	str	r3, [r2, #8]
10000e70:	60d4      	str	r4, [r2, #12]
10000e72:	8853      	ldrh	r3, [r2, #2]
10000e74:	3301      	adds	r3, #1
10000e76:	045b      	lsls	r3, r3, #17
10000e78:	0c5b      	lsrs	r3, r3, #17
10000e7a:	1c1d      	adds	r5, r3, #0
10000e7c:	2b00      	cmp	r3, #0
10000e7e:	d020      	beq.n	10000ec2 <alarm_pool_add_alarm_at_force_in_context+0xa2>
10000e80:	b2ac      	uxth	r4, r5
10000e82:	0403      	lsls	r3, r0, #16
10000e84:	8055      	strh	r5, [r2, #2]
10000e86:	4323      	orrs	r3, r4
10000e88:	690d      	ldr	r5, [r1, #16]
10000e8a:	f3ef 8c10 	mrs	ip, PRIMASK
10000e8e:	b672      	cpsid	i
10000e90:	682c      	ldr	r4, [r5, #0]
10000e92:	2c00      	cmp	r4, #0
10000e94:	d0fc      	beq.n	10000e90 <alarm_pool_add_alarm_at_force_in_context+0x70>
10000e96:	f3bf 8f5f 	dmb	sy
10000e9a:	888c      	ldrh	r4, [r1, #4]
10000e9c:	8014      	strh	r4, [r2, #0]
10000e9e:	8088      	strh	r0, [r1, #4]
10000ea0:	690a      	ldr	r2, [r1, #16]
10000ea2:	f3bf 8f5f 	dmb	sy
10000ea6:	2000      	movs	r0, #0
10000ea8:	6010      	str	r0, [r2, #0]
10000eaa:	f38c 8810 	msr	PRIMASK, ip
10000eae:	780a      	ldrb	r2, [r1, #0]
10000eb0:	3001      	adds	r0, #1
10000eb2:	4090      	lsls	r0, r2
10000eb4:	68ca      	ldr	r2, [r1, #12]
10000eb6:	4908      	ldr	r1, [pc, #32]	@ (10000ed8 <alarm_pool_add_alarm_at_force_in_context+0xb8>)
10000eb8:	1852      	adds	r2, r2, r1
10000eba:	6010      	str	r0, [r2, #0]
10000ebc:	0018      	movs	r0, r3
10000ebe:	b002      	add	sp, #8
10000ec0:	bd70      	pop	{r4, r5, r6, pc}
10000ec2:	2501      	movs	r5, #1
10000ec4:	e7dc      	b.n	10000e80 <alarm_pool_add_alarm_at_force_in_context+0x60>
10000ec6:	f3bf 8f5f 	dmb	sy
10000eca:	2300      	movs	r3, #0
10000ecc:	602b      	str	r3, [r5, #0]
10000ece:	f384 8810 	msr	PRIMASK, r4
10000ed2:	3b01      	subs	r3, #1
10000ed4:	e7f2      	b.n	10000ebc <alarm_pool_add_alarm_at_force_in_context+0x9c>
10000ed6:	46c0      	nop			@ (mov r8, r8)
10000ed8:	0000203c 	.word	0x0000203c

10000edc <alarm_pool_cancel_alarm>:
10000edc:	b510      	push	{r4, lr}
10000ede:	8943      	ldrh	r3, [r0, #10]
10000ee0:	140a      	asrs	r2, r1, #16
10000ee2:	4293      	cmp	r3, r2
10000ee4:	dd1a      	ble.n	10000f1c <alarm_pool_cancel_alarm+0x40>
10000ee6:	0053      	lsls	r3, r2, #1
10000ee8:	189b      	adds	r3, r3, r2
10000eea:	6942      	ldr	r2, [r0, #20]
10000eec:	00db      	lsls	r3, r3, #3
10000eee:	18d3      	adds	r3, r2, r3
10000ef0:	6904      	ldr	r4, [r0, #16]
10000ef2:	f3ef 8c10 	mrs	ip, PRIMASK
10000ef6:	b672      	cpsid	i
10000ef8:	6822      	ldr	r2, [r4, #0]
10000efa:	2a00      	cmp	r2, #0
10000efc:	d0fc      	beq.n	10000ef8 <alarm_pool_cancel_alarm+0x1c>
10000efe:	f3bf 8f5f 	dmb	sy
10000f02:	885a      	ldrh	r2, [r3, #2]
10000f04:	0409      	lsls	r1, r1, #16
10000f06:	b294      	uxth	r4, r2
10000f08:	0c09      	lsrs	r1, r1, #16
10000f0a:	428a      	cmp	r2, r1
10000f0c:	d008      	beq.n	10000f20 <alarm_pool_cancel_alarm+0x44>
10000f0e:	6903      	ldr	r3, [r0, #16]
10000f10:	f3bf 8f5f 	dmb	sy
10000f14:	2200      	movs	r2, #0
10000f16:	601a      	str	r2, [r3, #0]
10000f18:	f38c 8810 	msr	PRIMASK, ip
10000f1c:	2000      	movs	r0, #0
10000f1e:	bd10      	pop	{r4, pc}
10000f20:	4a09      	ldr	r2, [pc, #36]	@ (10000f48 <alarm_pool_cancel_alarm+0x6c>)
10000f22:	4322      	orrs	r2, r4
10000f24:	805a      	strh	r2, [r3, #2]
10000f26:	2301      	movs	r3, #1
10000f28:	6902      	ldr	r2, [r0, #16]
10000f2a:	7183      	strb	r3, [r0, #6]
10000f2c:	f3bf 8f5f 	dmb	sy
10000f30:	2100      	movs	r1, #0
10000f32:	6011      	str	r1, [r2, #0]
10000f34:	f38c 8810 	msr	PRIMASK, ip
10000f38:	7802      	ldrb	r2, [r0, #0]
10000f3a:	4904      	ldr	r1, [pc, #16]	@ (10000f4c <alarm_pool_cancel_alarm+0x70>)
10000f3c:	4093      	lsls	r3, r2
10000f3e:	68c2      	ldr	r2, [r0, #12]
10000f40:	2001      	movs	r0, #1
10000f42:	1852      	adds	r2, r2, r1
10000f44:	6013      	str	r3, [r2, #0]
10000f46:	e7ea      	b.n	10000f1e <alarm_pool_cancel_alarm+0x42>
10000f48:	ffff8000 	.word	0xffff8000
10000f4c:	0000203c 	.word	0x0000203c

10000f50 <alarm_pool_core_num>:
10000f50:	7840      	ldrb	r0, [r0, #1]
10000f52:	4770      	bx	lr

10000f54 <sleep_us>:
10000f54:	b5f0      	push	{r4, r5, r6, r7, lr}
10000f56:	46c6      	mov	lr, r8
10000f58:	b500      	push	{lr}
10000f5a:	b082      	sub	sp, #8
10000f5c:	0004      	movs	r4, r0
10000f5e:	000d      	movs	r5, r1
10000f60:	f000 f994 	bl	1000128c <time_us_64>
10000f64:	1824      	adds	r4, r4, r0
10000f66:	414d      	adcs	r5, r1
10000f68:	2d00      	cmp	r5, #0
10000f6a:	da02      	bge.n	10000f72 <sleep_us+0x1e>
10000f6c:	2401      	movs	r4, #1
10000f6e:	4d2f      	ldr	r5, [pc, #188]	@ (1000102c <sleep_us+0xd8>)
10000f70:	4264      	negs	r4, r4
10000f72:	2606      	movs	r6, #6
10000f74:	4276      	negs	r6, r6
10000f76:	17f7      	asrs	r7, r6, #31
10000f78:	1936      	adds	r6, r6, r4
10000f7a:	416f      	adcs	r7, r5
10000f7c:	42af      	cmp	r7, r5
10000f7e:	d814      	bhi.n	10000faa <sleep_us+0x56>
10000f80:	d011      	beq.n	10000fa6 <sleep_us+0x52>
10000f82:	f000 f983 	bl	1000128c <time_us_64>
10000f86:	0032      	movs	r2, r6
10000f88:	003b      	movs	r3, r7
10000f8a:	1a12      	subs	r2, r2, r0
10000f8c:	418b      	sbcs	r3, r1
10000f8e:	2b00      	cmp	r3, #0
10000f90:	dc15      	bgt.n	10000fbe <sleep_us+0x6a>
10000f92:	2b00      	cmp	r3, #0
10000f94:	d046      	beq.n	10001024 <sleep_us+0xd0>
10000f96:	0020      	movs	r0, r4
10000f98:	0029      	movs	r1, r5
10000f9a:	f000 f981 	bl	100012a0 <busy_wait_until>
10000f9e:	b002      	add	sp, #8
10000fa0:	bc80      	pop	{r7}
10000fa2:	46b8      	mov	r8, r7
10000fa4:	bdf0      	pop	{r4, r5, r6, r7, pc}
10000fa6:	42a6      	cmp	r6, r4
10000fa8:	d9eb      	bls.n	10000f82 <sleep_us+0x2e>
10000faa:	2600      	movs	r6, #0
10000fac:	2700      	movs	r7, #0
10000fae:	f000 f96d 	bl	1000128c <time_us_64>
10000fb2:	0032      	movs	r2, r6
10000fb4:	003b      	movs	r3, r7
10000fb6:	1a12      	subs	r2, r2, r0
10000fb8:	418b      	sbcs	r3, r1
10000fba:	2b00      	cmp	r3, #0
10000fbc:	dde9      	ble.n	10000f92 <sleep_us+0x3e>
10000fbe:	f000 f965 	bl	1000128c <time_us_64>
10000fc2:	0032      	movs	r2, r6
10000fc4:	003b      	movs	r3, r7
10000fc6:	1a12      	subs	r2, r2, r0
10000fc8:	418b      	sbcs	r3, r1
10000fca:	2b00      	cmp	r3, #0
10000fcc:	db0a      	blt.n	10000fe4 <sleep_us+0x90>
10000fce:	2300      	movs	r3, #0
10000fd0:	9301      	str	r3, [sp, #4]
10000fd2:	4b17      	ldr	r3, [pc, #92]	@ (10001030 <sleep_us+0xdc>)
10000fd4:	0032      	movs	r2, r6
10000fd6:	9300      	str	r3, [sp, #0]
10000fd8:	4816      	ldr	r0, [pc, #88]	@ (10001034 <sleep_us+0xe0>)
10000fda:	003b      	movs	r3, r7
10000fdc:	f7ff ff20 	bl	10000e20 <alarm_pool_add_alarm_at_force_in_context>
10000fe0:	3001      	adds	r0, #1
10000fe2:	d0d8      	beq.n	10000f96 <sleep_us+0x42>
10000fe4:	2300      	movs	r3, #0
10000fe6:	0039      	movs	r1, r7
10000fe8:	46b0      	mov	r8, r6
10000fea:	469c      	mov	ip, r3
10000fec:	4a12      	ldr	r2, [pc, #72]	@ (10001038 <sleep_us+0xe4>)
10000fee:	4813      	ldr	r0, [pc, #76]	@ (1000103c <sleep_us+0xe8>)
10000ff0:	6a53      	ldr	r3, [r2, #36]	@ 0x24
10000ff2:	4299      	cmp	r1, r3
10000ff4:	d804      	bhi.n	10001000 <sleep_us+0xac>
10000ff6:	6a96      	ldr	r6, [r2, #40]	@ 0x28
10000ff8:	4546      	cmp	r6, r8
10000ffa:	d2cc      	bcs.n	10000f96 <sleep_us+0x42>
10000ffc:	4299      	cmp	r1, r3
10000ffe:	d1ca      	bne.n	10000f96 <sleep_us+0x42>
10001000:	6806      	ldr	r6, [r0, #0]
10001002:	f3ef 8710 	mrs	r7, PRIMASK
10001006:	b672      	cpsid	i
10001008:	6833      	ldr	r3, [r6, #0]
1000100a:	2b00      	cmp	r3, #0
1000100c:	d0fc      	beq.n	10001008 <sleep_us+0xb4>
1000100e:	f3bf 8f5f 	dmb	sy
10001012:	6803      	ldr	r3, [r0, #0]
10001014:	f3bf 8f5f 	dmb	sy
10001018:	4666      	mov	r6, ip
1000101a:	601e      	str	r6, [r3, #0]
1000101c:	f387 8810 	msr	PRIMASK, r7
10001020:	bf20      	wfe
10001022:	e7e5      	b.n	10000ff0 <sleep_us+0x9c>
10001024:	2a00      	cmp	r2, #0
10001026:	d0b6      	beq.n	10000f96 <sleep_us+0x42>
10001028:	e7c9      	b.n	10000fbe <sleep_us+0x6a>
1000102a:	46c0      	nop			@ (mov r8, r8)
1000102c:	7fffffff 	.word	0x7fffffff
10001030:	10000951 	.word	0x10000951
10001034:	20000fb0 	.word	0x20000fb0
10001038:	40054000 	.word	0x40054000
1000103c:	20001c20 	.word	0x20001c20

10001040 <sleep_ms>:
10001040:	b5f0      	push	{r4, r5, r6, r7, lr}
10001042:	46c6      	mov	lr, r8
10001044:	b500      	push	{lr}
10001046:	b082      	sub	sp, #8
10001048:	0004      	movs	r4, r0
1000104a:	f000 f91f 	bl	1000128c <time_us_64>
1000104e:	22fa      	movs	r2, #250	@ 0xfa
10001050:	0006      	movs	r6, r0
10001052:	000f      	movs	r7, r1
10001054:	0020      	movs	r0, r4
10001056:	2300      	movs	r3, #0
10001058:	2100      	movs	r1, #0
1000105a:	0092      	lsls	r2, r2, #2
1000105c:	f000 fcdc 	bl	10001a18 <__wrap___aeabi_lmul>
10001060:	1980      	adds	r0, r0, r6
10001062:	4179      	adcs	r1, r7
10001064:	0004      	movs	r4, r0
10001066:	1e0d      	subs	r5, r1, #0
10001068:	da02      	bge.n	10001070 <sleep_ms+0x30>
1000106a:	2401      	movs	r4, #1
1000106c:	4d2e      	ldr	r5, [pc, #184]	@ (10001128 <sleep_ms+0xe8>)
1000106e:	4264      	negs	r4, r4
10001070:	2606      	movs	r6, #6
10001072:	4276      	negs	r6, r6
10001074:	17f7      	asrs	r7, r6, #31
10001076:	1936      	adds	r6, r6, r4
10001078:	416f      	adcs	r7, r5
1000107a:	42af      	cmp	r7, r5
1000107c:	d814      	bhi.n	100010a8 <sleep_ms+0x68>
1000107e:	d011      	beq.n	100010a4 <sleep_ms+0x64>
10001080:	f000 f904 	bl	1000128c <time_us_64>
10001084:	0032      	movs	r2, r6
10001086:	003b      	movs	r3, r7
10001088:	1a12      	subs	r2, r2, r0
1000108a:	418b      	sbcs	r3, r1
1000108c:	2b00      	cmp	r3, #0
1000108e:	dc15      	bgt.n	100010bc <sleep_ms+0x7c>
10001090:	2b00      	cmp	r3, #0
10001092:	d046      	beq.n	10001122 <sleep_ms+0xe2>
10001094:	0020      	movs	r0, r4
10001096:	0029      	movs	r1, r5
10001098:	f000 f902 	bl	100012a0 <busy_wait_until>
1000109c:	b002      	add	sp, #8
1000109e:	bc80      	pop	{r7}
100010a0:	46b8      	mov	r8, r7
100010a2:	bdf0      	pop	{r4, r5, r6, r7, pc}
100010a4:	42a6      	cmp	r6, r4
100010a6:	d9eb      	bls.n	10001080 <sleep_ms+0x40>
100010a8:	2600      	movs	r6, #0
100010aa:	2700      	movs	r7, #0
100010ac:	f000 f8ee 	bl	1000128c <time_us_64>
100010b0:	0032      	movs	r2, r6
100010b2:	003b      	movs	r3, r7
100010b4:	1a12      	subs	r2, r2, r0
100010b6:	418b      	sbcs	r3, r1
100010b8:	2b00      	cmp	r3, #0
100010ba:	dde9      	ble.n	10001090 <sleep_ms+0x50>
100010bc:	f000 f8e6 	bl	1000128c <time_us_64>
100010c0:	0032      	movs	r2, r6
100010c2:	003b      	movs	r3, r7
100010c4:	1a12      	subs	r2, r2, r0
100010c6:	418b      	sbcs	r3, r1
100010c8:	2b00      	cmp	r3, #0
100010ca:	db0a      	blt.n	100010e2 <sleep_ms+0xa2>
100010cc:	2300      	movs	r3, #0
100010ce:	9301      	str	r3, [sp, #4]
100010d0:	4b16      	ldr	r3, [pc, #88]	@ (1000112c <sleep_ms+0xec>)
100010d2:	0032      	movs	r2, r6
100010d4:	9300      	str	r3, [sp, #0]
100010d6:	4816      	ldr	r0, [pc, #88]	@ (10001130 <sleep_ms+0xf0>)
100010d8:	003b      	movs	r3, r7
100010da:	f7ff fea1 	bl	10000e20 <alarm_pool_add_alarm_at_force_in_context>
100010de:	3001      	adds	r0, #1
100010e0:	d0d8      	beq.n	10001094 <sleep_ms+0x54>
100010e2:	2300      	movs	r3, #0
100010e4:	0039      	movs	r1, r7
100010e6:	46b0      	mov	r8, r6
100010e8:	469c      	mov	ip, r3
100010ea:	4a12      	ldr	r2, [pc, #72]	@ (10001134 <sleep_ms+0xf4>)
100010ec:	4812      	ldr	r0, [pc, #72]	@ (10001138 <sleep_ms+0xf8>)
100010ee:	6a53      	ldr	r3, [r2, #36]	@ 0x24
100010f0:	4299      	cmp	r1, r3
100010f2:	d804      	bhi.n	100010fe <sleep_ms+0xbe>
100010f4:	6a96      	ldr	r6, [r2, #40]	@ 0x28
100010f6:	4546      	cmp	r6, r8
100010f8:	d2cc      	bcs.n	10001094 <sleep_ms+0x54>
100010fa:	4299      	cmp	r1, r3
100010fc:	d1ca      	bne.n	10001094 <sleep_ms+0x54>
100010fe:	6806      	ldr	r6, [r0, #0]
10001100:	f3ef 8710 	mrs	r7, PRIMASK
10001104:	b672      	cpsid	i
10001106:	6833      	ldr	r3, [r6, #0]
10001108:	2b00      	cmp	r3, #0
1000110a:	d0fc      	beq.n	10001106 <sleep_ms+0xc6>
1000110c:	f3bf 8f5f 	dmb	sy
10001110:	6803      	ldr	r3, [r0, #0]
10001112:	f3bf 8f5f 	dmb	sy
10001116:	4666      	mov	r6, ip
10001118:	601e      	str	r6, [r3, #0]
1000111a:	f387 8810 	msr	PRIMASK, r7
1000111e:	bf20      	wfe
10001120:	e7e5      	b.n	100010ee <sleep_ms+0xae>
10001122:	2a00      	cmp	r2, #0
10001124:	d0b6      	beq.n	10001094 <sleep_ms+0x54>
10001126:	e7c9      	b.n	100010bc <sleep_ms+0x7c>
10001128:	7fffffff 	.word	0x7fffffff
1000112c:	10000951 	.word	0x10000951
10001130:	20000fb0 	.word	0x20000fb0
10001134:	40054000 	.word	0x40054000
10001138:	20001c20 	.word	0x20001c20

1000113c <best_effort_wfe_or_timeout>:
1000113c:	b5f0      	push	{r4, r5, r6, r7, lr}
1000113e:	46ce      	mov	lr, r9
10001140:	4647      	mov	r7, r8
10001142:	b580      	push	{r7, lr}
10001144:	0004      	movs	r4, r0
10001146:	000d      	movs	r5, r1
10001148:	b085      	sub	sp, #20
1000114a:	f3ef 8305 	mrs	r3, IPSR
1000114e:	4689      	mov	r9, r1
10001150:	2b00      	cmp	r3, #0
10001152:	d132      	bne.n	100011ba <best_effort_wfe_or_timeout+0x7e>
10001154:	4e40      	ldr	r6, [pc, #256]	@ (10001258 <best_effort_wfe_or_timeout+0x11c>)
10001156:	6833      	ldr	r3, [r6, #0]
10001158:	4283      	cmp	r3, r0
1000115a:	d02a      	beq.n	100011b2 <best_effort_wfe_or_timeout+0x76>
1000115c:	4f3f      	ldr	r7, [pc, #252]	@ (1000125c <best_effort_wfe_or_timeout+0x120>)
1000115e:	68fb      	ldr	r3, [r7, #12]
10001160:	783a      	ldrb	r2, [r7, #0]
10001162:	4698      	mov	r8, r3
10001164:	0018      	movs	r0, r3
10001166:	9203      	str	r2, [sp, #12]
10001168:	f000 f888 	bl	1000127c <timer_time_us_64>
1000116c:	9a03      	ldr	r2, [sp, #12]
1000116e:	1d13      	adds	r3, r2, #4
10001170:	4642      	mov	r2, r8
10001172:	009b      	lsls	r3, r3, #2
10001174:	589b      	ldr	r3, [r3, r2]
10001176:	0022      	movs	r2, r4
10001178:	1a1b      	subs	r3, r3, r0
1000117a:	469c      	mov	ip, r3
1000117c:	002b      	movs	r3, r5
1000117e:	1a12      	subs	r2, r2, r0
10001180:	418b      	sbcs	r3, r1
10001182:	0019      	movs	r1, r3
10001184:	2300      	movs	r3, #0
10001186:	0010      	movs	r0, r2
10001188:	428b      	cmp	r3, r1
1000118a:	dc25      	bgt.n	100011d8 <best_effort_wfe_or_timeout+0x9c>
1000118c:	d022      	beq.n	100011d4 <best_effort_wfe_or_timeout+0x98>
1000118e:	bf20      	wfe
10001190:	4b33      	ldr	r3, [pc, #204]	@ (10001260 <best_effort_wfe_or_timeout+0x124>)
10001192:	6a58      	ldr	r0, [r3, #36]	@ 0x24
10001194:	4548      	cmp	r0, r9
10001196:	d32b      	bcc.n	100011f0 <best_effort_wfe_or_timeout+0xb4>
10001198:	1b40      	subs	r0, r0, r5
1000119a:	6a9a      	ldr	r2, [r3, #40]	@ 0x28
1000119c:	1e43      	subs	r3, r0, #1
1000119e:	4198      	sbcs	r0, r3
100011a0:	2300      	movs	r3, #0
100011a2:	42a2      	cmp	r2, r4
100011a4:	415b      	adcs	r3, r3
100011a6:	4318      	orrs	r0, r3
100011a8:	b005      	add	sp, #20
100011aa:	bcc0      	pop	{r6, r7}
100011ac:	46b9      	mov	r9, r7
100011ae:	46b0      	mov	r8, r6
100011b0:	bdf0      	pop	{r4, r5, r6, r7, pc}
100011b2:	6873      	ldr	r3, [r6, #4]
100011b4:	428b      	cmp	r3, r1
100011b6:	d1d1      	bne.n	1000115c <best_effort_wfe_or_timeout+0x20>
100011b8:	e7e9      	b.n	1000118e <best_effort_wfe_or_timeout+0x52>
100011ba:	4929      	ldr	r1, [pc, #164]	@ (10001260 <best_effort_wfe_or_timeout+0x124>)
100011bc:	2000      	movs	r0, #0
100011be:	6a4b      	ldr	r3, [r1, #36]	@ 0x24
100011c0:	42ab      	cmp	r3, r5
100011c2:	d3f1      	bcc.n	100011a8 <best_effort_wfe_or_timeout+0x6c>
100011c4:	6a8a      	ldr	r2, [r1, #40]	@ 0x28
100011c6:	1b5b      	subs	r3, r3, r5
100011c8:	1e59      	subs	r1, r3, #1
100011ca:	418b      	sbcs	r3, r1
100011cc:	42a2      	cmp	r2, r4
100011ce:	4140      	adcs	r0, r0
100011d0:	4318      	orrs	r0, r3
100011d2:	e7e9      	b.n	100011a8 <best_effort_wfe_or_timeout+0x6c>
100011d4:	4584      	cmp	ip, r0
100011d6:	d9da      	bls.n	1000118e <best_effort_wfe_or_timeout+0x52>
100011d8:	f000 f858 	bl	1000128c <time_us_64>
100011dc:	0022      	movs	r2, r4
100011de:	002b      	movs	r3, r5
100011e0:	1a12      	subs	r2, r2, r0
100011e2:	418b      	sbcs	r3, r1
100011e4:	2b00      	cmp	r3, #0
100011e6:	da05      	bge.n	100011f4 <best_effort_wfe_or_timeout+0xb8>
100011e8:	4a1d      	ldr	r2, [pc, #116]	@ (10001260 <best_effort_wfe_or_timeout+0x124>)
100011ea:	6a53      	ldr	r3, [r2, #36]	@ 0x24
100011ec:	454b      	cmp	r3, r9
100011ee:	d229      	bcs.n	10001244 <best_effort_wfe_or_timeout+0x108>
100011f0:	2000      	movs	r0, #0
100011f2:	e7d9      	b.n	100011a8 <best_effort_wfe_or_timeout+0x6c>
100011f4:	2300      	movs	r3, #0
100011f6:	9301      	str	r3, [sp, #4]
100011f8:	4b1a      	ldr	r3, [pc, #104]	@ (10001264 <best_effort_wfe_or_timeout+0x128>)
100011fa:	0022      	movs	r2, r4
100011fc:	9300      	str	r3, [sp, #0]
100011fe:	0038      	movs	r0, r7
10001200:	002b      	movs	r3, r5
10001202:	f7ff fe0d 	bl	10000e20 <alarm_pool_add_alarm_at_force_in_context>
10001206:	2800      	cmp	r0, #0
10001208:	ddee      	ble.n	100011e8 <best_effort_wfe_or_timeout+0xac>
1000120a:	4b15      	ldr	r3, [pc, #84]	@ (10001260 <best_effort_wfe_or_timeout+0x124>)
1000120c:	c630      	stmia	r6!, {r4, r5}
1000120e:	6a5a      	ldr	r2, [r3, #36]	@ 0x24
10001210:	454a      	cmp	r2, r9
10001212:	d315      	bcc.n	10001240 <best_effort_wfe_or_timeout+0x104>
10001214:	6a9b      	ldr	r3, [r3, #40]	@ 0x28
10001216:	42a3      	cmp	r3, r4
10001218:	d310      	bcc.n	1000123c <best_effort_wfe_or_timeout+0x100>
1000121a:	0001      	movs	r1, r0
1000121c:	0038      	movs	r0, r7
1000121e:	f7ff fe5d 	bl	10000edc <alarm_pool_cancel_alarm>
10001222:	4a0f      	ldr	r2, [pc, #60]	@ (10001260 <best_effort_wfe_or_timeout+0x124>)
10001224:	2000      	movs	r0, #0
10001226:	6a53      	ldr	r3, [r2, #36]	@ 0x24
10001228:	454b      	cmp	r3, r9
1000122a:	d3bd      	bcc.n	100011a8 <best_effort_wfe_or_timeout+0x6c>
1000122c:	6a92      	ldr	r2, [r2, #40]	@ 0x28
1000122e:	1b5b      	subs	r3, r3, r5
10001230:	1e59      	subs	r1, r3, #1
10001232:	418b      	sbcs	r3, r1
10001234:	42a2      	cmp	r2, r4
10001236:	4140      	adcs	r0, r0
10001238:	4318      	orrs	r0, r3
1000123a:	e7b5      	b.n	100011a8 <best_effort_wfe_or_timeout+0x6c>
1000123c:	454a      	cmp	r2, r9
1000123e:	d1ec      	bne.n	1000121a <best_effort_wfe_or_timeout+0xde>
10001240:	bf20      	wfe
10001242:	e7ea      	b.n	1000121a <best_effort_wfe_or_timeout+0xde>
10001244:	2000      	movs	r0, #0
10001246:	6a92      	ldr	r2, [r2, #40]	@ 0x28
10001248:	1b5b      	subs	r3, r3, r5
1000124a:	42a2      	cmp	r2, r4
1000124c:	4140      	adcs	r0, r0
1000124e:	1e5a      	subs	r2, r3, #1
10001250:	4193      	sbcs	r3, r2
10001252:	4318      	orrs	r0, r3
10001254:	e7a8      	b.n	100011a8 <best_effort_wfe_or_timeout+0x6c>
10001256:	46c0      	nop			@ (mov r8, r8)
10001258:	20000fa8 	.word	0x20000fa8
1000125c:	20000fb0 	.word	0x20000fb0
10001260:	40054000 	.word	0x40054000
10001264:	10000951 	.word	0x10000951

10001268 <timer_hardware_alarm_claim>:
10001268:	b510      	push	{r4, lr}
1000126a:	4a02      	ldr	r2, [pc, #8]	@ (10001274 <timer_hardware_alarm_claim+0xc>)
1000126c:	4802      	ldr	r0, [pc, #8]	@ (10001278 <timer_hardware_alarm_claim+0x10>)
1000126e:	f7ff f8a9 	bl	100003c4 <hw_claim_or_assert>
10001272:	bd10      	pop	{r4, pc}
10001274:	10004340 	.word	0x10004340
10001278:	20001790 	.word	0x20001790

1000127c <timer_time_us_64>:
1000127c:	0003      	movs	r3, r0
1000127e:	6a41      	ldr	r1, [r0, #36]	@ 0x24
10001280:	000a      	movs	r2, r1
10001282:	6a98      	ldr	r0, [r3, #40]	@ 0x28
10001284:	6a59      	ldr	r1, [r3, #36]	@ 0x24
10001286:	428a      	cmp	r2, r1
10001288:	d1fa      	bne.n	10001280 <timer_time_us_64+0x4>
1000128a:	4770      	bx	lr

1000128c <time_us_64>:
1000128c:	4b03      	ldr	r3, [pc, #12]	@ (1000129c <time_us_64+0x10>)
1000128e:	6a59      	ldr	r1, [r3, #36]	@ 0x24
10001290:	000a      	movs	r2, r1
10001292:	6a98      	ldr	r0, [r3, #40]	@ 0x28
10001294:	6a59      	ldr	r1, [r3, #36]	@ 0x24
10001296:	4291      	cmp	r1, r2
10001298:	d1fa      	bne.n	10001290 <time_us_64+0x4>
1000129a:	4770      	bx	lr
1000129c:	40054000 	.word	0x40054000

100012a0 <busy_wait_until>:
100012a0:	4a06      	ldr	r2, [pc, #24]	@ (100012bc <busy_wait_until+0x1c>)
100012a2:	6a53      	ldr	r3, [r2, #36]	@ 0x24
100012a4:	4299      	cmp	r1, r3
100012a6:	d8fc      	bhi.n	100012a2 <busy_wait_until+0x2>
100012a8:	d107      	bne.n	100012ba <busy_wait_until+0x1a>
100012aa:	4b04      	ldr	r3, [pc, #16]	@ (100012bc <busy_wait_until+0x1c>)
100012ac:	e002      	b.n	100012b4 <busy_wait_until+0x14>
100012ae:	6a5a      	ldr	r2, [r3, #36]	@ 0x24
100012b0:	4291      	cmp	r1, r2
100012b2:	d102      	bne.n	100012ba <busy_wait_until+0x1a>
100012b4:	6a9a      	ldr	r2, [r3, #40]	@ 0x28
100012b6:	4290      	cmp	r0, r2
100012b8:	d8f9      	bhi.n	100012ae <busy_wait_until+0xe>
100012ba:	4770      	bx	lr
100012bc:	40054000 	.word	0x40054000

100012c0 <clock_configure_int_divider>:
100012c0:	b5f8      	push	{r3, r4, r5, r6, r7, lr}
100012c2:	46de      	mov	lr, fp
100012c4:	464e      	mov	r6, r9
100012c6:	4645      	mov	r5, r8
100012c8:	4657      	mov	r7, sl
100012ca:	b5e0      	push	{r5, r6, r7, lr}
100012cc:	0005      	movs	r5, r0
100012ce:	468b      	mov	fp, r1
100012d0:	0018      	movs	r0, r3
100012d2:	990a      	ldr	r1, [sp, #40]	@ 0x28
100012d4:	4691      	mov	r9, r2
100012d6:	f000 fb11 	bl	100018fc <__wrap___aeabi_uidiv>
100012da:	9b0a      	ldr	r3, [sp, #40]	@ 0x28
100012dc:	006c      	lsls	r4, r5, #1
100012de:	021e      	lsls	r6, r3, #8
100012e0:	1964      	adds	r4, r4, r5
100012e2:	4b30      	ldr	r3, [pc, #192]	@ (100013a4 <clock_configure_int_divider+0xe4>)
100012e4:	00a4      	lsls	r4, r4, #2
100012e6:	18e4      	adds	r4, r4, r3
100012e8:	6863      	ldr	r3, [r4, #4]
100012ea:	4680      	mov	r8, r0
100012ec:	429e      	cmp	r6, r3
100012ee:	d900      	bls.n	100012f2 <clock_configure_int_divider+0x32>
100012f0:	6066      	str	r6, [r4, #4]
100012f2:	1f2f      	subs	r7, r5, #4
100012f4:	b2fb      	uxtb	r3, r7
100012f6:	469a      	mov	sl, r3
100012f8:	2b01      	cmp	r3, #1
100012fa:	d92f      	bls.n	1000135c <clock_configure_int_divider+0x9c>
100012fc:	23c0      	movs	r3, #192	@ 0xc0
100012fe:	2280      	movs	r2, #128	@ 0x80
10001300:	4f29      	ldr	r7, [pc, #164]	@ (100013a8 <clock_configure_int_divider+0xe8>)
10001302:	00ad      	lsls	r5, r5, #2
10001304:	019b      	lsls	r3, r3, #6
10001306:	5979      	ldr	r1, [r7, r5]
10001308:	0112      	lsls	r2, r2, #4
1000130a:	18e3      	adds	r3, r4, r3
1000130c:	601a      	str	r2, [r3, #0]
1000130e:	2900      	cmp	r1, #0
10001310:	d11b      	bne.n	1000134a <clock_configure_int_divider+0x8a>
10001312:	464b      	mov	r3, r9
10001314:	6822      	ldr	r2, [r4, #0]
10001316:	015b      	lsls	r3, r3, #5
10001318:	4053      	eors	r3, r2
1000131a:	22e0      	movs	r2, #224	@ 0xe0
1000131c:	4013      	ands	r3, r2
1000131e:	2280      	movs	r2, #128	@ 0x80
10001320:	0152      	lsls	r2, r2, #5
10001322:	18a2      	adds	r2, r4, r2
10001324:	6013      	str	r3, [r2, #0]
10001326:	4653      	mov	r3, sl
10001328:	2b01      	cmp	r3, #1
1000132a:	d92f      	bls.n	1000138c <clock_configure_int_divider+0xcc>
1000132c:	2380      	movs	r3, #128	@ 0x80
1000132e:	2280      	movs	r2, #128	@ 0x80
10001330:	019b      	lsls	r3, r3, #6
10001332:	18e3      	adds	r3, r4, r3
10001334:	0112      	lsls	r2, r2, #4
10001336:	601a      	str	r2, [r3, #0]
10001338:	4643      	mov	r3, r8
1000133a:	6066      	str	r6, [r4, #4]
1000133c:	517b      	str	r3, [r7, r5]
1000133e:	bcf0      	pop	{r4, r5, r6, r7}
10001340:	46bb      	mov	fp, r7
10001342:	46b2      	mov	sl, r6
10001344:	46a9      	mov	r9, r5
10001346:	46a0      	mov	r8, r4
10001348:	bdf8      	pop	{r3, r4, r5, r6, r7, pc}
1000134a:	6978      	ldr	r0, [r7, #20]
1000134c:	f000 fad6 	bl	100018fc <__wrap___aeabi_uidiv>
10001350:	3001      	adds	r0, #1
10001352:	0043      	lsls	r3, r0, #1
10001354:	181b      	adds	r3, r3, r0
10001356:	3b03      	subs	r3, #3
10001358:	d2fd      	bcs.n	10001356 <clock_configure_int_divider+0x96>
1000135a:	e7da      	b.n	10001312 <clock_configure_int_divider+0x52>
1000135c:	465b      	mov	r3, fp
1000135e:	2b01      	cmp	r3, #1
10001360:	d1cc      	bne.n	100012fc <clock_configure_int_divider+0x3c>
10001362:	23c0      	movs	r3, #192	@ 0xc0
10001364:	2203      	movs	r2, #3
10001366:	019b      	lsls	r3, r3, #6
10001368:	18e3      	adds	r3, r4, r3
1000136a:	601a      	str	r2, [r3, #0]
1000136c:	3a02      	subs	r2, #2
1000136e:	68a3      	ldr	r3, [r4, #8]
10001370:	421a      	tst	r2, r3
10001372:	d0fc      	beq.n	1000136e <clock_configure_int_divider+0xae>
10001374:	464a      	mov	r2, r9
10001376:	6823      	ldr	r3, [r4, #0]
10001378:	0152      	lsls	r2, r2, #5
1000137a:	405a      	eors	r2, r3
1000137c:	23e0      	movs	r3, #224	@ 0xe0
1000137e:	4013      	ands	r3, r2
10001380:	2280      	movs	r2, #128	@ 0x80
10001382:	0152      	lsls	r2, r2, #5
10001384:	18a2      	adds	r2, r4, r2
10001386:	4f08      	ldr	r7, [pc, #32]	@ (100013a8 <clock_configure_int_divider+0xe8>)
10001388:	6013      	str	r3, [r2, #0]
1000138a:	00ad      	lsls	r5, r5, #2
1000138c:	4658      	mov	r0, fp
1000138e:	2303      	movs	r3, #3
10001390:	6821      	ldr	r1, [r4, #0]
10001392:	4041      	eors	r1, r0
10001394:	400b      	ands	r3, r1
10001396:	6013      	str	r3, [r2, #0]
10001398:	2201      	movs	r2, #1
1000139a:	4082      	lsls	r2, r0
1000139c:	68a3      	ldr	r3, [r4, #8]
1000139e:	421a      	tst	r2, r3
100013a0:	d0fc      	beq.n	1000139c <clock_configure_int_divider+0xdc>
100013a2:	e7c3      	b.n	1000132c <clock_configure_int_divider+0x6c>
100013a4:	40008000 	.word	0x40008000
100013a8:	20001794 	.word	0x20001794

100013ac <clock_configure_undivided>:
100013ac:	b5f0      	push	{r4, r5, r6, r7, lr}
100013ae:	46d6      	mov	lr, sl
100013b0:	464f      	mov	r7, r9
100013b2:	4646      	mov	r6, r8
100013b4:	0044      	lsls	r4, r0, #1
100013b6:	4698      	mov	r8, r3
100013b8:	1824      	adds	r4, r4, r0
100013ba:	4b32      	ldr	r3, [pc, #200]	@ (10001484 <clock_configure_undivided+0xd8>)
100013bc:	00a4      	lsls	r4, r4, #2
100013be:	18e4      	adds	r4, r4, r3
100013c0:	6863      	ldr	r3, [r4, #4]
100013c2:	468a      	mov	sl, r1
100013c4:	4691      	mov	r9, r2
100013c6:	b5c0      	push	{r6, r7, lr}
100013c8:	2bff      	cmp	r3, #255	@ 0xff
100013ca:	d802      	bhi.n	100013d2 <clock_configure_undivided+0x26>
100013cc:	2380      	movs	r3, #128	@ 0x80
100013ce:	005b      	lsls	r3, r3, #1
100013d0:	6063      	str	r3, [r4, #4]
100013d2:	1f06      	subs	r6, r0, #4
100013d4:	b2f6      	uxtb	r6, r6
100013d6:	2e01      	cmp	r6, #1
100013d8:	d92f      	bls.n	1000143a <clock_configure_undivided+0x8e>
100013da:	23c0      	movs	r3, #192	@ 0xc0
100013dc:	2280      	movs	r2, #128	@ 0x80
100013de:	4f2a      	ldr	r7, [pc, #168]	@ (10001488 <clock_configure_undivided+0xdc>)
100013e0:	0085      	lsls	r5, r0, #2
100013e2:	019b      	lsls	r3, r3, #6
100013e4:	5979      	ldr	r1, [r7, r5]
100013e6:	0112      	lsls	r2, r2, #4
100013e8:	18e3      	adds	r3, r4, r3
100013ea:	601a      	str	r2, [r3, #0]
100013ec:	2900      	cmp	r1, #0
100013ee:	d11b      	bne.n	10001428 <clock_configure_undivided+0x7c>
100013f0:	464b      	mov	r3, r9
100013f2:	6822      	ldr	r2, [r4, #0]
100013f4:	015b      	lsls	r3, r3, #5
100013f6:	4053      	eors	r3, r2
100013f8:	22e0      	movs	r2, #224	@ 0xe0
100013fa:	4013      	ands	r3, r2
100013fc:	2280      	movs	r2, #128	@ 0x80
100013fe:	0152      	lsls	r2, r2, #5
10001400:	18a2      	adds	r2, r4, r2
10001402:	6013      	str	r3, [r2, #0]
10001404:	2e01      	cmp	r6, #1
10001406:	d930      	bls.n	1000146a <clock_configure_undivided+0xbe>
10001408:	2380      	movs	r3, #128	@ 0x80
1000140a:	2280      	movs	r2, #128	@ 0x80
1000140c:	019b      	lsls	r3, r3, #6
1000140e:	18e3      	adds	r3, r4, r3
10001410:	0112      	lsls	r2, r2, #4
10001412:	601a      	str	r2, [r3, #0]
10001414:	2380      	movs	r3, #128	@ 0x80
10001416:	005b      	lsls	r3, r3, #1
10001418:	6063      	str	r3, [r4, #4]
1000141a:	4643      	mov	r3, r8
1000141c:	517b      	str	r3, [r7, r5]
1000141e:	bce0      	pop	{r5, r6, r7}
10001420:	46ba      	mov	sl, r7
10001422:	46b1      	mov	r9, r6
10001424:	46a8      	mov	r8, r5
10001426:	bdf0      	pop	{r4, r5, r6, r7, pc}
10001428:	6978      	ldr	r0, [r7, #20]
1000142a:	f000 fa67 	bl	100018fc <__wrap___aeabi_uidiv>
1000142e:	3001      	adds	r0, #1
10001430:	0043      	lsls	r3, r0, #1
10001432:	181b      	adds	r3, r3, r0
10001434:	3b03      	subs	r3, #3
10001436:	d2fd      	bcs.n	10001434 <clock_configure_undivided+0x88>
10001438:	e7da      	b.n	100013f0 <clock_configure_undivided+0x44>
1000143a:	4653      	mov	r3, sl
1000143c:	2b01      	cmp	r3, #1
1000143e:	d1cc      	bne.n	100013da <clock_configure_undivided+0x2e>
10001440:	23c0      	movs	r3, #192	@ 0xc0
10001442:	2203      	movs	r2, #3
10001444:	019b      	lsls	r3, r3, #6
10001446:	18e3      	adds	r3, r4, r3
10001448:	601a      	str	r2, [r3, #0]
1000144a:	3a02      	subs	r2, #2
1000144c:	68a3      	ldr	r3, [r4, #8]
1000144e:	421a      	tst	r2, r3
10001450:	d0fc      	beq.n	1000144c <clock_configure_undivided+0xa0>
10001452:	464a      	mov	r2, r9
10001454:	6823      	ldr	r3, [r4, #0]
10001456:	0152      	lsls	r2, r2, #5
10001458:	405a      	eors	r2, r3
1000145a:	23e0      	movs	r3, #224	@ 0xe0
1000145c:	4013      	ands	r3, r2
1000145e:	2280      	movs	r2, #128	@ 0x80
10001460:	0152      	lsls	r2, r2, #5
10001462:	18a2      	adds	r2, r4, r2
10001464:	4f08      	ldr	r7, [pc, #32]	@ (10001488 <clock_configure_undivided+0xdc>)
10001466:	6013      	str	r3, [r2, #0]
10001468:	0085      	lsls	r5, r0, #2
1000146a:	4650      	mov	r0, sl
1000146c:	2303      	movs	r3, #3
1000146e:	6821      	ldr	r1, [r4, #0]
10001470:	4041      	eors	r1, r0
10001472:	400b      	ands	r3, r1
10001474:	6013      	str	r3, [r2, #0]
10001476:	2201      	movs	r2, #1
10001478:	4082      	lsls	r2, r0
1000147a:	68a3      	ldr	r3, [r4, #8]
1000147c:	421a      	tst	r2, r3
1000147e:	d0fc      	beq.n	1000147a <clock_configure_undivided+0xce>
10001480:	e7c2      	b.n	10001408 <clock_configure_undivided+0x5c>
10001482:	46c0      	nop			@ (mov r8, r8)
10001484:	40008000 	.word	0x40008000
10001488:	20001794 	.word	0x20001794

1000148c <clock_get_hz>:
1000148c:	4b01      	ldr	r3, [pc, #4]	@ (10001494 <clock_get_hz+0x8>)
1000148e:	0080      	lsls	r0, r0, #2
10001490:	58c0      	ldr	r0, [r0, r3]
10001492:	4770      	bx	lr
10001494:	20001794 	.word	0x20001794

10001498 <pll_init>:
10001498:	b5f0      	push	{r4, r5, r6, r7, lr}
1000149a:	46c6      	mov	lr, r8
1000149c:	0004      	movs	r4, r0
1000149e:	b500      	push	{lr}
100014a0:	4823      	ldr	r0, [pc, #140]	@ (10001530 <pll_init+0x98>)
100014a2:	0016      	movs	r6, r2
100014a4:	4698      	mov	r8, r3
100014a6:	000d      	movs	r5, r1
100014a8:	f000 fa28 	bl	100018fc <__wrap___aeabi_uidiv>
100014ac:	0001      	movs	r1, r0
100014ae:	0030      	movs	r0, r6
100014b0:	f000 fa24 	bl	100018fc <__wrap___aeabi_uidiv>
100014b4:	4643      	mov	r3, r8
100014b6:	9a06      	ldr	r2, [sp, #24]
100014b8:	041b      	lsls	r3, r3, #16
100014ba:	0312      	lsls	r2, r2, #12
100014bc:	4313      	orrs	r3, r2
100014be:	469c      	mov	ip, r3
100014c0:	6823      	ldr	r3, [r4, #0]
100014c2:	0006      	movs	r6, r0
100014c4:	2b00      	cmp	r3, #0
100014c6:	db22      	blt.n	1000150e <pll_init+0x76>
100014c8:	4b1a      	ldr	r3, [pc, #104]	@ (10001534 <pll_init+0x9c>)
100014ca:	481b      	ldr	r0, [pc, #108]	@ (10001538 <pll_init+0xa0>)
100014cc:	18e2      	adds	r2, r4, r3
100014ce:	1e53      	subs	r3, r2, #1
100014d0:	419a      	sbcs	r2, r3
100014d2:	2380      	movs	r3, #128	@ 0x80
100014d4:	4252      	negs	r2, r2
100014d6:	0b12      	lsrs	r2, r2, #12
100014d8:	019b      	lsls	r3, r3, #6
100014da:	0312      	lsls	r2, r2, #12
100014dc:	18d2      	adds	r2, r2, r3
100014de:	4b17      	ldr	r3, [pc, #92]	@ (1000153c <pll_init+0xa4>)
100014e0:	601a      	str	r2, [r3, #0]
100014e2:	4b17      	ldr	r3, [pc, #92]	@ (10001540 <pll_init+0xa8>)
100014e4:	601a      	str	r2, [r3, #0]
100014e6:	0013      	movs	r3, r2
100014e8:	6801      	ldr	r1, [r0, #0]
100014ea:	438b      	bics	r3, r1
100014ec:	d1fb      	bne.n	100014e6 <pll_init+0x4e>
100014ee:	2221      	movs	r2, #33	@ 0x21
100014f0:	4b14      	ldr	r3, [pc, #80]	@ (10001544 <pll_init+0xac>)
100014f2:	6025      	str	r5, [r4, #0]
100014f4:	18e3      	adds	r3, r4, r3
100014f6:	60a6      	str	r6, [r4, #8]
100014f8:	601a      	str	r2, [r3, #0]
100014fa:	6822      	ldr	r2, [r4, #0]
100014fc:	2a00      	cmp	r2, #0
100014fe:	dafc      	bge.n	100014fa <pll_init+0x62>
10001500:	4662      	mov	r2, ip
10001502:	60e2      	str	r2, [r4, #12]
10001504:	2208      	movs	r2, #8
10001506:	601a      	str	r2, [r3, #0]
10001508:	bc80      	pop	{r7}
1000150a:	46b8      	mov	r8, r7
1000150c:	bdf0      	pop	{r4, r5, r6, r7, pc}
1000150e:	233f      	movs	r3, #63	@ 0x3f
10001510:	6822      	ldr	r2, [r4, #0]
10001512:	4013      	ands	r3, r2
10001514:	42ab      	cmp	r3, r5
10001516:	d1d7      	bne.n	100014c8 <pll_init+0x30>
10001518:	68a3      	ldr	r3, [r4, #8]
1000151a:	051b      	lsls	r3, r3, #20
1000151c:	0d1b      	lsrs	r3, r3, #20
1000151e:	4283      	cmp	r3, r0
10001520:	d1d2      	bne.n	100014c8 <pll_init+0x30>
10001522:	22ee      	movs	r2, #238	@ 0xee
10001524:	68e3      	ldr	r3, [r4, #12]
10001526:	02d2      	lsls	r2, r2, #11
10001528:	4013      	ands	r3, r2
1000152a:	4563      	cmp	r3, ip
1000152c:	d1cc      	bne.n	100014c8 <pll_init+0x30>
1000152e:	e7eb      	b.n	10001508 <pll_init+0x70>
10001530:	00b71b00 	.word	0x00b71b00
10001534:	bffd4000 	.word	0xbffd4000
10001538:	4000c008 	.word	0x4000c008
1000153c:	4000e000 	.word	0x4000e000
10001540:	4000f000 	.word	0x4000f000
10001544:	00003004 	.word	0x00003004

10001548 <watchdog_reboot>:
10001548:	b510      	push	{r4, lr}
1000154a:	2480      	movs	r4, #128	@ 0x80
1000154c:	4b1c      	ldr	r3, [pc, #112]	@ (100015c0 <watchdog_reboot+0x78>)
1000154e:	05e4      	lsls	r4, r4, #23
10001550:	601c      	str	r4, [r3, #0]
10001552:	2800      	cmp	r0, #0
10001554:	d01a      	beq.n	1000158c <watchdog_reboot+0x44>
10001556:	2301      	movs	r3, #1
10001558:	4c1a      	ldr	r4, [pc, #104]	@ (100015c4 <watchdog_reboot+0x7c>)
1000155a:	4318      	orrs	r0, r3
1000155c:	4b1a      	ldr	r3, [pc, #104]	@ (100015c8 <watchdog_reboot+0x80>)
1000155e:	61dc      	str	r4, [r3, #28]
10001560:	4c1a      	ldr	r4, [pc, #104]	@ (100015cc <watchdog_reboot+0x84>)
10001562:	4044      	eors	r4, r0
10001564:	621c      	str	r4, [r3, #32]
10001566:	6259      	str	r1, [r3, #36]	@ 0x24
10001568:	6298      	str	r0, [r3, #40]	@ 0x28
1000156a:	2180      	movs	r1, #128	@ 0x80
1000156c:	4b14      	ldr	r3, [pc, #80]	@ (100015c0 <watchdog_reboot+0x78>)
1000156e:	05c9      	lsls	r1, r1, #23
10001570:	6019      	str	r1, [r3, #0]
10001572:	4817      	ldr	r0, [pc, #92]	@ (100015d0 <watchdog_reboot+0x88>)
10001574:	4917      	ldr	r1, [pc, #92]	@ (100015d4 <watchdog_reboot+0x8c>)
10001576:	6008      	str	r0, [r1, #0]
10001578:	21e0      	movs	r1, #224	@ 0xe0
1000157a:	04c9      	lsls	r1, r1, #19
1000157c:	6019      	str	r1, [r3, #0]
1000157e:	2a00      	cmp	r2, #0
10001580:	d107      	bne.n	10001592 <watchdog_reboot+0x4a>
10001582:	2280      	movs	r2, #128	@ 0x80
10001584:	4b14      	ldr	r3, [pc, #80]	@ (100015d8 <watchdog_reboot+0x90>)
10001586:	0612      	lsls	r2, r2, #24
10001588:	601a      	str	r2, [r3, #0]
1000158a:	bd10      	pop	{r4, pc}
1000158c:	4b0e      	ldr	r3, [pc, #56]	@ (100015c8 <watchdog_reboot+0x80>)
1000158e:	61d8      	str	r0, [r3, #28]
10001590:	e7eb      	b.n	1000156a <watchdog_reboot+0x22>
10001592:	0153      	lsls	r3, r2, #5
10001594:	1a9b      	subs	r3, r3, r2
10001596:	009b      	lsls	r3, r3, #2
10001598:	189a      	adds	r2, r3, r2
1000159a:	2380      	movs	r3, #128	@ 0x80
1000159c:	0112      	lsls	r2, r2, #4
1000159e:	045b      	lsls	r3, r3, #17
100015a0:	429a      	cmp	r2, r3
100015a2:	d209      	bcs.n	100015b8 <watchdog_reboot+0x70>
100015a4:	0013      	movs	r3, r2
100015a6:	490d      	ldr	r1, [pc, #52]	@ (100015dc <watchdog_reboot+0x94>)
100015a8:	600b      	str	r3, [r1, #0]
100015aa:	4b07      	ldr	r3, [pc, #28]	@ (100015c8 <watchdog_reboot+0x80>)
100015ac:	605a      	str	r2, [r3, #4]
100015ae:	2280      	movs	r2, #128	@ 0x80
100015b0:	4b09      	ldr	r3, [pc, #36]	@ (100015d8 <watchdog_reboot+0x90>)
100015b2:	05d2      	lsls	r2, r2, #23
100015b4:	601a      	str	r2, [r3, #0]
100015b6:	e7e8      	b.n	1000158a <watchdog_reboot+0x42>
100015b8:	4b09      	ldr	r3, [pc, #36]	@ (100015e0 <watchdog_reboot+0x98>)
100015ba:	001a      	movs	r2, r3
100015bc:	e7f3      	b.n	100015a6 <watchdog_reboot+0x5e>
100015be:	46c0      	nop			@ (mov r8, r8)
100015c0:	4005b000 	.word	0x4005b000
100015c4:	b007c0d3 	.word	0xb007c0d3
100015c8:	40058000 	.word	0x40058000
100015cc:	4ff83f2d 	.word	0x4ff83f2d
100015d0:	0001fffc 	.word	0x0001fffc
100015d4:	40012008 	.word	0x40012008
100015d8:	4005a000 	.word	0x4005a000
100015dc:	20001bf4 	.word	0x20001bf4
100015e0:	00ffffff 	.word	0x00ffffff

100015e4 <tick_start>:
100015e4:	2380      	movs	r3, #128	@ 0x80
100015e6:	4a02      	ldr	r2, [pc, #8]	@ (100015f0 <tick_start+0xc>)
100015e8:	009b      	lsls	r3, r3, #2
100015ea:	430b      	orrs	r3, r1
100015ec:	62d3      	str	r3, [r2, #44]	@ 0x2c
100015ee:	4770      	bx	lr
100015f0:	40058000 	.word	0x40058000

100015f4 <rom_func_lookup>:
100015f4:	2300      	movs	r3, #0
100015f6:	b510      	push	{r4, lr}
100015f8:	0001      	movs	r1, r0
100015fa:	8a98      	ldrh	r0, [r3, #20]
100015fc:	8b1b      	ldrh	r3, [r3, #24]
100015fe:	4798      	blx	r3
10001600:	bd10      	pop	{r4, pc}
10001602:	46c0      	nop			@ (mov r8, r8)

10001604 <rom_data_lookup>:
10001604:	2316      	movs	r3, #22
10001606:	b510      	push	{r4, lr}
10001608:	0001      	movs	r1, r0
1000160a:	8818      	ldrh	r0, [r3, #0]
1000160c:	885b      	ldrh	r3, [r3, #2]
1000160e:	4798      	blx	r3
10001610:	bd10      	pop	{r4, pc}
10001612:	46c0      	nop			@ (mov r8, r8)

10001614 <rom_funcs_lookup>:
10001614:	b5f8      	push	{r3, r4, r5, r6, r7, lr}
10001616:	4647      	mov	r7, r8
10001618:	46ce      	mov	lr, r9
1000161a:	b580      	push	{r7, lr}
1000161c:	1e0f      	subs	r7, r1, #0
1000161e:	d018      	beq.n	10001652 <rom_funcs_lookup+0x3e>
10001620:	2314      	movs	r3, #20
10001622:	4699      	mov	r9, r3
10001624:	3304      	adds	r3, #4
10001626:	0004      	movs	r4, r0
10001628:	2500      	movs	r5, #0
1000162a:	2601      	movs	r6, #1
1000162c:	4698      	mov	r8, r3
1000162e:	464b      	mov	r3, r9
10001630:	8818      	ldrh	r0, [r3, #0]
10001632:	4643      	mov	r3, r8
10001634:	6821      	ldr	r1, [r4, #0]
10001636:	881b      	ldrh	r3, [r3, #0]
10001638:	4798      	blx	r3
1000163a:	c401      	stmia	r4!, {r0}
1000163c:	1e43      	subs	r3, r0, #1
1000163e:	4198      	sbcs	r0, r3
10001640:	3501      	adds	r5, #1
10001642:	4006      	ands	r6, r0
10001644:	42af      	cmp	r7, r5
10001646:	d1f2      	bne.n	1000162e <rom_funcs_lookup+0x1a>
10001648:	0030      	movs	r0, r6
1000164a:	bcc0      	pop	{r6, r7}
1000164c:	46b9      	mov	r9, r7
1000164e:	46b0      	mov	r8, r6
10001650:	bdf8      	pop	{r3, r4, r5, r6, r7, pc}
10001652:	2601      	movs	r6, #1
10001654:	e7f8      	b.n	10001648 <rom_funcs_lookup+0x34>
10001656:	46c0      	nop			@ (mov r8, r8)

10001658 <rom_reset_usb_boot_extra>:
10001658:	2300      	movs	r3, #0
1000165a:	b570      	push	{r4, r5, r6, lr}
1000165c:	0004      	movs	r4, r0
1000165e:	000d      	movs	r5, r1
10001660:	8a98      	ldrh	r0, [r3, #20]
10001662:	4905      	ldr	r1, [pc, #20]	@ (10001678 <rom_reset_usb_boot_extra+0x20>)
10001664:	8b1b      	ldrh	r3, [r3, #24]
10001666:	4798      	blx	r3
10001668:	0003      	movs	r3, r0
1000166a:	2000      	movs	r0, #0
1000166c:	2c00      	cmp	r4, #0
1000166e:	db01      	blt.n	10001674 <rom_reset_usb_boot_extra+0x1c>
10001670:	3001      	adds	r0, #1
10001672:	40a0      	lsls	r0, r4
10001674:	0029      	movs	r1, r5
10001676:	4798      	blx	r3
10001678:	00004255 	.word	0x00004255

1000167c <xosc_init>:
1000167c:	23aa      	movs	r3, #170	@ 0xaa
1000167e:	4a06      	ldr	r2, [pc, #24]	@ (10001698 <xosc_init+0x1c>)
10001680:	011b      	lsls	r3, r3, #4
10001682:	6013      	str	r3, [r2, #0]
10001684:	238d      	movs	r3, #141	@ 0x8d
10001686:	005b      	lsls	r3, r3, #1
10001688:	60d3      	str	r3, [r2, #12]
1000168a:	4904      	ldr	r1, [pc, #16]	@ (1000169c <xosc_init+0x20>)
1000168c:	4b04      	ldr	r3, [pc, #16]	@ (100016a0 <xosc_init+0x24>)
1000168e:	6019      	str	r1, [r3, #0]
10001690:	6853      	ldr	r3, [r2, #4]
10001692:	2b00      	cmp	r3, #0
10001694:	dafc      	bge.n	10001690 <xosc_init+0x14>
10001696:	4770      	bx	lr
10001698:	40024000 	.word	0x40024000
1000169c:	00fab000 	.word	0x00fab000
100016a0:	40026000 	.word	0x40026000

100016a4 <first_per_core_initializer>:
100016a4:	4770      	bx	lr
100016a6:	46c0      	nop			@ (mov r8, r8)

100016a8 <hard_assertion_failure>:
100016a8:	b510      	push	{r4, lr}
100016aa:	4801      	ldr	r0, [pc, #4]	@ (100016b0 <hard_assertion_failure+0x8>)
100016ac:	f7fe fe72 	bl	10000394 <panic>
100016b0:	10004364 	.word	0x10004364

100016b4 <runtime_run_initializers>:
100016b4:	b570      	push	{r4, r5, r6, lr}
100016b6:	4d07      	ldr	r5, [pc, #28]	@ (100016d4 <runtime_run_initializers+0x20>)
100016b8:	4e07      	ldr	r6, [pc, #28]	@ (100016d8 <runtime_run_initializers+0x24>)
100016ba:	42b5      	cmp	r5, r6
100016bc:	d209      	bcs.n	100016d2 <runtime_run_initializers+0x1e>
100016be:	2400      	movs	r4, #0
100016c0:	3e01      	subs	r6, #1
100016c2:	1b76      	subs	r6, r6, r5
100016c4:	08b6      	lsrs	r6, r6, #2
100016c6:	3601      	adds	r6, #1
100016c8:	cd08      	ldmia	r5!, {r3}
100016ca:	3401      	adds	r4, #1
100016cc:	4798      	blx	r3
100016ce:	42b4      	cmp	r4, r6
100016d0:	d1fa      	bne.n	100016c8 <runtime_run_initializers+0x14>
100016d2:	bd70      	pop	{r4, r5, r6, pc}
100016d4:	10004230 	.word	0x10004230
100016d8:	1000426c 	.word	0x1000426c

100016dc <runtime_init_early_resets>:
100016dc:	4b05      	ldr	r3, [pc, #20]	@ (100016f4 <runtime_init_early_resets+0x18>)
100016de:	4a06      	ldr	r2, [pc, #24]	@ (100016f8 <runtime_init_early_resets+0x1c>)
100016e0:	4906      	ldr	r1, [pc, #24]	@ (100016fc <runtime_init_early_resets+0x20>)
100016e2:	601a      	str	r2, [r3, #0]
100016e4:	4a06      	ldr	r2, [pc, #24]	@ (10001700 <runtime_init_early_resets+0x24>)
100016e6:	4b07      	ldr	r3, [pc, #28]	@ (10001704 <runtime_init_early_resets+0x28>)
100016e8:	601a      	str	r2, [r3, #0]
100016ea:	0010      	movs	r0, r2
100016ec:	680b      	ldr	r3, [r1, #0]
100016ee:	4398      	bics	r0, r3
100016f0:	d1fb      	bne.n	100016ea <runtime_init_early_resets+0xe>
100016f2:	4770      	bx	lr
100016f4:	4000e000 	.word	0x4000e000
100016f8:	fefbcdbf 	.word	0xfefbcdbf
100016fc:	4000c008 	.word	0x4000c008
10001700:	003c7ffe 	.word	0x003c7ffe
10001704:	4000f000 	.word	0x4000f000

10001708 <runtime_init_usb_power_down>:
10001708:	4b04      	ldr	r3, [pc, #16]	@ (1000171c <runtime_init_usb_power_down+0x14>)
1000170a:	6cdb      	ldr	r3, [r3, #76]	@ 0x4c
1000170c:	2b00      	cmp	r3, #0
1000170e:	d103      	bne.n	10001718 <runtime_init_usb_power_down+0x10>
10001710:	2280      	movs	r2, #128	@ 0x80
10001712:	4b03      	ldr	r3, [pc, #12]	@ (10001720 <runtime_init_usb_power_down+0x18>)
10001714:	02d2      	lsls	r2, r2, #11
10001716:	601a      	str	r2, [r3, #0]
10001718:	4770      	bx	lr
1000171a:	46c0      	nop			@ (mov r8, r8)
1000171c:	50110000 	.word	0x50110000
10001720:	5011204c 	.word	0x5011204c

10001724 <runtime_init_post_clock_resets>:
10001724:	4a04      	ldr	r2, [pc, #16]	@ (10001738 <runtime_init_post_clock_resets+0x14>)
10001726:	4b05      	ldr	r3, [pc, #20]	@ (1000173c <runtime_init_post_clock_resets+0x18>)
10001728:	601a      	str	r2, [r3, #0]
1000172a:	4a05      	ldr	r2, [pc, #20]	@ (10001740 <runtime_init_post_clock_resets+0x1c>)
1000172c:	6813      	ldr	r3, [r2, #0]
1000172e:	01db      	lsls	r3, r3, #7
10001730:	3380      	adds	r3, #128	@ 0x80
10001732:	d1fb      	bne.n	1000172c <runtime_init_post_clock_resets+0x8>
10001734:	4770      	bx	lr
10001736:	46c0      	nop			@ (mov r8, r8)
10001738:	01ffffff 	.word	0x01ffffff
1000173c:	4000f000 	.word	0x4000f000
10001740:	4000c008 	.word	0x4000c008

10001744 <runtime_init_rp2040_gpio_ie_disable>:
10001744:	2240      	movs	r2, #64	@ 0x40
10001746:	4b03      	ldr	r3, [pc, #12]	@ (10001754 <runtime_init_rp2040_gpio_ie_disable+0x10>)
10001748:	679a      	str	r2, [r3, #120]	@ 0x78
1000174a:	675a      	str	r2, [r3, #116]	@ 0x74
1000174c:	671a      	str	r2, [r3, #112]	@ 0x70
1000174e:	66da      	str	r2, [r3, #108]	@ 0x6c
10001750:	4770      	bx	lr
10001752:	46c0      	nop			@ (mov r8, r8)
10001754:	4001f000 	.word	0x4001f000

10001758 <runtime_init_spin_locks_reset>:
10001758:	b510      	push	{r4, lr}
1000175a:	f7fe febb 	bl	100004d4 <spin_locks_reset>
1000175e:	bd10      	pop	{r4, pc}

10001760 <runtime_init_install_ram_vector_table>:
10001760:	b570      	push	{r4, r5, r6, lr}
10001762:	4927      	ldr	r1, [pc, #156]	@ (10001800 <runtime_init_install_ram_vector_table+0xa0>)
10001764:	4e27      	ldr	r6, [pc, #156]	@ (10001804 <runtime_init_install_ram_vector_table+0xa4>)
10001766:	4d28      	ldr	r5, [pc, #160]	@ (10001808 <runtime_init_install_ram_vector_table+0xa8>)
10001768:	1a76      	subs	r6, r6, r1
1000176a:	08b4      	lsrs	r4, r6, #2
1000176c:	0022      	movs	r2, r4
1000176e:	2c30      	cmp	r4, #48	@ 0x30
10001770:	d900      	bls.n	10001774 <runtime_init_install_ram_vector_table+0x14>
10001772:	2230      	movs	r2, #48	@ 0x30
10001774:	0028      	movs	r0, r5
10001776:	0092      	lsls	r2, r2, #2
10001778:	f000 f9c0 	bl	10001afc <__wrap___aeabi_memcpy>
1000177c:	2c2f      	cmp	r4, #47	@ 0x2f
1000177e:	d83b      	bhi.n	100017f8 <runtime_init_install_ram_vector_table+0x98>
10001780:	0023      	movs	r3, r4
10001782:	3b2a      	subs	r3, #42	@ 0x2a
10001784:	4a21      	ldr	r2, [pc, #132]	@ (1000180c <runtime_init_install_ram_vector_table+0xac>)
10001786:	2b05      	cmp	r3, #5
10001788:	d91b      	bls.n	100017c2 <runtime_init_install_ram_vector_table+0x62>
1000178a:	2030      	movs	r0, #48	@ 0x30
1000178c:	19ae      	adds	r6, r5, r6
1000178e:	0771      	lsls	r1, r6, #29
10001790:	1b00      	subs	r0, r0, r4
10001792:	0026      	movs	r6, r4
10001794:	0fcb      	lsrs	r3, r1, #31
10001796:	2900      	cmp	r1, #0
10001798:	da02      	bge.n	100017a0 <runtime_init_install_ram_vector_table+0x40>
1000179a:	00a1      	lsls	r1, r4, #2
1000179c:	506a      	str	r2, [r5, r1]
1000179e:	1c66      	adds	r6, r4, #1
100017a0:	1ac0      	subs	r0, r0, r3
100017a2:	18e3      	adds	r3, r4, r3
100017a4:	009b      	lsls	r3, r3, #2
100017a6:	0841      	lsrs	r1, r0, #1
100017a8:	18eb      	adds	r3, r5, r3
100017aa:	00c9      	lsls	r1, r1, #3
100017ac:	18c9      	adds	r1, r1, r3
100017ae:	601a      	str	r2, [r3, #0]
100017b0:	605a      	str	r2, [r3, #4]
100017b2:	3308      	adds	r3, #8
100017b4:	428b      	cmp	r3, r1
100017b6:	d1fa      	bne.n	100017ae <runtime_init_install_ram_vector_table+0x4e>
100017b8:	2301      	movs	r3, #1
100017ba:	4203      	tst	r3, r0
100017bc:	d01c      	beq.n	100017f8 <runtime_init_install_ram_vector_table+0x98>
100017be:	4398      	bics	r0, r3
100017c0:	1984      	adds	r4, r0, r6
100017c2:	00a3      	lsls	r3, r4, #2
100017c4:	50ea      	str	r2, [r5, r3]
100017c6:	1c63      	adds	r3, r4, #1
100017c8:	2c2f      	cmp	r4, #47	@ 0x2f
100017ca:	d015      	beq.n	100017f8 <runtime_init_install_ram_vector_table+0x98>
100017cc:	009b      	lsls	r3, r3, #2
100017ce:	50ea      	str	r2, [r5, r3]
100017d0:	1ca3      	adds	r3, r4, #2
100017d2:	2c2e      	cmp	r4, #46	@ 0x2e
100017d4:	d010      	beq.n	100017f8 <runtime_init_install_ram_vector_table+0x98>
100017d6:	009b      	lsls	r3, r3, #2
100017d8:	50ea      	str	r2, [r5, r3]
100017da:	1ce3      	adds	r3, r4, #3
100017dc:	2c2d      	cmp	r4, #45	@ 0x2d
100017de:	d00b      	beq.n	100017f8 <runtime_init_install_ram_vector_table+0x98>
100017e0:	009b      	lsls	r3, r3, #2
100017e2:	50ea      	str	r2, [r5, r3]
100017e4:	1d23      	adds	r3, r4, #4
100017e6:	2c2c      	cmp	r4, #44	@ 0x2c
100017e8:	d006      	beq.n	100017f8 <runtime_init_install_ram_vector_table+0x98>
100017ea:	009b      	lsls	r3, r3, #2
100017ec:	50ea      	str	r2, [r5, r3]
100017ee:	1d63      	adds	r3, r4, #5
100017f0:	2c2b      	cmp	r4, #43	@ 0x2b
100017f2:	d001      	beq.n	100017f8 <runtime_init_install_ram_vector_table+0x98>
100017f4:	009b      	lsls	r3, r3, #2
100017f6:	50ea      	str	r2, [r5, r3]
100017f8:	4b05      	ldr	r3, [pc, #20]	@ (10001810 <runtime_init_install_ram_vector_table+0xb0>)
100017fa:	609d      	str	r5, [r3, #8]
100017fc:	bd70      	pop	{r4, r5, r6, pc}
100017fe:	46c0      	nop			@ (mov r8, r8)
10001800:	10000100 	.word	0x10000100
10001804:	100001c0 	.word	0x100001c0
10001808:	20000000 	.word	0x20000000
1000180c:	100001c1 	.word	0x100001c1
10001810:	e000ed00 	.word	0xe000ed00

10001814 <runtime_init_clocks>:
10001814:	2300      	movs	r3, #0
10001816:	b510      	push	{r4, lr}
10001818:	4c29      	ldr	r4, [pc, #164]	@ (100018c0 <runtime_init_clocks+0xac>)
1000181a:	b082      	sub	sp, #8
1000181c:	67a3      	str	r3, [r4, #120]	@ 0x78
1000181e:	f7ff ff2d 	bl	1000167c <xosc_init>
10001822:	2201      	movs	r2, #1
10001824:	4b27      	ldr	r3, [pc, #156]	@ (100018c4 <runtime_init_clocks+0xb0>)
10001826:	601a      	str	r2, [r3, #0]
10001828:	6c63      	ldr	r3, [r4, #68]	@ 0x44
1000182a:	2b01      	cmp	r3, #1
1000182c:	d1fc      	bne.n	10001828 <runtime_init_clocks+0x14>
1000182e:	2203      	movs	r2, #3
10001830:	4b25      	ldr	r3, [pc, #148]	@ (100018c8 <runtime_init_clocks+0xb4>)
10001832:	601a      	str	r2, [r3, #0]
10001834:	4a22      	ldr	r2, [pc, #136]	@ (100018c0 <runtime_init_clocks+0xac>)
10001836:	6b93      	ldr	r3, [r2, #56]	@ 0x38
10001838:	2b01      	cmp	r3, #1
1000183a:	d1fc      	bne.n	10001836 <runtime_init_clocks+0x22>
1000183c:	3301      	adds	r3, #1
1000183e:	9300      	str	r3, [sp, #0]
10001840:	2101      	movs	r1, #1
10001842:	4a22      	ldr	r2, [pc, #136]	@ (100018cc <runtime_init_clocks+0xb8>)
10001844:	4822      	ldr	r0, [pc, #136]	@ (100018d0 <runtime_init_clocks+0xbc>)
10001846:	3304      	adds	r3, #4
10001848:	f7ff fe26 	bl	10001498 <pll_init>
1000184c:	2305      	movs	r3, #5
1000184e:	2101      	movs	r1, #1
10001850:	9300      	str	r3, [sp, #0]
10001852:	4a20      	ldr	r2, [pc, #128]	@ (100018d4 <runtime_init_clocks+0xc0>)
10001854:	4820      	ldr	r0, [pc, #128]	@ (100018d8 <runtime_init_clocks+0xc4>)
10001856:	f7ff fe1f 	bl	10001498 <pll_init>
1000185a:	2200      	movs	r2, #0
1000185c:	2102      	movs	r1, #2
1000185e:	2004      	movs	r0, #4
10001860:	4b1e      	ldr	r3, [pc, #120]	@ (100018dc <runtime_init_clocks+0xc8>)
10001862:	f7ff fda3 	bl	100013ac <clock_configure_undivided>
10001866:	2200      	movs	r2, #0
10001868:	2101      	movs	r1, #1
1000186a:	2005      	movs	r0, #5
1000186c:	4b1c      	ldr	r3, [pc, #112]	@ (100018e0 <runtime_init_clocks+0xcc>)
1000186e:	f7ff fd9d 	bl	100013ac <clock_configure_undivided>
10001872:	2200      	movs	r2, #0
10001874:	2100      	movs	r1, #0
10001876:	2007      	movs	r0, #7
10001878:	4b1a      	ldr	r3, [pc, #104]	@ (100018e4 <runtime_init_clocks+0xd0>)
1000187a:	f7ff fd97 	bl	100013ac <clock_configure_undivided>
1000187e:	2200      	movs	r2, #0
10001880:	2100      	movs	r1, #0
10001882:	2008      	movs	r0, #8
10001884:	4b17      	ldr	r3, [pc, #92]	@ (100018e4 <runtime_init_clocks+0xd0>)
10001886:	f7ff fd91 	bl	100013ac <clock_configure_undivided>
1000188a:	2380      	movs	r3, #128	@ 0x80
1000188c:	00db      	lsls	r3, r3, #3
1000188e:	9300      	str	r3, [sp, #0]
10001890:	2200      	movs	r2, #0
10001892:	2100      	movs	r1, #0
10001894:	2009      	movs	r0, #9
10001896:	4b13      	ldr	r3, [pc, #76]	@ (100018e4 <runtime_init_clocks+0xd0>)
10001898:	f7ff fd12 	bl	100012c0 <clock_configure_int_divider>
1000189c:	2200      	movs	r2, #0
1000189e:	4b10      	ldr	r3, [pc, #64]	@ (100018e0 <runtime_init_clocks+0xcc>)
100018a0:	2100      	movs	r1, #0
100018a2:	2006      	movs	r0, #6
100018a4:	f7ff fd82 	bl	100013ac <clock_configure_undivided>
100018a8:	2004      	movs	r0, #4
100018aa:	f7ff fdef 	bl	1000148c <clock_get_hz>
100018ae:	490e      	ldr	r1, [pc, #56]	@ (100018e8 <runtime_init_clocks+0xd4>)
100018b0:	f000 f824 	bl	100018fc <__wrap___aeabi_uidiv>
100018b4:	0001      	movs	r1, r0
100018b6:	2000      	movs	r0, #0
100018b8:	f7ff fe94 	bl	100015e4 <tick_start>
100018bc:	b002      	add	sp, #8
100018be:	bd10      	pop	{r4, pc}
100018c0:	40008000 	.word	0x40008000
100018c4:	4000b03c 	.word	0x4000b03c
100018c8:	4000b030 	.word	0x4000b030
100018cc:	59682f00 	.word	0x59682f00
100018d0:	40028000 	.word	0x40028000
100018d4:	47868c00 	.word	0x47868c00
100018d8:	4002c000 	.word	0x4002c000
100018dc:	00b71b00 	.word	0x00b71b00
100018e0:	07735940 	.word	0x07735940
100018e4:	02dc6c00 	.word	0x02dc6c00
100018e8:	000f4240 	.word	0x000f4240

100018ec <__aeabi_bits_init>:
100018ec:	4801      	ldr	r0, [pc, #4]	@ (100018f4 <__aeabi_bits_init+0x8>)
100018ee:	2104      	movs	r1, #4
100018f0:	4b01      	ldr	r3, [pc, #4]	@ (100018f8 <__aeabi_bits_init+0xc>)
100018f2:	4718      	bx	r3
100018f4:	20000fd0 	.word	0x20000fd0
100018f8:	10001615 	.word	0x10001615

100018fc <__wrap___aeabi_uidiv>:
100018fc:	4a11      	ldr	r2, [pc, #68]	@ (10001944 <divmod_u32u32_savestate+0x18>)
100018fe:	6f93      	ldr	r3, [r2, #120]	@ 0x78
10001900:	089b      	lsrs	r3, r3, #2
10001902:	d213      	bcs.n	1000192c <divmod_u32u32_savestate>

10001904 <divmod_u32u32_core>:
10001904:	6610      	str	r0, [r2, #96]	@ 0x60
10001906:	6651      	str	r1, [r2, #100]	@ 0x64
10001908:	2900      	cmp	r1, #0
1000190a:	d005      	beq.n	10001918 <divmod_u32u32_core+0x14>
1000190c:	e7ff      	b.n	1000190e <divmod_u32u32_core+0xa>
1000190e:	e7ff      	b.n	10001910 <divmod_u32u32_core+0xc>
10001910:	e7ff      	b.n	10001912 <divmod_u32u32_core+0xe>
10001912:	6f51      	ldr	r1, [r2, #116]	@ 0x74
10001914:	6f10      	ldr	r0, [r2, #112]	@ 0x70
10001916:	4770      	bx	lr
10001918:	b504      	push	{r2, lr}
1000191a:	2800      	cmp	r0, #0
1000191c:	d001      	beq.n	10001922 <divmod_u32u32_core+0x1e>
1000191e:	2000      	movs	r0, #0
10001920:	43c0      	mvns	r0, r0
10001922:	f002 fc4d 	bl	100041c0 <____aeabi_idiv0_veneer>
10001926:	2100      	movs	r1, #0
10001928:	bd04      	pop	{r2, pc}
1000192a:	46c0      	nop			@ (mov r8, r8)

1000192c <divmod_u32u32_savestate>:
1000192c:	b5f0      	push	{r4, r5, r6, r7, lr}
1000192e:	6e14      	ldr	r4, [r2, #96]	@ 0x60
10001930:	6e55      	ldr	r5, [r2, #100]	@ 0x64
10001932:	6f57      	ldr	r7, [r2, #116]	@ 0x74
10001934:	6f16      	ldr	r6, [r2, #112]	@ 0x70
10001936:	f7ff ffe5 	bl	10001904 <divmod_u32u32_core>
1000193a:	6614      	str	r4, [r2, #96]	@ 0x60
1000193c:	6655      	str	r5, [r2, #100]	@ 0x64
1000193e:	6757      	str	r7, [r2, #116]	@ 0x74
10001940:	6716      	str	r6, [r2, #112]	@ 0x70
10001942:	bdf0      	pop	{r4, r5, r6, r7, pc}
10001944:	d0000000 	.word	0xd0000000

10001948 <__aeabi_double_init>:
10001948:	2313      	movs	r3, #19
1000194a:	b570      	push	{r4, r5, r6, lr}
1000194c:	781d      	ldrb	r5, [r3, #0]
1000194e:	2d01      	cmp	r5, #1
10001950:	d019      	beq.n	10001986 <__aeabi_double_init+0x3e>
10001952:	dd14      	ble.n	1000197e <__aeabi_double_init+0x36>
10001954:	481f      	ldr	r0, [pc, #124]	@ (100019d4 <__aeabi_double_init+0x8c>)
10001956:	f7ff fe55 	bl	10001604 <rom_data_lookup>
1000195a:	0006      	movs	r6, r0
1000195c:	481e      	ldr	r0, [pc, #120]	@ (100019d8 <__aeabi_double_init+0x90>)
1000195e:	f7ff fe51 	bl	10001604 <rom_data_lookup>
10001962:	4c1e      	ldr	r4, [pc, #120]	@ (100019dc <__aeabi_double_init+0x94>)
10001964:	2280      	movs	r2, #128	@ 0x80
10001966:	0031      	movs	r1, r6
10001968:	0020      	movs	r0, r4
1000196a:	f000 f8c7 	bl	10001afc <__wrap___aeabi_memcpy>
1000196e:	2d02      	cmp	r5, #2
10001970:	d02d      	beq.n	100019ce <__aeabi_double_init+0x86>
10001972:	481b      	ldr	r0, [pc, #108]	@ (100019e0 <__aeabi_double_init+0x98>)
10001974:	f7ff fe3e 	bl	100015f4 <rom_func_lookup>
10001978:	4b1a      	ldr	r3, [pc, #104]	@ (100019e4 <__aeabi_double_init+0x9c>)
1000197a:	6018      	str	r0, [r3, #0]
1000197c:	bd70      	pop	{r4, r5, r6, pc}
1000197e:	4b1a      	ldr	r3, [pc, #104]	@ (100019e8 <__aeabi_double_init+0xa0>)
10001980:	4c16      	ldr	r4, [pc, #88]	@ (100019dc <__aeabi_double_init+0x94>)
10001982:	64a3      	str	r3, [r4, #72]	@ 0x48
10001984:	e7f5      	b.n	10001972 <__aeabi_double_init+0x2a>
10001986:	4b18      	ldr	r3, [pc, #96]	@ (100019e8 <__aeabi_double_init+0xa0>)
10001988:	4c14      	ldr	r4, [pc, #80]	@ (100019dc <__aeabi_double_init+0x94>)
1000198a:	6023      	str	r3, [r4, #0]
1000198c:	6063      	str	r3, [r4, #4]
1000198e:	60a3      	str	r3, [r4, #8]
10001990:	60e3      	str	r3, [r4, #12]
10001992:	6123      	str	r3, [r4, #16]
10001994:	6163      	str	r3, [r4, #20]
10001996:	61a3      	str	r3, [r4, #24]
10001998:	61e3      	str	r3, [r4, #28]
1000199a:	6223      	str	r3, [r4, #32]
1000199c:	6263      	str	r3, [r4, #36]	@ 0x24
1000199e:	62a3      	str	r3, [r4, #40]	@ 0x28
100019a0:	62e3      	str	r3, [r4, #44]	@ 0x2c
100019a2:	6323      	str	r3, [r4, #48]	@ 0x30
100019a4:	6363      	str	r3, [r4, #52]	@ 0x34
100019a6:	63a3      	str	r3, [r4, #56]	@ 0x38
100019a8:	63e3      	str	r3, [r4, #60]	@ 0x3c
100019aa:	6423      	str	r3, [r4, #64]	@ 0x40
100019ac:	6463      	str	r3, [r4, #68]	@ 0x44
100019ae:	64a3      	str	r3, [r4, #72]	@ 0x48
100019b0:	64e3      	str	r3, [r4, #76]	@ 0x4c
100019b2:	6523      	str	r3, [r4, #80]	@ 0x50
100019b4:	6563      	str	r3, [r4, #84]	@ 0x54
100019b6:	65a3      	str	r3, [r4, #88]	@ 0x58
100019b8:	65e3      	str	r3, [r4, #92]	@ 0x5c
100019ba:	6623      	str	r3, [r4, #96]	@ 0x60
100019bc:	6663      	str	r3, [r4, #100]	@ 0x64
100019be:	66a3      	str	r3, [r4, #104]	@ 0x68
100019c0:	66e3      	str	r3, [r4, #108]	@ 0x6c
100019c2:	6723      	str	r3, [r4, #112]	@ 0x70
100019c4:	6763      	str	r3, [r4, #116]	@ 0x74
100019c6:	67a3      	str	r3, [r4, #120]	@ 0x78
100019c8:	67e3      	str	r3, [r4, #124]	@ 0x7c
100019ca:	64a3      	str	r3, [r4, #72]	@ 0x48
100019cc:	e7d1      	b.n	10001972 <__aeabi_double_init+0x2a>
100019ce:	4b06      	ldr	r3, [pc, #24]	@ (100019e8 <__aeabi_double_init+0xa0>)
100019d0:	64a3      	str	r3, [r4, #72]	@ 0x48
100019d2:	e7ce      	b.n	10001972 <__aeabi_double_init+0x2a>
100019d4:	00004453 	.word	0x00004453
100019d8:	00004653 	.word	0x00004653
100019dc:	20001280 	.word	0x20001280
100019e0:	0000334c 	.word	0x0000334c
100019e4:	20001c1c 	.word	0x20001c1c
100019e8:	100019ed 	.word	0x100019ed

100019ec <double_table_shim_on_use_helper>:
100019ec:	b507      	push	{r0, r1, r2, lr}
100019ee:	4660      	mov	r0, ip
100019f0:	8801      	ldrh	r1, [r0, #0]
100019f2:	0a0a      	lsrs	r2, r1, #8
100019f4:	3002      	adds	r0, #2
100019f6:	2adf      	cmp	r2, #223	@ 0xdf
100019f8:	d1fa      	bne.n	100019f0 <double_table_shim_on_use_helper+0x4>
100019fa:	b2c9      	uxtb	r1, r1
100019fc:	0882      	lsrs	r2, r0, #2
100019fe:	d304      	bcc.n	10001a0a <double_table_shim_on_use_helper+0x1e>
10001a00:	8802      	ldrh	r2, [r0, #0]
10001a02:	8840      	ldrh	r0, [r0, #2]
10001a04:	0400      	lsls	r0, r0, #16
10001a06:	4310      	orrs	r0, r2
10001a08:	e000      	b.n	10001a0c <double_table_shim_on_use_helper+0x20>
10001a0a:	6800      	ldr	r0, [r0, #0]
10001a0c:	4a01      	ldr	r2, [pc, #4]	@ (10001a14 <double_table_shim_on_use_helper+0x28>)
10001a0e:	5050      	str	r0, [r2, r1]
10001a10:	9003      	str	r0, [sp, #12]
10001a12:	bd07      	pop	{r0, r1, r2, pc}
10001a14:	20001280 	.word	0x20001280

10001a18 <__wrap___aeabi_lmul>:
10001a18:	4351      	muls	r1, r2
10001a1a:	4343      	muls	r3, r0
10001a1c:	18c9      	adds	r1, r1, r3
10001a1e:	468c      	mov	ip, r1
10001a20:	0c11      	lsrs	r1, r2, #16
10001a22:	b283      	uxth	r3, r0
10001a24:	434b      	muls	r3, r1
10001a26:	b410      	push	{r4}
10001a28:	0c04      	lsrs	r4, r0, #16
10001a2a:	4361      	muls	r1, r4
10001a2c:	b292      	uxth	r2, r2
10001a2e:	b280      	uxth	r0, r0
10001a30:	4350      	muls	r0, r2
10001a32:	4362      	muls	r2, r4
10001a34:	041c      	lsls	r4, r3, #16
10001a36:	0c1b      	lsrs	r3, r3, #16
10001a38:	1900      	adds	r0, r0, r4
10001a3a:	bc10      	pop	{r4}
10001a3c:	4159      	adcs	r1, r3
10001a3e:	0413      	lsls	r3, r2, #16
10001a40:	0c12      	lsrs	r2, r2, #16
10001a42:	18c0      	adds	r0, r0, r3
10001a44:	4151      	adcs	r1, r2
10001a46:	4461      	add	r1, ip
10001a48:	4770      	bx	lr
	...

10001a4c <__aeabi_float_init>:
10001a4c:	2313      	movs	r3, #19
10001a4e:	b510      	push	{r4, lr}
10001a50:	781c      	ldrb	r4, [r3, #0]
10001a52:	4813      	ldr	r0, [pc, #76]	@ (10001aa0 <__aeabi_float_init+0x54>)
10001a54:	f7ff fdd6 	bl	10001604 <rom_data_lookup>
10001a58:	2c01      	cmp	r4, #1
10001a5a:	d00b      	beq.n	10001a74 <__aeabi_float_init+0x28>
10001a5c:	dd04      	ble.n	10001a68 <__aeabi_float_init+0x1c>
10001a5e:	0001      	movs	r1, r0
10001a60:	2280      	movs	r2, #128	@ 0x80
10001a62:	4810      	ldr	r0, [pc, #64]	@ (10001aa4 <__aeabi_float_init+0x58>)
10001a64:	f000 f84a 	bl	10001afc <__wrap___aeabi_memcpy>
10001a68:	480f      	ldr	r0, [pc, #60]	@ (10001aa8 <__aeabi_float_init+0x5c>)
10001a6a:	f7ff fdc3 	bl	100015f4 <rom_func_lookup>
10001a6e:	4b0f      	ldr	r3, [pc, #60]	@ (10001aac <__aeabi_float_init+0x60>)
10001a70:	6018      	str	r0, [r3, #0]
10001a72:	bd10      	pop	{r4, pc}
10001a74:	4c0b      	ldr	r4, [pc, #44]	@ (10001aa4 <__aeabi_float_init+0x58>)
10001a76:	0001      	movs	r1, r0
10001a78:	2254      	movs	r2, #84	@ 0x54
10001a7a:	0020      	movs	r0, r4
10001a7c:	f000 f83e 	bl	10001afc <__wrap___aeabi_memcpy>
10001a80:	4b0b      	ldr	r3, [pc, #44]	@ (10001ab0 <__aeabi_float_init+0x64>)
10001a82:	6563      	str	r3, [r4, #84]	@ 0x54
10001a84:	65a3      	str	r3, [r4, #88]	@ 0x58
10001a86:	65e3      	str	r3, [r4, #92]	@ 0x5c
10001a88:	6623      	str	r3, [r4, #96]	@ 0x60
10001a8a:	6663      	str	r3, [r4, #100]	@ 0x64
10001a8c:	66a3      	str	r3, [r4, #104]	@ 0x68
10001a8e:	66e3      	str	r3, [r4, #108]	@ 0x6c
10001a90:	6723      	str	r3, [r4, #112]	@ 0x70
10001a92:	6763      	str	r3, [r4, #116]	@ 0x74
10001a94:	67a3      	str	r3, [r4, #120]	@ 0x78
10001a96:	67e3      	str	r3, [r4, #124]	@ 0x7c
10001a98:	6223      	str	r3, [r4, #32]
10001a9a:	61e3      	str	r3, [r4, #28]
10001a9c:	e7e4      	b.n	10001a68 <__aeabi_float_init+0x1c>
10001a9e:	46c0      	nop			@ (mov r8, r8)
10001aa0:	00004653 	.word	0x00004653
10001aa4:	20001380 	.word	0x20001380
10001aa8:	0000334c 	.word	0x0000334c
10001aac:	20001c1c 	.word	0x20001c1c
10001ab0:	10001ab5 	.word	0x10001ab5

10001ab4 <float_table_shim_on_use_helper>:
10001ab4:	b507      	push	{r0, r1, r2, lr}
10001ab6:	4660      	mov	r0, ip
10001ab8:	8801      	ldrh	r1, [r0, #0]
10001aba:	0a0a      	lsrs	r2, r1, #8
10001abc:	3002      	adds	r0, #2
10001abe:	2adf      	cmp	r2, #223	@ 0xdf
10001ac0:	d1fa      	bne.n	10001ab8 <float_table_shim_on_use_helper+0x4>
10001ac2:	b2c9      	uxtb	r1, r1
10001ac4:	0882      	lsrs	r2, r0, #2
10001ac6:	d304      	bcc.n	10001ad2 <float_table_shim_on_use_helper+0x1e>
10001ac8:	8802      	ldrh	r2, [r0, #0]
10001aca:	8840      	ldrh	r0, [r0, #2]
10001acc:	0400      	lsls	r0, r0, #16
10001ace:	4310      	orrs	r0, r2
10001ad0:	e000      	b.n	10001ad4 <float_table_shim_on_use_helper+0x20>
10001ad2:	6800      	ldr	r0, [r0, #0]
10001ad4:	4a01      	ldr	r2, [pc, #4]	@ (10001adc <float_table_shim_on_use_helper+0x28>)
10001ad6:	5050      	str	r0, [r2, r1]
10001ad8:	9003      	str	r0, [sp, #12]
10001ada:	bd07      	pop	{r0, r1, r2, pc}
10001adc:	20001380 	.word	0x20001380

10001ae0 <__aeabi_mem_init>:
10001ae0:	4801      	ldr	r0, [pc, #4]	@ (10001ae8 <__aeabi_mem_init+0x8>)
10001ae2:	2104      	movs	r1, #4
10001ae4:	4b01      	ldr	r3, [pc, #4]	@ (10001aec <__aeabi_mem_init+0xc>)
10001ae6:	4718      	bx	r3
10001ae8:	20000fe0 	.word	0x20000fe0
10001aec:	10001615 	.word	0x10001615

10001af0 <__wrap_memset>:
10001af0:	4b01      	ldr	r3, [pc, #4]	@ (10001af8 <__wrap_memset+0x8>)
10001af2:	681b      	ldr	r3, [r3, #0]
10001af4:	4718      	bx	r3
10001af6:	0000      	.short	0x0000
10001af8:	20000fe0 	.word	0x20000fe0

10001afc <__wrap___aeabi_memcpy>:
10001afc:	4b01      	ldr	r3, [pc, #4]	@ (10001b04 <__wrap___aeabi_memcpy+0x8>)
10001afe:	685b      	ldr	r3, [r3, #4]
10001b00:	4718      	bx	r3
10001b02:	0000      	.short	0x0000
10001b04:	20000fe0 	.word	0x20000fe0

10001b08 <_out_char>:
10001b08:	b510      	push	{r4, lr}
10001b0a:	2800      	cmp	r0, #0
10001b0c:	d100      	bne.n	10001b10 <_out_char+0x8>
10001b0e:	bd10      	pop	{r4, pc}
10001b10:	f000 f91e 	bl	10001d50 <__wrap_putchar>
10001b14:	e7fb      	b.n	10001b0e <_out_char+0x6>
10001b16:	46c0      	nop			@ (mov r8, r8)

10001b18 <weak_raw_vprintf>:
10001b18:	b510      	push	{r4, lr}
10001b1a:	4a09      	ldr	r2, [pc, #36]	@ (10001b40 <weak_raw_vprintf+0x28>)
10001b1c:	0003      	movs	r3, r0
10001b1e:	6814      	ldr	r4, [r2, #0]
10001b20:	b084      	sub	sp, #16
10001b22:	2c00      	cmp	r4, #0
10001b24:	d008      	beq.n	10001b38 <weak_raw_vprintf+0x20>
10001b26:	2201      	movs	r2, #1
10001b28:	9100      	str	r1, [sp, #0]
10001b2a:	4806      	ldr	r0, [pc, #24]	@ (10001b44 <weak_raw_vprintf+0x2c>)
10001b2c:	4252      	negs	r2, r2
10001b2e:	a903      	add	r1, sp, #12
10001b30:	47a0      	blx	r4
10001b32:	2001      	movs	r0, #1
10001b34:	b004      	add	sp, #16
10001b36:	bd10      	pop	{r4, pc}
10001b38:	f000 f954 	bl	10001de4 <__wrap_puts>
10001b3c:	2000      	movs	r0, #0
10001b3e:	e7f9      	b.n	10001b34 <weak_raw_vprintf+0x1c>
10001b40:	20001bf0 	.word	0x20001bf0
10001b44:	10001b09 	.word	0x10001b09

10001b48 <_exit>:
10001b48:	be00      	bkpt	0x0000
10001b4a:	e7fd      	b.n	10001b48 <_exit>

10001b4c <_fini>:
10001b4c:	4770      	bx	lr
10001b4e:	46c0      	nop			@ (mov r8, r8)

10001b50 <exit>:
10001b50:	b510      	push	{r4, lr}
10001b52:	f7ff fff9 	bl	10001b48 <_exit>
10001b56:	46c0      	nop			@ (mov r8, r8)

10001b58 <runtime_init>:
10001b58:	b570      	push	{r4, r5, r6, lr}
10001b5a:	f7ff fdab 	bl	100016b4 <runtime_run_initializers>
10001b5e:	4d07      	ldr	r5, [pc, #28]	@ (10001b7c <runtime_init+0x24>)
10001b60:	4e07      	ldr	r6, [pc, #28]	@ (10001b80 <runtime_init+0x28>)
10001b62:	42b5      	cmp	r5, r6
10001b64:	d209      	bcs.n	10001b7a <runtime_init+0x22>
10001b66:	2400      	movs	r4, #0
10001b68:	3e01      	subs	r6, #1
10001b6a:	1b76      	subs	r6, r6, r5
10001b6c:	08b6      	lsrs	r6, r6, #2
10001b6e:	3601      	adds	r6, #1
10001b70:	cd08      	ldmia	r5!, {r3}
10001b72:	3401      	adds	r4, #1
10001b74:	4798      	blx	r3
10001b76:	42b4      	cmp	r4, r6
10001b78:	d1fa      	bne.n	10001b70 <runtime_init+0x18>
10001b7a:	bd70      	pop	{r4, r5, r6, pc}
10001b7c:	1000426c 	.word	0x1000426c
10001b80:	10004270 	.word	0x10004270

10001b84 <stdio_out_chars_no_crlf>:
10001b84:	0003      	movs	r3, r0
10001b86:	b510      	push	{r4, lr}
10001b88:	0008      	movs	r0, r1
10001b8a:	0011      	movs	r1, r2
10001b8c:	681b      	ldr	r3, [r3, #0]
10001b8e:	4798      	blx	r3
10001b90:	bd10      	pop	{r4, pc}
10001b92:	46c0      	nop			@ (mov r8, r8)

10001b94 <stdio_out_chars_crlf>:
10001b94:	b5f8      	push	{r3, r4, r5, r6, r7, lr}
10001b96:	7d43      	ldrb	r3, [r0, #21]
10001b98:	0007      	movs	r7, r0
10001b9a:	000d      	movs	r5, r1
10001b9c:	0016      	movs	r6, r2
10001b9e:	2b00      	cmp	r3, #0
10001ba0:	d038      	beq.n	10001c14 <stdio_out_chars_crlf+0x80>
10001ba2:	2a00      	cmp	r2, #0
10001ba4:	dd1a      	ble.n	10001bdc <stdio_out_chars_crlf+0x48>
10001ba6:	780b      	ldrb	r3, [r1, #0]
10001ba8:	2b0a      	cmp	r3, #10
10001baa:	d018      	beq.n	10001bde <stdio_out_chars_crlf+0x4a>
10001bac:	2000      	movs	r0, #0
10001bae:	2e01      	cmp	r6, #1
10001bb0:	d009      	beq.n	10001bc6 <stdio_out_chars_crlf+0x32>
10001bb2:	2401      	movs	r4, #1
10001bb4:	0021      	movs	r1, r4
10001bb6:	5c6b      	ldrb	r3, [r5, r1]
10001bb8:	3401      	adds	r4, #1
10001bba:	2b0a      	cmp	r3, #10
10001bbc:	d01a      	beq.n	10001bf4 <stdio_out_chars_crlf+0x60>
10001bbe:	42b4      	cmp	r4, r6
10001bc0:	d1f8      	bne.n	10001bb4 <stdio_out_chars_crlf+0x20>
10001bc2:	4286      	cmp	r6, r0
10001bc4:	dd03      	ble.n	10001bce <stdio_out_chars_crlf+0x3a>
10001bc6:	1a31      	subs	r1, r6, r0
10001bc8:	683b      	ldr	r3, [r7, #0]
10001bca:	1828      	adds	r0, r5, r0
10001bcc:	4798      	blx	r3
10001bce:	19ad      	adds	r5, r5, r6
10001bd0:	3d01      	subs	r5, #1
10001bd2:	782b      	ldrb	r3, [r5, #0]
10001bd4:	3b0d      	subs	r3, #13
10001bd6:	425a      	negs	r2, r3
10001bd8:	4153      	adcs	r3, r2
10001bda:	753b      	strb	r3, [r7, #20]
10001bdc:	bdf8      	pop	{r3, r4, r5, r6, r7, pc}
10001bde:	7d03      	ldrb	r3, [r0, #20]
10001be0:	2b00      	cmp	r3, #0
10001be2:	d1e3      	bne.n	10001bac <stdio_out_chars_crlf+0x18>
10001be4:	2102      	movs	r1, #2
10001be6:	480e      	ldr	r0, [pc, #56]	@ (10001c20 <stdio_out_chars_crlf+0x8c>)
10001be8:	683b      	ldr	r3, [r7, #0]
10001bea:	4798      	blx	r3
10001bec:	2e01      	cmp	r6, #1
10001bee:	d0ee      	beq.n	10001bce <stdio_out_chars_crlf+0x3a>
10001bf0:	2001      	movs	r0, #1
10001bf2:	e7de      	b.n	10001bb2 <stdio_out_chars_crlf+0x1e>
10001bf4:	1e6b      	subs	r3, r5, #1
10001bf6:	5c5b      	ldrb	r3, [r3, r1]
10001bf8:	2b0d      	cmp	r3, #13
10001bfa:	d0e0      	beq.n	10001bbe <stdio_out_chars_crlf+0x2a>
10001bfc:	4288      	cmp	r0, r1
10001bfe:	da03      	bge.n	10001c08 <stdio_out_chars_crlf+0x74>
10001c00:	1a09      	subs	r1, r1, r0
10001c02:	683b      	ldr	r3, [r7, #0]
10001c04:	1828      	adds	r0, r5, r0
10001c06:	4798      	blx	r3
10001c08:	4805      	ldr	r0, [pc, #20]	@ (10001c20 <stdio_out_chars_crlf+0x8c>)
10001c0a:	2102      	movs	r1, #2
10001c0c:	683b      	ldr	r3, [r7, #0]
10001c0e:	4798      	blx	r3
10001c10:	0020      	movs	r0, r4
10001c12:	e7d4      	b.n	10001bbe <stdio_out_chars_crlf+0x2a>
10001c14:	6803      	ldr	r3, [r0, #0]
10001c16:	0011      	movs	r1, r2
10001c18:	0028      	movs	r0, r5
10001c1a:	4798      	blx	r3
10001c1c:	e7de      	b.n	10001bdc <stdio_out_chars_crlf+0x48>
10001c1e:	46c0      	nop			@ (mov r8, r8)
10001c20:	1000449c 	.word	0x1000449c

10001c24 <stdio_put_string>:
10001c24:	b5f0      	push	{r4, r5, r6, r7, lr}
10001c26:	4646      	mov	r6, r8
10001c28:	46d6      	mov	lr, sl
10001c2a:	464f      	mov	r7, r9
10001c2c:	b5c0      	push	{r6, r7, lr}
10001c2e:	b082      	sub	sp, #8
10001c30:	4690      	mov	r8, r2
10001c32:	001c      	movs	r4, r3
10001c34:	0006      	movs	r6, r0
10001c36:	000d      	movs	r5, r1
10001c38:	f7ff fb28 	bl	1000128c <time_us_64>
10001c3c:	2300      	movs	r3, #0
10001c3e:	4a2f      	ldr	r2, [pc, #188]	@ (10001cfc <stdio_put_string+0xd8>)
10001c40:	1812      	adds	r2, r2, r0
10001c42:	414b      	adcs	r3, r1
10001c44:	2b00      	cmp	r3, #0
10001c46:	da02      	bge.n	10001c4e <stdio_put_string+0x2a>
10001c48:	2201      	movs	r2, #1
10001c4a:	4b2d      	ldr	r3, [pc, #180]	@ (10001d00 <stdio_put_string+0xdc>)
10001c4c:	4252      	negs	r2, r2
10001c4e:	492d      	ldr	r1, [pc, #180]	@ (10001d04 <stdio_put_string+0xe0>)
10001c50:	0008      	movs	r0, r1
10001c52:	468a      	mov	sl, r1
10001c54:	f002 faa4 	bl	100041a0 <__mutex_try_enter_block_until_veneer>
10001c58:	4681      	mov	r9, r0
10001c5a:	1c6b      	adds	r3, r5, #1
10001c5c:	d103      	bne.n	10001c66 <stdio_put_string+0x42>
10001c5e:	0030      	movs	r0, r6
10001c60:	f002 fa5c 	bl	1000411c <strlen>
10001c64:	0005      	movs	r5, r0
10001c66:	2c00      	cmp	r4, #0
10001c68:	d027      	beq.n	10001cba <stdio_put_string+0x96>
10001c6a:	4f27      	ldr	r7, [pc, #156]	@ (10001d08 <stdio_put_string+0xe4>)
10001c6c:	4b27      	ldr	r3, [pc, #156]	@ (10001d0c <stdio_put_string+0xe8>)
10001c6e:	681c      	ldr	r4, [r3, #0]
10001c70:	2c00      	cmp	r4, #0
10001c72:	d018      	beq.n	10001ca6 <stdio_put_string+0x82>
10001c74:	4643      	mov	r3, r8
10001c76:	2b00      	cmp	r3, #0
10001c78:	d121      	bne.n	10001cbe <stdio_put_string+0x9a>
10001c7a:	4b25      	ldr	r3, [pc, #148]	@ (10001d10 <stdio_put_string+0xec>)
10001c7c:	4698      	mov	r8, r3
10001c7e:	e002      	b.n	10001c86 <stdio_put_string+0x62>
10001c80:	6924      	ldr	r4, [r4, #16]
10001c82:	2c00      	cmp	r4, #0
10001c84:	d00f      	beq.n	10001ca6 <stdio_put_string+0x82>
10001c86:	6823      	ldr	r3, [r4, #0]
10001c88:	2b00      	cmp	r3, #0
10001c8a:	d0f9      	beq.n	10001c80 <stdio_put_string+0x5c>
10001c8c:	4643      	mov	r3, r8
10001c8e:	681b      	ldr	r3, [r3, #0]
10001c90:	2b00      	cmp	r3, #0
10001c92:	d001      	beq.n	10001c98 <stdio_put_string+0x74>
10001c94:	429c      	cmp	r4, r3
10001c96:	d1f3      	bne.n	10001c80 <stdio_put_string+0x5c>
10001c98:	0020      	movs	r0, r4
10001c9a:	002a      	movs	r2, r5
10001c9c:	0031      	movs	r1, r6
10001c9e:	47b8      	blx	r7
10001ca0:	6924      	ldr	r4, [r4, #16]
10001ca2:	2c00      	cmp	r4, #0
10001ca4:	d1ef      	bne.n	10001c86 <stdio_put_string+0x62>
10001ca6:	464b      	mov	r3, r9
10001ca8:	2b00      	cmp	r3, #0
10001caa:	d123      	bne.n	10001cf4 <stdio_put_string+0xd0>
10001cac:	0028      	movs	r0, r5
10001cae:	b002      	add	sp, #8
10001cb0:	bce0      	pop	{r5, r6, r7}
10001cb2:	46ba      	mov	sl, r7
10001cb4:	46b1      	mov	r9, r6
10001cb6:	46a8      	mov	r8, r5
10001cb8:	bdf0      	pop	{r4, r5, r6, r7, pc}
10001cba:	4f16      	ldr	r7, [pc, #88]	@ (10001d14 <stdio_put_string+0xf0>)
10001cbc:	e7d6      	b.n	10001c6c <stdio_put_string+0x48>
10001cbe:	4b14      	ldr	r3, [pc, #80]	@ (10001d10 <stdio_put_string+0xec>)
10001cc0:	4698      	mov	r8, r3
10001cc2:	e002      	b.n	10001cca <stdio_put_string+0xa6>
10001cc4:	6924      	ldr	r4, [r4, #16]
10001cc6:	2c00      	cmp	r4, #0
10001cc8:	d0ed      	beq.n	10001ca6 <stdio_put_string+0x82>
10001cca:	6823      	ldr	r3, [r4, #0]
10001ccc:	2b00      	cmp	r3, #0
10001cce:	d0f9      	beq.n	10001cc4 <stdio_put_string+0xa0>
10001cd0:	4643      	mov	r3, r8
10001cd2:	681b      	ldr	r3, [r3, #0]
10001cd4:	2b00      	cmp	r3, #0
10001cd6:	d001      	beq.n	10001cdc <stdio_put_string+0xb8>
10001cd8:	42a3      	cmp	r3, r4
10001cda:	d1f3      	bne.n	10001cc4 <stdio_put_string+0xa0>
10001cdc:	002a      	movs	r2, r5
10001cde:	0031      	movs	r1, r6
10001ce0:	0020      	movs	r0, r4
10001ce2:	47b8      	blx	r7
10001ce4:	466b      	mov	r3, sp
10001ce6:	220a      	movs	r2, #10
10001ce8:	0020      	movs	r0, r4
10001cea:	71da      	strb	r2, [r3, #7]
10001cec:	1dd9      	adds	r1, r3, #7
10001cee:	3a09      	subs	r2, #9
10001cf0:	47b8      	blx	r7
10001cf2:	e7e7      	b.n	10001cc4 <stdio_put_string+0xa0>
10001cf4:	4650      	mov	r0, sl
10001cf6:	f002 fa93 	bl	10004220 <__mutex_exit_veneer>
10001cfa:	e7d7      	b.n	10001cac <stdio_put_string+0x88>
10001cfc:	000f4240 	.word	0x000f4240
10001d00:	7fffffff 	.word	0x7fffffff
10001d04:	20001028 	.word	0x20001028
10001d08:	10001b95 	.word	0x10001b95
10001d0c:	200017e4 	.word	0x200017e4
10001d10:	200017ec 	.word	0x200017ec
10001d14:	10001b85 	.word	0x10001b85

10001d18 <stdio_set_driver_enabled>:
10001d18:	4a0a      	ldr	r2, [pc, #40]	@ (10001d44 <stdio_set_driver_enabled+0x2c>)
10001d1a:	6813      	ldr	r3, [r2, #0]
10001d1c:	2b00      	cmp	r3, #0
10001d1e:	d105      	bne.n	10001d2c <stdio_set_driver_enabled+0x14>
10001d20:	e00c      	b.n	10001d3c <stdio_set_driver_enabled+0x24>
10001d22:	001a      	movs	r2, r3
10001d24:	691b      	ldr	r3, [r3, #16]
10001d26:	3210      	adds	r2, #16
10001d28:	2b00      	cmp	r3, #0
10001d2a:	d007      	beq.n	10001d3c <stdio_set_driver_enabled+0x24>
10001d2c:	4283      	cmp	r3, r0
10001d2e:	d1f8      	bne.n	10001d22 <stdio_set_driver_enabled+0xa>
10001d30:	2900      	cmp	r1, #0
10001d32:	d102      	bne.n	10001d3a <stdio_set_driver_enabled+0x22>
10001d34:	6918      	ldr	r0, [r3, #16]
10001d36:	6010      	str	r0, [r2, #0]
10001d38:	6119      	str	r1, [r3, #16]
10001d3a:	4770      	bx	lr
10001d3c:	2900      	cmp	r1, #0
10001d3e:	d0fc      	beq.n	10001d3a <stdio_set_driver_enabled+0x22>
10001d40:	6010      	str	r0, [r2, #0]
10001d42:	e7fa      	b.n	10001d3a <stdio_set_driver_enabled+0x22>
10001d44:	200017e4 	.word	0x200017e4

10001d48 <stdio_init_all>:
10001d48:	b510      	push	{r4, lr}
10001d4a:	f000 f9f7 	bl	1000213c <stdio_usb_init>
10001d4e:	bd10      	pop	{r4, pc}

10001d50 <__wrap_putchar>:
10001d50:	b5f0      	push	{r4, r5, r6, r7, lr}
10001d52:	46ce      	mov	lr, r9
10001d54:	4647      	mov	r7, r8
10001d56:	b580      	push	{r7, lr}
10001d58:	b083      	sub	sp, #12
10001d5a:	466b      	mov	r3, sp
10001d5c:	0006      	movs	r6, r0
10001d5e:	1ddd      	adds	r5, r3, #7
10001d60:	7028      	strb	r0, [r5, #0]
10001d62:	f7ff fa93 	bl	1000128c <time_us_64>
10001d66:	2300      	movs	r3, #0
10001d68:	4a19      	ldr	r2, [pc, #100]	@ (10001dd0 <__wrap_putchar+0x80>)
10001d6a:	1812      	adds	r2, r2, r0
10001d6c:	414b      	adcs	r3, r1
10001d6e:	2b00      	cmp	r3, #0
10001d70:	da02      	bge.n	10001d78 <__wrap_putchar+0x28>
10001d72:	2201      	movs	r2, #1
10001d74:	4b17      	ldr	r3, [pc, #92]	@ (10001dd4 <__wrap_putchar+0x84>)
10001d76:	4252      	negs	r2, r2
10001d78:	4917      	ldr	r1, [pc, #92]	@ (10001dd8 <__wrap_putchar+0x88>)
10001d7a:	0008      	movs	r0, r1
10001d7c:	4689      	mov	r9, r1
10001d7e:	f002 fa0f 	bl	100041a0 <__mutex_try_enter_block_until_veneer>
10001d82:	4b16      	ldr	r3, [pc, #88]	@ (10001ddc <__wrap_putchar+0x8c>)
10001d84:	4680      	mov	r8, r0
10001d86:	681c      	ldr	r4, [r3, #0]
10001d88:	2c00      	cmp	r4, #0
10001d8a:	d014      	beq.n	10001db6 <__wrap_putchar+0x66>
10001d8c:	4f14      	ldr	r7, [pc, #80]	@ (10001de0 <__wrap_putchar+0x90>)
10001d8e:	e002      	b.n	10001d96 <__wrap_putchar+0x46>
10001d90:	6924      	ldr	r4, [r4, #16]
10001d92:	2c00      	cmp	r4, #0
10001d94:	d00f      	beq.n	10001db6 <__wrap_putchar+0x66>
10001d96:	6823      	ldr	r3, [r4, #0]
10001d98:	2b00      	cmp	r3, #0
10001d9a:	d0f9      	beq.n	10001d90 <__wrap_putchar+0x40>
10001d9c:	683b      	ldr	r3, [r7, #0]
10001d9e:	2b00      	cmp	r3, #0
10001da0:	d001      	beq.n	10001da6 <__wrap_putchar+0x56>
10001da2:	429c      	cmp	r4, r3
10001da4:	d1f4      	bne.n	10001d90 <__wrap_putchar+0x40>
10001da6:	0020      	movs	r0, r4
10001da8:	2201      	movs	r2, #1
10001daa:	0029      	movs	r1, r5
10001dac:	f7ff fef2 	bl	10001b94 <stdio_out_chars_crlf>
10001db0:	6924      	ldr	r4, [r4, #16]
10001db2:	2c00      	cmp	r4, #0
10001db4:	d1ef      	bne.n	10001d96 <__wrap_putchar+0x46>
10001db6:	4643      	mov	r3, r8
10001db8:	2b00      	cmp	r3, #0
10001dba:	d105      	bne.n	10001dc8 <__wrap_putchar+0x78>
10001dbc:	0030      	movs	r0, r6
10001dbe:	b003      	add	sp, #12
10001dc0:	bcc0      	pop	{r6, r7}
10001dc2:	46b9      	mov	r9, r7
10001dc4:	46b0      	mov	r8, r6
10001dc6:	bdf0      	pop	{r4, r5, r6, r7, pc}
10001dc8:	4648      	mov	r0, r9
10001dca:	f002 fa29 	bl	10004220 <__mutex_exit_veneer>
10001dce:	e7f5      	b.n	10001dbc <__wrap_putchar+0x6c>
10001dd0:	000f4240 	.word	0x000f4240
10001dd4:	7fffffff 	.word	0x7fffffff
10001dd8:	20001028 	.word	0x20001028
10001ddc:	200017e4 	.word	0x200017e4
10001de0:	200017ec 	.word	0x200017ec

10001de4 <__wrap_puts>:
10001de4:	b570      	push	{r4, r5, r6, lr}
10001de6:	0004      	movs	r4, r0
10001de8:	f002 f998 	bl	1000411c <strlen>
10001dec:	2301      	movs	r3, #1
10001dee:	0001      	movs	r1, r0
10001df0:	0005      	movs	r5, r0
10001df2:	2201      	movs	r2, #1
10001df4:	0020      	movs	r0, r4
10001df6:	f7ff ff15 	bl	10001c24 <stdio_put_string>
10001dfa:	4b08      	ldr	r3, [pc, #32]	@ (10001e1c <__wrap_puts+0x38>)
10001dfc:	681c      	ldr	r4, [r3, #0]
10001dfe:	2c00      	cmp	r4, #0
10001e00:	d006      	beq.n	10001e10 <__wrap_puts+0x2c>
10001e02:	6863      	ldr	r3, [r4, #4]
10001e04:	2b00      	cmp	r3, #0
10001e06:	d005      	beq.n	10001e14 <__wrap_puts+0x30>
10001e08:	4798      	blx	r3
10001e0a:	6924      	ldr	r4, [r4, #16]
10001e0c:	2c00      	cmp	r4, #0
10001e0e:	d1f8      	bne.n	10001e02 <__wrap_puts+0x1e>
10001e10:	0028      	movs	r0, r5
10001e12:	bd70      	pop	{r4, r5, r6, pc}
10001e14:	6924      	ldr	r4, [r4, #16]
10001e16:	2c00      	cmp	r4, #0
10001e18:	d1f3      	bne.n	10001e02 <__wrap_puts+0x1e>
10001e1a:	e7f9      	b.n	10001e10 <__wrap_puts+0x2c>
10001e1c:	200017e4 	.word	0x200017e4

10001e20 <stdio_usb_set_chars_available_callback>:
10001e20:	4b02      	ldr	r3, [pc, #8]	@ (10001e2c <stdio_usb_set_chars_available_callback+0xc>)
10001e22:	6018      	str	r0, [r3, #0]
10001e24:	4b02      	ldr	r3, [pc, #8]	@ (10001e30 <stdio_usb_set_chars_available_callback+0x10>)
10001e26:	6019      	str	r1, [r3, #0]
10001e28:	4770      	bx	lr
10001e2a:	46c0      	nop			@ (mov r8, r8)
10001e2c:	20001784 	.word	0x20001784
10001e30:	20001788 	.word	0x20001788

10001e34 <usb_irq>:
10001e34:	b510      	push	{r4, lr}
10001e36:	4b02      	ldr	r3, [pc, #8]	@ (10001e40 <usb_irq+0xc>)
10001e38:	7818      	ldrb	r0, [r3, #0]
10001e3a:	f7fe fb9b 	bl	10000574 <irq_set_pending>
10001e3e:	bd10      	pop	{r4, pc}
10001e40:	20001c43 	.word	0x20001c43

10001e44 <timer_task>:
10001e44:	4b15      	ldr	r3, [pc, #84]	@ (10001e9c <timer_task+0x58>)
10001e46:	b570      	push	{r4, r5, r6, lr}
10001e48:	681a      	ldr	r2, [r3, #0]
10001e4a:	2a00      	cmp	r2, #0
10001e4c:	d022      	beq.n	10001e94 <timer_task+0x50>
10001e4e:	f3ef 8110 	mrs	r1, PRIMASK
10001e52:	b672      	cpsid	i
10001e54:	6810      	ldr	r0, [r2, #0]
10001e56:	2800      	cmp	r0, #0
10001e58:	d0fc      	beq.n	10001e54 <timer_task+0x10>
10001e5a:	f3bf 8f5f 	dmb	sy
10001e5e:	2000      	movs	r0, #0
10001e60:	4a0f      	ldr	r2, [pc, #60]	@ (10001ea0 <timer_task+0x5c>)
10001e62:	6059      	str	r1, [r3, #4]
10001e64:	7010      	strb	r0, [r2, #0]
10001e66:	681b      	ldr	r3, [r3, #0]
10001e68:	f3bf 8f5f 	dmb	sy
10001e6c:	6018      	str	r0, [r3, #0]
10001e6e:	f381 8810 	msr	PRIMASK, r1
10001e72:	2400      	movs	r4, #0
10001e74:	2500      	movs	r5, #0
10001e76:	4e0b      	ldr	r6, [pc, #44]	@ (10001ea4 <timer_task+0x60>)
10001e78:	7830      	ldrb	r0, [r6, #0]
10001e7a:	f7fe fb6f 	bl	1000055c <irq_is_enabled>
10001e7e:	2800      	cmp	r0, #0
10001e80:	d104      	bne.n	10001e8c <timer_task+0x48>
10001e82:	2400      	movs	r4, #0
10001e84:	2500      	movs	r5, #0
10001e86:	0029      	movs	r1, r5
10001e88:	0020      	movs	r0, r4
10001e8a:	bd70      	pop	{r4, r5, r6, pc}
10001e8c:	7830      	ldrb	r0, [r6, #0]
10001e8e:	f7fe fb71 	bl	10000574 <irq_set_pending>
10001e92:	e7f8      	b.n	10001e86 <timer_task+0x42>
10001e94:	24fa      	movs	r4, #250	@ 0xfa
10001e96:	2500      	movs	r5, #0
10001e98:	00a4      	lsls	r4, r4, #2
10001e9a:	e7ec      	b.n	10001e76 <timer_task+0x32>
10001e9c:	20001bfc 	.word	0x20001bfc
10001ea0:	20001c44 	.word	0x20001c44
10001ea4:	20001c43 	.word	0x20001c43

10001ea8 <stdio_usb_in_chars>:
10001ea8:	b570      	push	{r4, r5, r6, lr}
10001eaa:	0005      	movs	r5, r0
10001eac:	2000      	movs	r0, #0
10001eae:	000e      	movs	r6, r1
10001eb0:	f001 fb78 	bl	100035a4 <tud_cdc_n_connected>
10001eb4:	2800      	cmp	r0, #0
10001eb6:	d034      	beq.n	10001f22 <stdio_usb_in_chars+0x7a>
10001eb8:	2000      	movs	r0, #0
10001eba:	f001 fb89 	bl	100035d0 <tud_cdc_n_available>
10001ebe:	2800      	cmp	r0, #0
10001ec0:	d02f      	beq.n	10001f22 <stdio_usb_in_chars+0x7a>
10001ec2:	f7ff f9e3 	bl	1000128c <time_us_64>
10001ec6:	2300      	movs	r3, #0
10001ec8:	4a17      	ldr	r2, [pc, #92]	@ (10001f28 <stdio_usb_in_chars+0x80>)
10001eca:	1812      	adds	r2, r2, r0
10001ecc:	414b      	adcs	r3, r1
10001ece:	2b00      	cmp	r3, #0
10001ed0:	db16      	blt.n	10001f00 <stdio_usb_in_chars+0x58>
10001ed2:	4c16      	ldr	r4, [pc, #88]	@ (10001f2c <stdio_usb_in_chars+0x84>)
10001ed4:	0020      	movs	r0, r4
10001ed6:	f002 f963 	bl	100041a0 <__mutex_try_enter_block_until_veneer>
10001eda:	2800      	cmp	r0, #0
10001edc:	d021      	beq.n	10001f22 <stdio_usb_in_chars+0x7a>
10001ede:	2000      	movs	r0, #0
10001ee0:	f001 fb60 	bl	100035a4 <tud_cdc_n_connected>
10001ee4:	2800      	cmp	r0, #0
10001ee6:	d10f      	bne.n	10001f08 <stdio_usb_in_chars+0x60>
10001ee8:	2001      	movs	r0, #1
10001eea:	2100      	movs	r1, #0
10001eec:	4240      	negs	r0, r0
10001eee:	f000 fd89 	bl	10002a04 <tud_task_ext>
10001ef2:	2503      	movs	r5, #3
10001ef4:	426d      	negs	r5, r5
10001ef6:	0020      	movs	r0, r4
10001ef8:	f002 f992 	bl	10004220 <__mutex_exit_veneer>
10001efc:	0028      	movs	r0, r5
10001efe:	bd70      	pop	{r4, r5, r6, pc}
10001f00:	2201      	movs	r2, #1
10001f02:	4b0b      	ldr	r3, [pc, #44]	@ (10001f30 <stdio_usb_in_chars+0x88>)
10001f04:	4252      	negs	r2, r2
10001f06:	e7e4      	b.n	10001ed2 <stdio_usb_in_chars+0x2a>
10001f08:	2000      	movs	r0, #0
10001f0a:	f001 fb61 	bl	100035d0 <tud_cdc_n_available>
10001f0e:	2800      	cmp	r0, #0
10001f10:	d0ea      	beq.n	10001ee8 <stdio_usb_in_chars+0x40>
10001f12:	0029      	movs	r1, r5
10001f14:	0032      	movs	r2, r6
10001f16:	2000      	movs	r0, #0
10001f18:	f001 fb64 	bl	100035e4 <tud_cdc_n_read>
10001f1c:	1e05      	subs	r5, r0, #0
10001f1e:	d1ea      	bne.n	10001ef6 <stdio_usb_in_chars+0x4e>
10001f20:	e7e7      	b.n	10001ef2 <stdio_usb_in_chars+0x4a>
10001f22:	2503      	movs	r5, #3
10001f24:	426d      	negs	r5, r5
10001f26:	e7e9      	b.n	10001efc <stdio_usb_in_chars+0x54>
10001f28:	000f4240 	.word	0x000f4240
10001f2c:	20001c24 	.word	0x20001c24
10001f30:	7fffffff 	.word	0x7fffffff

10001f34 <stdio_usb_out_flush>:
10001f34:	b510      	push	{r4, lr}
10001f36:	f7ff f9a9 	bl	1000128c <time_us_64>
10001f3a:	2300      	movs	r3, #0
10001f3c:	4a0d      	ldr	r2, [pc, #52]	@ (10001f74 <stdio_usb_out_flush+0x40>)
10001f3e:	1812      	adds	r2, r2, r0
10001f40:	414b      	adcs	r3, r1
10001f42:	2b00      	cmp	r3, #0
10001f44:	da02      	bge.n	10001f4c <stdio_usb_out_flush+0x18>
10001f46:	2201      	movs	r2, #1
10001f48:	4b0b      	ldr	r3, [pc, #44]	@ (10001f78 <stdio_usb_out_flush+0x44>)
10001f4a:	4252      	negs	r2, r2
10001f4c:	480b      	ldr	r0, [pc, #44]	@ (10001f7c <stdio_usb_out_flush+0x48>)
10001f4e:	f002 f927 	bl	100041a0 <__mutex_try_enter_block_until_veneer>
10001f52:	2800      	cmp	r0, #0
10001f54:	d00c      	beq.n	10001f70 <stdio_usb_out_flush+0x3c>
10001f56:	2001      	movs	r0, #1
10001f58:	2100      	movs	r1, #0
10001f5a:	4240      	negs	r0, r0
10001f5c:	f000 fd52 	bl	10002a04 <tud_task_ext>
10001f60:	2000      	movs	r0, #0
10001f62:	f001 fb83 	bl	1000366c <tud_cdc_n_write_flush>
10001f66:	2800      	cmp	r0, #0
10001f68:	d1f5      	bne.n	10001f56 <stdio_usb_out_flush+0x22>
10001f6a:	4804      	ldr	r0, [pc, #16]	@ (10001f7c <stdio_usb_out_flush+0x48>)
10001f6c:	f002 f958 	bl	10004220 <__mutex_exit_veneer>
10001f70:	bd10      	pop	{r4, pc}
10001f72:	46c0      	nop			@ (mov r8, r8)
10001f74:	000f4240 	.word	0x000f4240
10001f78:	7fffffff 	.word	0x7fffffff
10001f7c:	20001c24 	.word	0x20001c24

10001f80 <stdio_usb_out_chars>:
10001f80:	b5f8      	push	{r3, r4, r5, r6, r7, lr}
10001f82:	46ce      	mov	lr, r9
10001f84:	4647      	mov	r7, r8
10001f86:	b580      	push	{r7, lr}
10001f88:	0005      	movs	r5, r0
10001f8a:	000c      	movs	r4, r1
10001f8c:	f7ff f97e 	bl	1000128c <time_us_64>
10001f90:	2300      	movs	r3, #0
10001f92:	4a34      	ldr	r2, [pc, #208]	@ (10002064 <stdio_usb_out_chars+0xe4>)
10001f94:	1812      	adds	r2, r2, r0
10001f96:	414b      	adcs	r3, r1
10001f98:	2b00      	cmp	r3, #0
10001f9a:	da02      	bge.n	10001fa2 <stdio_usb_out_chars+0x22>
10001f9c:	2201      	movs	r2, #1
10001f9e:	4b32      	ldr	r3, [pc, #200]	@ (10002068 <stdio_usb_out_chars+0xe8>)
10001fa0:	4252      	negs	r2, r2
10001fa2:	4932      	ldr	r1, [pc, #200]	@ (1000206c <stdio_usb_out_chars+0xec>)
10001fa4:	0008      	movs	r0, r1
10001fa6:	4688      	mov	r8, r1
10001fa8:	f002 f8fa 	bl	100041a0 <__mutex_try_enter_block_until_veneer>
10001fac:	2800      	cmp	r0, #0
10001fae:	d103      	bne.n	10001fb8 <stdio_usb_out_chars+0x38>
10001fb0:	bcc0      	pop	{r6, r7}
10001fb2:	46b9      	mov	r9, r7
10001fb4:	46b0      	mov	r8, r6
10001fb6:	bdf8      	pop	{r3, r4, r5, r6, r7, pc}
10001fb8:	2000      	movs	r0, #0
10001fba:	f001 faf3 	bl	100035a4 <tud_cdc_n_connected>
10001fbe:	2800      	cmp	r0, #0
10001fc0:	d048      	beq.n	10002054 <stdio_usb_out_chars+0xd4>
10001fc2:	2600      	movs	r6, #0
10001fc4:	2c00      	cmp	r4, #0
10001fc6:	dd41      	ble.n	1000204c <stdio_usb_out_chars+0xcc>
10001fc8:	4b29      	ldr	r3, [pc, #164]	@ (10002070 <stdio_usb_out_chars+0xf0>)
10001fca:	4699      	mov	r9, r3
10001fcc:	e013      	b.n	10001ff6 <stdio_usb_out_chars+0x76>
10001fce:	19a9      	adds	r1, r5, r6
10001fd0:	2000      	movs	r0, #0
10001fd2:	f001 fb87 	bl	100036e4 <tud_cdc_n_write>
10001fd6:	0007      	movs	r7, r0
10001fd8:	2001      	movs	r0, #1
10001fda:	2100      	movs	r1, #0
10001fdc:	4240      	negs	r0, r0
10001fde:	f000 fd11 	bl	10002a04 <tud_task_ext>
10001fe2:	2000      	movs	r0, #0
10001fe4:	f001 fb42 	bl	1000366c <tud_cdc_n_write_flush>
10001fe8:	f7ff f950 	bl	1000128c <time_us_64>
10001fec:	4b20      	ldr	r3, [pc, #128]	@ (10002070 <stdio_usb_out_chars+0xf0>)
10001fee:	19f6      	adds	r6, r6, r7
10001ff0:	c303      	stmia	r3!, {r0, r1}
10001ff2:	42b4      	cmp	r4, r6
10001ff4:	dd2a      	ble.n	1000204c <stdio_usb_out_chars+0xcc>
10001ff6:	2000      	movs	r0, #0
10001ff8:	f001 fb94 	bl	10003724 <tud_cdc_n_write_available>
10001ffc:	1ba7      	subs	r7, r4, r6
10001ffe:	0002      	movs	r2, r0
10002000:	42b8      	cmp	r0, r7
10002002:	dd00      	ble.n	10002006 <stdio_usb_out_chars+0x86>
10002004:	003a      	movs	r2, r7
10002006:	2a00      	cmp	r2, #0
10002008:	d1e1      	bne.n	10001fce <stdio_usb_out_chars+0x4e>
1000200a:	2001      	movs	r0, #1
1000200c:	2100      	movs	r1, #0
1000200e:	4240      	negs	r0, r0
10002010:	f000 fcf8 	bl	10002a04 <tud_task_ext>
10002014:	2000      	movs	r0, #0
10002016:	f001 fb29 	bl	1000366c <tud_cdc_n_write_flush>
1000201a:	2000      	movs	r0, #0
1000201c:	f001 fac2 	bl	100035a4 <tud_cdc_n_connected>
10002020:	2800      	cmp	r0, #0
10002022:	d013      	beq.n	1000204c <stdio_usb_out_chars+0xcc>
10002024:	2000      	movs	r0, #0
10002026:	f001 fb7d 	bl	10003724 <tud_cdc_n_write_available>
1000202a:	2800      	cmp	r0, #0
1000202c:	d1e1      	bne.n	10001ff2 <stdio_usb_out_chars+0x72>
1000202e:	f7ff f92d 	bl	1000128c <time_us_64>
10002032:	464b      	mov	r3, r9
10002034:	000f      	movs	r7, r1
10002036:	cb0c      	ldmia	r3, {r2, r3}
10002038:	2100      	movs	r1, #0
1000203a:	4684      	mov	ip, r0
1000203c:	480d      	ldr	r0, [pc, #52]	@ (10002074 <stdio_usb_out_chars+0xf4>)
1000203e:	1812      	adds	r2, r2, r0
10002040:	414b      	adcs	r3, r1
10002042:	429f      	cmp	r7, r3
10002044:	d802      	bhi.n	1000204c <stdio_usb_out_chars+0xcc>
10002046:	d1d4      	bne.n	10001ff2 <stdio_usb_out_chars+0x72>
10002048:	4594      	cmp	ip, r2
1000204a:	d9d2      	bls.n	10001ff2 <stdio_usb_out_chars+0x72>
1000204c:	4640      	mov	r0, r8
1000204e:	f002 f8e7 	bl	10004220 <__mutex_exit_veneer>
10002052:	e7ad      	b.n	10001fb0 <stdio_usb_out_chars+0x30>
10002054:	2000      	movs	r0, #0
10002056:	2100      	movs	r1, #0
10002058:	4b05      	ldr	r3, [pc, #20]	@ (10002070 <stdio_usb_out_chars+0xf0>)
1000205a:	c303      	stmia	r3!, {r0, r1}
1000205c:	4640      	mov	r0, r8
1000205e:	f002 f8df 	bl	10004220 <__mutex_exit_veneer>
10002062:	e7a5      	b.n	10001fb0 <stdio_usb_out_chars+0x30>
10002064:	000f4240 	.word	0x000f4240
10002068:	7fffffff 	.word	0x7fffffff
1000206c:	20001c24 	.word	0x20001c24
10002070:	20001278 	.word	0x20001278
10002074:	0007a120 	.word	0x0007a120

10002078 <low_priority_worker_irq>:
10002078:	b530      	push	{r4, r5, lr}
1000207a:	2100      	movs	r1, #0
1000207c:	b085      	sub	sp, #20
1000207e:	4828      	ldr	r0, [pc, #160]	@ (10002120 <low_priority_worker_irq+0xa8>)
10002080:	f002 f8b6 	bl	100041f0 <__mutex_try_enter_veneer>
10002084:	2800      	cmp	r0, #0
10002086:	d11c      	bne.n	100020c2 <low_priority_worker_irq+0x4a>
10002088:	4b26      	ldr	r3, [pc, #152]	@ (10002124 <low_priority_worker_irq+0xac>)
1000208a:	681a      	ldr	r2, [r3, #0]
1000208c:	2a00      	cmp	r2, #0
1000208e:	d016      	beq.n	100020be <low_priority_worker_irq+0x46>
10002090:	f3ef 8110 	mrs	r1, PRIMASK
10002094:	b672      	cpsid	i
10002096:	6810      	ldr	r0, [r2, #0]
10002098:	2800      	cmp	r0, #0
1000209a:	d0fc      	beq.n	10002096 <low_priority_worker_irq+0x1e>
1000209c:	f3bf 8f5f 	dmb	sy
100020a0:	2401      	movs	r4, #1
100020a2:	4821      	ldr	r0, [pc, #132]	@ (10002128 <low_priority_worker_irq+0xb0>)
100020a4:	6059      	str	r1, [r3, #4]
100020a6:	7802      	ldrb	r2, [r0, #0]
100020a8:	681b      	ldr	r3, [r3, #0]
100020aa:	b2d2      	uxtb	r2, r2
100020ac:	7004      	strb	r4, [r0, #0]
100020ae:	f3bf 8f5f 	dmb	sy
100020b2:	2000      	movs	r0, #0
100020b4:	6018      	str	r0, [r3, #0]
100020b6:	f381 8810 	msr	PRIMASK, r1
100020ba:	2a00      	cmp	r2, #0
100020bc:	d017      	beq.n	100020ee <low_priority_worker_irq+0x76>
100020be:	b005      	add	sp, #20
100020c0:	bd30      	pop	{r4, r5, pc}
100020c2:	2001      	movs	r0, #1
100020c4:	2100      	movs	r1, #0
100020c6:	4240      	negs	r0, r0
100020c8:	f000 fc9c 	bl	10002a04 <tud_task_ext>
100020cc:	2000      	movs	r0, #0
100020ce:	f001 fa7f 	bl	100035d0 <tud_cdc_n_available>
100020d2:	0005      	movs	r5, r0
100020d4:	4812      	ldr	r0, [pc, #72]	@ (10002120 <low_priority_worker_irq+0xa8>)
100020d6:	f002 f8a3 	bl	10004220 <__mutex_exit_veneer>
100020da:	2d00      	cmp	r5, #0
100020dc:	d0ef      	beq.n	100020be <low_priority_worker_irq+0x46>
100020de:	4b13      	ldr	r3, [pc, #76]	@ (1000212c <low_priority_worker_irq+0xb4>)
100020e0:	681b      	ldr	r3, [r3, #0]
100020e2:	2b00      	cmp	r3, #0
100020e4:	d0eb      	beq.n	100020be <low_priority_worker_irq+0x46>
100020e6:	4a12      	ldr	r2, [pc, #72]	@ (10002130 <low_priority_worker_irq+0xb8>)
100020e8:	6810      	ldr	r0, [r2, #0]
100020ea:	4798      	blx	r3
100020ec:	e7e7      	b.n	100020be <low_priority_worker_irq+0x46>
100020ee:	f7fe fe2d 	bl	10000d4c <alarm_pool_get_default>
100020f2:	0004      	movs	r4, r0
100020f4:	f7ff f8ca 	bl	1000128c <time_us_64>
100020f8:	22fa      	movs	r2, #250	@ 0xfa
100020fa:	2300      	movs	r3, #0
100020fc:	0092      	lsls	r2, r2, #2
100020fe:	1812      	adds	r2, r2, r0
10002100:	414b      	adcs	r3, r1
10002102:	2b00      	cmp	r3, #0
10002104:	da02      	bge.n	1000210c <low_priority_worker_irq+0x94>
10002106:	2201      	movs	r2, #1
10002108:	4b0a      	ldr	r3, [pc, #40]	@ (10002134 <low_priority_worker_irq+0xbc>)
1000210a:	4252      	negs	r2, r2
1000210c:	2101      	movs	r1, #1
1000210e:	9102      	str	r1, [sp, #8]
10002110:	2100      	movs	r1, #0
10002112:	9101      	str	r1, [sp, #4]
10002114:	4908      	ldr	r1, [pc, #32]	@ (10002138 <low_priority_worker_irq+0xc0>)
10002116:	0020      	movs	r0, r4
10002118:	9100      	str	r1, [sp, #0]
1000211a:	f7fe fe1b 	bl	10000d54 <alarm_pool_add_alarm_at>
1000211e:	e7ce      	b.n	100020be <low_priority_worker_irq+0x46>
10002120:	20001c24 	.word	0x20001c24
10002124:	20001bfc 	.word	0x20001bfc
10002128:	20001c44 	.word	0x20001c44
1000212c:	20001784 	.word	0x20001784
10002130:	20001788 	.word	0x20001788
10002134:	7fffffff 	.word	0x7fffffff
10002138:	10001e45 	.word	0x10001e45

1000213c <stdio_usb_init>:
1000213c:	23d0      	movs	r3, #208	@ 0xd0
1000213e:	b510      	push	{r4, lr}
10002140:	061b      	lsls	r3, r3, #24
10002142:	b084      	sub	sp, #16
10002144:	681c      	ldr	r4, [r3, #0]
10002146:	f7fe fe01 	bl	10000d4c <alarm_pool_get_default>
1000214a:	f7fe ff01 	bl	10000f50 <alarm_pool_core_num>
1000214e:	42a0      	cmp	r0, r4
10002150:	d002      	beq.n	10002158 <stdio_usb_init+0x1c>
10002152:	2000      	movs	r0, #0
10002154:	b004      	add	sp, #16
10002156:	bd10      	pop	{r4, pc}
10002158:	4b28      	ldr	r3, [pc, #160]	@ (100021fc <stdio_usb_init+0xc0>)
1000215a:	2100      	movs	r1, #0
1000215c:	2000      	movs	r0, #0
1000215e:	781b      	ldrb	r3, [r3, #0]
10002160:	f001 fca6 	bl	10003ab0 <tusb_rhport_init>
10002164:	4826      	ldr	r0, [pc, #152]	@ (10002200 <stdio_usb_init+0xc4>)
10002166:	6803      	ldr	r3, [r0, #0]
10002168:	2b00      	cmp	r3, #0
1000216a:	d044      	beq.n	100021f6 <stdio_usb_init+0xba>
1000216c:	2001      	movs	r0, #1
1000216e:	f7fe fb85 	bl	1000087c <user_irq_claim_unused>
10002172:	23ff      	movs	r3, #255	@ 0xff
10002174:	4c23      	ldr	r4, [pc, #140]	@ (10002204 <stdio_usb_init+0xc8>)
10002176:	4924      	ldr	r1, [pc, #144]	@ (10002208 <stdio_usb_init+0xcc>)
10002178:	7020      	strb	r0, [r4, #0]
1000217a:	4018      	ands	r0, r3
1000217c:	f7fe fa12 	bl	100005a4 <irq_set_exclusive_handler>
10002180:	7820      	ldrb	r0, [r4, #0]
10002182:	2101      	movs	r1, #1
10002184:	f7fe f9d8 	bl	10000538 <irq_set_enabled>
10002188:	2005      	movs	r0, #5
1000218a:	f7fe f9fb 	bl	10000584 <irq_has_shared_handler>
1000218e:	2800      	cmp	r0, #0
10002190:	d124      	bne.n	100021dc <stdio_usb_init+0xa0>
10002192:	2208      	movs	r2, #8
10002194:	2100      	movs	r1, #0
10002196:	481d      	ldr	r0, [pc, #116]	@ (1000220c <stdio_usb_init+0xd0>)
10002198:	f7ff fcaa 	bl	10001af0 <__wrap_memset>
1000219c:	f7fe fdd6 	bl	10000d4c <alarm_pool_get_default>
100021a0:	0004      	movs	r4, r0
100021a2:	f7ff f873 	bl	1000128c <time_us_64>
100021a6:	22fa      	movs	r2, #250	@ 0xfa
100021a8:	2300      	movs	r3, #0
100021aa:	0092      	lsls	r2, r2, #2
100021ac:	1812      	adds	r2, r2, r0
100021ae:	414b      	adcs	r3, r1
100021b0:	2b00      	cmp	r3, #0
100021b2:	da02      	bge.n	100021ba <stdio_usb_init+0x7e>
100021b4:	2201      	movs	r2, #1
100021b6:	4b16      	ldr	r3, [pc, #88]	@ (10002210 <stdio_usb_init+0xd4>)
100021b8:	4252      	negs	r2, r2
100021ba:	2101      	movs	r1, #1
100021bc:	9102      	str	r1, [sp, #8]
100021be:	2100      	movs	r1, #0
100021c0:	9101      	str	r1, [sp, #4]
100021c2:	4914      	ldr	r1, [pc, #80]	@ (10002214 <stdio_usb_init+0xd8>)
100021c4:	0020      	movs	r0, r4
100021c6:	9100      	str	r1, [sp, #0]
100021c8:	f7fe fdc4 	bl	10000d54 <alarm_pool_add_alarm_at>
100021cc:	2800      	cmp	r0, #0
100021ce:	dbc0      	blt.n	10002152 <stdio_usb_init+0x16>
100021d0:	4811      	ldr	r0, [pc, #68]	@ (10002218 <stdio_usb_init+0xdc>)
100021d2:	2101      	movs	r1, #1
100021d4:	f7ff fda0 	bl	10001d18 <stdio_set_driver_enabled>
100021d8:	2001      	movs	r0, #1
100021da:	e7bb      	b.n	10002154 <stdio_usb_init+0x18>
100021dc:	2001      	movs	r0, #1
100021de:	f7fe f969 	bl	100004b4 <spin_lock_claim_unused>
100021e2:	0001      	movs	r1, r0
100021e4:	4809      	ldr	r0, [pc, #36]	@ (1000220c <stdio_usb_init+0xd0>)
100021e6:	f7fe fba9 	bl	1000093c <critical_section_init_with_lock_num>
100021ea:	2200      	movs	r2, #0
100021ec:	2005      	movs	r0, #5
100021ee:	490b      	ldr	r1, [pc, #44]	@ (1000221c <stdio_usb_init+0xe0>)
100021f0:	f7fe fa02 	bl	100005f8 <irq_add_shared_handler>
100021f4:	e7ec      	b.n	100021d0 <stdio_usb_init+0x94>
100021f6:	f7fe fb85 	bl	10000904 <mutex_init>
100021fa:	e7b7      	b.n	1000216c <stdio_usb_init+0x30>
100021fc:	100046fc 	.word	0x100046fc
10002200:	20001c24 	.word	0x20001c24
10002204:	20001c43 	.word	0x20001c43
10002208:	10002079 	.word	0x10002079
1000220c:	20001bfc 	.word	0x20001bfc
10002210:	7fffffff 	.word	0x7fffffff
10002214:	10001e45 	.word	0x10001e45
10002218:	20000ff0 	.word	0x20000ff0
1000221c:	10001e35 	.word	0x10001e35

10002220 <tud_descriptor_device_cb>:
10002220:	4800      	ldr	r0, [pc, #0]	@ (10002224 <tud_descriptor_device_cb+0x4>)
10002222:	4770      	bx	lr
10002224:	10004518 	.word	0x10004518

10002228 <tud_descriptor_configuration_cb>:
10002228:	4800      	ldr	r0, [pc, #0]	@ (1000222c <tud_descriptor_configuration_cb+0x4>)
1000222a:	4770      	bx	lr
1000222c:	100044c4 	.word	0x100044c4

10002230 <tud_descriptor_string_cb>:
10002230:	b510      	push	{r4, lr}
10002232:	0004      	movs	r4, r0
10002234:	4816      	ldr	r0, [pc, #88]	@ (10002290 <tud_descriptor_string_cb+0x60>)
10002236:	7803      	ldrb	r3, [r0, #0]
10002238:	2b00      	cmp	r3, #0
1000223a:	d020      	beq.n	1000227e <tud_descriptor_string_cb+0x4e>
1000223c:	2c00      	cmp	r4, #0
1000223e:	d106      	bne.n	1000224e <tud_descriptor_string_cb+0x1e>
10002240:	4b14      	ldr	r3, [pc, #80]	@ (10002294 <tud_descriptor_string_cb+0x64>)
10002242:	4815      	ldr	r0, [pc, #84]	@ (10002298 <tud_descriptor_string_cb+0x68>)
10002244:	8043      	strh	r3, [r0, #2]
10002246:	3b06      	subs	r3, #6
10002248:	3bff      	subs	r3, #255	@ 0xff
1000224a:	8003      	strh	r3, [r0, #0]
1000224c:	bd10      	pop	{r4, pc}
1000224e:	2c05      	cmp	r4, #5
10002250:	d81c      	bhi.n	1000228c <tud_descriptor_string_cb+0x5c>
10002252:	4b12      	ldr	r3, [pc, #72]	@ (1000229c <tud_descriptor_string_cb+0x6c>)
10002254:	00a4      	lsls	r4, r4, #2
10002256:	58e4      	ldr	r4, [r4, r3]
10002258:	480f      	ldr	r0, [pc, #60]	@ (10002298 <tud_descriptor_string_cb+0x68>)
1000225a:	2301      	movs	r3, #1
1000225c:	1c81      	adds	r1, r0, #2
1000225e:	3c01      	subs	r4, #1
10002260:	e004      	b.n	1000226c <tud_descriptor_string_cb+0x3c>
10002262:	3301      	adds	r3, #1
10002264:	800a      	strh	r2, [r1, #0]
10002266:	3102      	adds	r1, #2
10002268:	2b14      	cmp	r3, #20
1000226a:	d00c      	beq.n	10002286 <tud_descriptor_string_cb+0x56>
1000226c:	5ce2      	ldrb	r2, [r4, r3]
1000226e:	2a00      	cmp	r2, #0
10002270:	d1f7      	bne.n	10002262 <tud_descriptor_string_cb+0x32>
10002272:	22c0      	movs	r2, #192	@ 0xc0
10002274:	b2db      	uxtb	r3, r3
10002276:	005b      	lsls	r3, r3, #1
10002278:	0092      	lsls	r2, r2, #2
1000227a:	4313      	orrs	r3, r2
1000227c:	e7e5      	b.n	1000224a <tud_descriptor_string_cb+0x1a>
1000227e:	2111      	movs	r1, #17
10002280:	f000 f816 	bl	100022b0 <pico_get_unique_board_id_string>
10002284:	e7da      	b.n	1000223c <tud_descriptor_string_cb+0xc>
10002286:	23ca      	movs	r3, #202	@ 0xca
10002288:	009b      	lsls	r3, r3, #2
1000228a:	e7de      	b.n	1000224a <tud_descriptor_string_cb+0x1a>
1000228c:	2000      	movs	r0, #0
1000228e:	e7dd      	b.n	1000224c <tud_descriptor_string_cb+0x1c>
10002290:	20001c2c 	.word	0x20001c2c
10002294:	00000409 	.word	0x00000409
10002298:	200017bc 	.word	0x200017bc
1000229c:	100044ac 	.word	0x100044ac

100022a0 <_retrieve_unique_id_on_boot>:
100022a0:	b510      	push	{r4, lr}
100022a2:	4802      	ldr	r0, [pc, #8]	@ (100022ac <_retrieve_unique_id_on_boot+0xc>)
100022a4:	f000 f8f4 	bl	10002490 <flash_get_unique_id>
100022a8:	bd10      	pop	{r4, pc}
100022aa:	46c0      	nop			@ (mov r8, r8)
100022ac:	20001c14 	.word	0x20001c14

100022b0 <pico_get_unique_board_id_string>:
100022b0:	b530      	push	{r4, r5, lr}
100022b2:	2901      	cmp	r1, #1
100022b4:	d100      	bne.n	100022b8 <pico_get_unique_board_id_string+0x8>
100022b6:	e0bb      	b.n	10002430 <pico_get_unique_board_id_string+0x180>
100022b8:	4b74      	ldr	r3, [pc, #464]	@ (1000248c <pico_get_unique_board_id_string+0x1dc>)
100022ba:	3901      	subs	r1, #1
100022bc:	781a      	ldrb	r2, [r3, #0]
100022be:	1112      	asrs	r2, r2, #4
100022c0:	0014      	movs	r4, r2
100022c2:	3430      	adds	r4, #48	@ 0x30
100022c4:	2a09      	cmp	r2, #9
100022c6:	dd00      	ble.n	100022ca <pico_get_unique_board_id_string+0x1a>
100022c8:	e0b5      	b.n	10002436 <pico_get_unique_board_id_string+0x186>
100022ca:	7004      	strb	r4, [r0, #0]
100022cc:	2901      	cmp	r1, #1
100022ce:	d100      	bne.n	100022d2 <pico_get_unique_board_id_string+0x22>
100022d0:	e0da      	b.n	10002488 <pico_get_unique_board_id_string+0x1d8>
100022d2:	220f      	movs	r2, #15
100022d4:	781c      	ldrb	r4, [r3, #0]
100022d6:	4022      	ands	r2, r4
100022d8:	0014      	movs	r4, r2
100022da:	3430      	adds	r4, #48	@ 0x30
100022dc:	2a09      	cmp	r2, #9
100022de:	d900      	bls.n	100022e2 <pico_get_unique_board_id_string+0x32>
100022e0:	e0ac      	b.n	1000243c <pico_get_unique_board_id_string+0x18c>
100022e2:	7044      	strb	r4, [r0, #1]
100022e4:	2902      	cmp	r1, #2
100022e6:	d100      	bne.n	100022ea <pico_get_unique_board_id_string+0x3a>
100022e8:	e0ce      	b.n	10002488 <pico_get_unique_board_id_string+0x1d8>
100022ea:	785a      	ldrb	r2, [r3, #1]
100022ec:	4694      	mov	ip, r2
100022ee:	1112      	asrs	r2, r2, #4
100022f0:	0014      	movs	r4, r2
100022f2:	3430      	adds	r4, #48	@ 0x30
100022f4:	2a09      	cmp	r2, #9
100022f6:	dd00      	ble.n	100022fa <pico_get_unique_board_id_string+0x4a>
100022f8:	e0a3      	b.n	10002442 <pico_get_unique_board_id_string+0x192>
100022fa:	7084      	strb	r4, [r0, #2]
100022fc:	2903      	cmp	r1, #3
100022fe:	d100      	bne.n	10002302 <pico_get_unique_board_id_string+0x52>
10002300:	e0c2      	b.n	10002488 <pico_get_unique_board_id_string+0x1d8>
10002302:	4664      	mov	r4, ip
10002304:	220f      	movs	r2, #15
10002306:	4022      	ands	r2, r4
10002308:	0014      	movs	r4, r2
1000230a:	3430      	adds	r4, #48	@ 0x30
1000230c:	2a09      	cmp	r2, #9
1000230e:	d900      	bls.n	10002312 <pico_get_unique_board_id_string+0x62>
10002310:	e09a      	b.n	10002448 <pico_get_unique_board_id_string+0x198>
10002312:	70c4      	strb	r4, [r0, #3]
10002314:	2904      	cmp	r1, #4
10002316:	d100      	bne.n	1000231a <pico_get_unique_board_id_string+0x6a>
10002318:	e0b6      	b.n	10002488 <pico_get_unique_board_id_string+0x1d8>
1000231a:	789a      	ldrb	r2, [r3, #2]
1000231c:	4694      	mov	ip, r2
1000231e:	1112      	asrs	r2, r2, #4
10002320:	0014      	movs	r4, r2
10002322:	3430      	adds	r4, #48	@ 0x30
10002324:	2a09      	cmp	r2, #9
10002326:	dd00      	ble.n	1000232a <pico_get_unique_board_id_string+0x7a>
10002328:	e091      	b.n	1000244e <pico_get_unique_board_id_string+0x19e>
1000232a:	7104      	strb	r4, [r0, #4]
1000232c:	2905      	cmp	r1, #5
1000232e:	d100      	bne.n	10002332 <pico_get_unique_board_id_string+0x82>
10002330:	e0aa      	b.n	10002488 <pico_get_unique_board_id_string+0x1d8>
10002332:	4664      	mov	r4, ip
10002334:	220f      	movs	r2, #15
10002336:	4022      	ands	r2, r4
10002338:	0014      	movs	r4, r2
1000233a:	3430      	adds	r4, #48	@ 0x30
1000233c:	2a09      	cmp	r2, #9
1000233e:	d900      	bls.n	10002342 <pico_get_unique_board_id_string+0x92>
10002340:	e088      	b.n	10002454 <pico_get_unique_board_id_string+0x1a4>
10002342:	7144      	strb	r4, [r0, #5]
10002344:	2906      	cmp	r1, #6
10002346:	d100      	bne.n	1000234a <pico_get_unique_board_id_string+0x9a>
10002348:	e09e      	b.n	10002488 <pico_get_unique_board_id_string+0x1d8>
1000234a:	2530      	movs	r5, #48	@ 0x30
1000234c:	46ac      	mov	ip, r5
1000234e:	78dc      	ldrb	r4, [r3, #3]
10002350:	1122      	asrs	r2, r4, #4
10002352:	4494      	add	ip, r2
10002354:	2a09      	cmp	r2, #9
10002356:	dd00      	ble.n	1000235a <pico_get_unique_board_id_string+0xaa>
10002358:	e07f      	b.n	1000245a <pico_get_unique_board_id_string+0x1aa>
1000235a:	4662      	mov	r2, ip
1000235c:	7182      	strb	r2, [r0, #6]
1000235e:	2907      	cmp	r1, #7
10002360:	d100      	bne.n	10002364 <pico_get_unique_board_id_string+0xb4>
10002362:	e091      	b.n	10002488 <pico_get_unique_board_id_string+0x1d8>
10002364:	220f      	movs	r2, #15
10002366:	4022      	ands	r2, r4
10002368:	0014      	movs	r4, r2
1000236a:	3430      	adds	r4, #48	@ 0x30
1000236c:	2a09      	cmp	r2, #9
1000236e:	d900      	bls.n	10002372 <pico_get_unique_board_id_string+0xc2>
10002370:	e077      	b.n	10002462 <pico_get_unique_board_id_string+0x1b2>
10002372:	71c4      	strb	r4, [r0, #7]
10002374:	2908      	cmp	r1, #8
10002376:	d100      	bne.n	1000237a <pico_get_unique_board_id_string+0xca>
10002378:	e086      	b.n	10002488 <pico_get_unique_board_id_string+0x1d8>
1000237a:	2530      	movs	r5, #48	@ 0x30
1000237c:	46ac      	mov	ip, r5
1000237e:	791c      	ldrb	r4, [r3, #4]
10002380:	1122      	asrs	r2, r4, #4
10002382:	4494      	add	ip, r2
10002384:	2a09      	cmp	r2, #9
10002386:	dd00      	ble.n	1000238a <pico_get_unique_board_id_string+0xda>
10002388:	e06e      	b.n	10002468 <pico_get_unique_board_id_string+0x1b8>
1000238a:	4662      	mov	r2, ip
1000238c:	7202      	strb	r2, [r0, #8]
1000238e:	2909      	cmp	r1, #9
10002390:	d100      	bne.n	10002394 <pico_get_unique_board_id_string+0xe4>
10002392:	e079      	b.n	10002488 <pico_get_unique_board_id_string+0x1d8>
10002394:	220f      	movs	r2, #15
10002396:	4022      	ands	r2, r4
10002398:	0014      	movs	r4, r2
1000239a:	3430      	adds	r4, #48	@ 0x30
1000239c:	2a09      	cmp	r2, #9
1000239e:	d867      	bhi.n	10002470 <pico_get_unique_board_id_string+0x1c0>
100023a0:	7244      	strb	r4, [r0, #9]
100023a2:	290a      	cmp	r1, #10
100023a4:	d100      	bne.n	100023a8 <pico_get_unique_board_id_string+0xf8>
100023a6:	e06f      	b.n	10002488 <pico_get_unique_board_id_string+0x1d8>
100023a8:	2530      	movs	r5, #48	@ 0x30
100023aa:	46ac      	mov	ip, r5
100023ac:	795c      	ldrb	r4, [r3, #5]
100023ae:	1122      	asrs	r2, r4, #4
100023b0:	4494      	add	ip, r2
100023b2:	2a09      	cmp	r2, #9
100023b4:	dc5f      	bgt.n	10002476 <pico_get_unique_board_id_string+0x1c6>
100023b6:	4662      	mov	r2, ip
100023b8:	7282      	strb	r2, [r0, #10]
100023ba:	290b      	cmp	r1, #11
100023bc:	d064      	beq.n	10002488 <pico_get_unique_board_id_string+0x1d8>
100023be:	220f      	movs	r2, #15
100023c0:	4022      	ands	r2, r4
100023c2:	0014      	movs	r4, r2
100023c4:	3430      	adds	r4, #48	@ 0x30
100023c6:	2a09      	cmp	r2, #9
100023c8:	d859      	bhi.n	1000247e <pico_get_unique_board_id_string+0x1ce>
100023ca:	72c4      	strb	r4, [r0, #11]
100023cc:	290c      	cmp	r1, #12
100023ce:	d05b      	beq.n	10002488 <pico_get_unique_board_id_string+0x1d8>
100023d0:	2530      	movs	r5, #48	@ 0x30
100023d2:	46ac      	mov	ip, r5
100023d4:	799c      	ldrb	r4, [r3, #6]
100023d6:	1122      	asrs	r2, r4, #4
100023d8:	4494      	add	ip, r2
100023da:	2a09      	cmp	r2, #9
100023dc:	dd02      	ble.n	100023e4 <pico_get_unique_board_id_string+0x134>
100023de:	3507      	adds	r5, #7
100023e0:	46ac      	mov	ip, r5
100023e2:	4494      	add	ip, r2
100023e4:	4662      	mov	r2, ip
100023e6:	7302      	strb	r2, [r0, #12]
100023e8:	290d      	cmp	r1, #13
100023ea:	d04d      	beq.n	10002488 <pico_get_unique_board_id_string+0x1d8>
100023ec:	220f      	movs	r2, #15
100023ee:	4022      	ands	r2, r4
100023f0:	0014      	movs	r4, r2
100023f2:	3430      	adds	r4, #48	@ 0x30
100023f4:	2a09      	cmp	r2, #9
100023f6:	d901      	bls.n	100023fc <pico_get_unique_board_id_string+0x14c>
100023f8:	3237      	adds	r2, #55	@ 0x37
100023fa:	0014      	movs	r4, r2
100023fc:	7344      	strb	r4, [r0, #13]
100023fe:	290e      	cmp	r1, #14
10002400:	d042      	beq.n	10002488 <pico_get_unique_board_id_string+0x1d8>
10002402:	79da      	ldrb	r2, [r3, #7]
10002404:	1113      	asrs	r3, r2, #4
10002406:	001c      	movs	r4, r3
10002408:	3430      	adds	r4, #48	@ 0x30
1000240a:	2b09      	cmp	r3, #9
1000240c:	dd01      	ble.n	10002412 <pico_get_unique_board_id_string+0x162>
1000240e:	3337      	adds	r3, #55	@ 0x37
10002410:	001c      	movs	r4, r3
10002412:	7384      	strb	r4, [r0, #14]
10002414:	290f      	cmp	r1, #15
10002416:	d037      	beq.n	10002488 <pico_get_unique_board_id_string+0x1d8>
10002418:	230f      	movs	r3, #15
1000241a:	4013      	ands	r3, r2
1000241c:	001a      	movs	r2, r3
1000241e:	3237      	adds	r2, #55	@ 0x37
10002420:	2b09      	cmp	r3, #9
10002422:	d801      	bhi.n	10002428 <pico_get_unique_board_id_string+0x178>
10002424:	3330      	adds	r3, #48	@ 0x30
10002426:	001a      	movs	r2, r3
10002428:	73c2      	strb	r2, [r0, #15]
1000242a:	2910      	cmp	r1, #16
1000242c:	d02c      	beq.n	10002488 <pico_get_unique_board_id_string+0x1d8>
1000242e:	3010      	adds	r0, #16
10002430:	2300      	movs	r3, #0
10002432:	7003      	strb	r3, [r0, #0]
10002434:	bd30      	pop	{r4, r5, pc}
10002436:	3237      	adds	r2, #55	@ 0x37
10002438:	0014      	movs	r4, r2
1000243a:	e746      	b.n	100022ca <pico_get_unique_board_id_string+0x1a>
1000243c:	3237      	adds	r2, #55	@ 0x37
1000243e:	0014      	movs	r4, r2
10002440:	e74f      	b.n	100022e2 <pico_get_unique_board_id_string+0x32>
10002442:	3237      	adds	r2, #55	@ 0x37
10002444:	0014      	movs	r4, r2
10002446:	e758      	b.n	100022fa <pico_get_unique_board_id_string+0x4a>
10002448:	3237      	adds	r2, #55	@ 0x37
1000244a:	0014      	movs	r4, r2
1000244c:	e761      	b.n	10002312 <pico_get_unique_board_id_string+0x62>
1000244e:	3237      	adds	r2, #55	@ 0x37
10002450:	0014      	movs	r4, r2
10002452:	e76a      	b.n	1000232a <pico_get_unique_board_id_string+0x7a>
10002454:	3237      	adds	r2, #55	@ 0x37
10002456:	0014      	movs	r4, r2
10002458:	e773      	b.n	10002342 <pico_get_unique_board_id_string+0x92>
1000245a:	3507      	adds	r5, #7
1000245c:	46ac      	mov	ip, r5
1000245e:	4494      	add	ip, r2
10002460:	e77b      	b.n	1000235a <pico_get_unique_board_id_string+0xaa>
10002462:	3237      	adds	r2, #55	@ 0x37
10002464:	0014      	movs	r4, r2
10002466:	e784      	b.n	10002372 <pico_get_unique_board_id_string+0xc2>
10002468:	3507      	adds	r5, #7
1000246a:	46ac      	mov	ip, r5
1000246c:	4494      	add	ip, r2
1000246e:	e78c      	b.n	1000238a <pico_get_unique_board_id_string+0xda>
10002470:	3237      	adds	r2, #55	@ 0x37
10002472:	0014      	movs	r4, r2
10002474:	e794      	b.n	100023a0 <pico_get_unique_board_id_string+0xf0>
10002476:	3507      	adds	r5, #7
10002478:	46ac      	mov	ip, r5
1000247a:	4494      	add	ip, r2
1000247c:	e79b      	b.n	100023b6 <pico_get_unique_board_id_string+0x106>
1000247e:	3237      	adds	r2, #55	@ 0x37
10002480:	0014      	movs	r4, r2
10002482:	72c4      	strb	r4, [r0, #11]
10002484:	290c      	cmp	r1, #12
10002486:	d1a3      	bne.n	100023d0 <pico_get_unique_board_id_string+0x120>
10002488:	1840      	adds	r0, r0, r1
1000248a:	e7d1      	b.n	10002430 <pico_get_unique_board_id_string+0x180>
1000248c:	20001c14 	.word	0x20001c14

10002490 <flash_get_unique_id>:
10002490:	b510      	push	{r4, lr}
10002492:	b088      	sub	sp, #32
10002494:	0004      	movs	r4, r0
10002496:	220d      	movs	r2, #13
10002498:	2100      	movs	r1, #0
1000249a:	4668      	mov	r0, sp
1000249c:	f7ff fb28 	bl	10001af0 <__wrap_memset>
100024a0:	220d      	movs	r2, #13
100024a2:	2100      	movs	r1, #0
100024a4:	a804      	add	r0, sp, #16
100024a6:	f7ff fb23 	bl	10001af0 <__wrap_memset>
100024aa:	466a      	mov	r2, sp
100024ac:	234b      	movs	r3, #75	@ 0x4b
100024ae:	4668      	mov	r0, sp
100024b0:	7013      	strb	r3, [r2, #0]
100024b2:	a904      	add	r1, sp, #16
100024b4:	2300      	movs	r3, #0
100024b6:	220d      	movs	r2, #13
100024b8:	f001 fe8a 	bl	100041d0 <__flash_do_cmd_cs_veneer>
100024bc:	2115      	movs	r1, #21
100024be:	2208      	movs	r2, #8
100024c0:	0020      	movs	r0, r4
100024c2:	4469      	add	r1, sp
100024c4:	f7ff fb1a 	bl	10001afc <__wrap___aeabi_memcpy>
100024c8:	b008      	add	sp, #32
100024ca:	bd10      	pop	{r4, pc}

100024cc <usb_reset_interface_init>:
100024cc:	4770      	bx	lr
100024ce:	46c0      	nop			@ (mov r8, r8)

100024d0 <usb_reset_interface_reset>:
100024d0:	2200      	movs	r2, #0
100024d2:	4b01      	ldr	r3, [pc, #4]	@ (100024d8 <usb_reset_interface_reset+0x8>)
100024d4:	701a      	strb	r2, [r3, #0]
100024d6:	4770      	bx	lr
100024d8:	20001c42 	.word	0x20001c42

100024dc <usb_reset_interface_open>:
100024dc:	794b      	ldrb	r3, [r1, #5]
100024de:	2000      	movs	r0, #0
100024e0:	2bff      	cmp	r3, #255	@ 0xff
100024e2:	d10b      	bne.n	100024fc <usb_reset_interface_open+0x20>
100024e4:	798b      	ldrb	r3, [r1, #6]
100024e6:	2b00      	cmp	r3, #0
100024e8:	d108      	bne.n	100024fc <usb_reset_interface_open+0x20>
100024ea:	79cb      	ldrb	r3, [r1, #7]
100024ec:	2b01      	cmp	r3, #1
100024ee:	d105      	bne.n	100024fc <usb_reset_interface_open+0x20>
100024f0:	2a08      	cmp	r2, #8
100024f2:	d903      	bls.n	100024fc <usb_reset_interface_open+0x20>
100024f4:	4b02      	ldr	r3, [pc, #8]	@ (10002500 <usb_reset_interface_open+0x24>)
100024f6:	788a      	ldrb	r2, [r1, #2]
100024f8:	3009      	adds	r0, #9
100024fa:	701a      	strb	r2, [r3, #0]
100024fc:	4770      	bx	lr
100024fe:	46c0      	nop			@ (mov r8, r8)
10002500:	20001c42 	.word	0x20001c42

10002504 <usb_reset_interface_xfer_cb>:
10002504:	2001      	movs	r0, #1
10002506:	4770      	bx	lr

10002508 <usb_reset_interface_control_xfer_cb>:
10002508:	b510      	push	{r4, lr}
1000250a:	2901      	cmp	r1, #1
1000250c:	d113      	bne.n	10002536 <usb_reset_interface_control_xfer_cb+0x2e>
1000250e:	4915      	ldr	r1, [pc, #84]	@ (10002564 <usb_reset_interface_control_xfer_cb+0x5c>)
10002510:	7953      	ldrb	r3, [r2, #5]
10002512:	7910      	ldrb	r0, [r2, #4]
10002514:	7809      	ldrb	r1, [r1, #0]
10002516:	021b      	lsls	r3, r3, #8
10002518:	4303      	orrs	r3, r0
1000251a:	2000      	movs	r0, #0
1000251c:	4299      	cmp	r1, r3
1000251e:	d000      	beq.n	10002522 <usb_reset_interface_control_xfer_cb+0x1a>
10002520:	bd10      	pop	{r4, pc}
10002522:	7853      	ldrb	r3, [r2, #1]
10002524:	2b01      	cmp	r3, #1
10002526:	d008      	beq.n	1000253a <usb_reset_interface_control_xfer_cb+0x32>
10002528:	2b02      	cmp	r3, #2
1000252a:	d1f9      	bne.n	10002520 <usb_reset_interface_control_xfer_cb+0x18>
1000252c:	2264      	movs	r2, #100	@ 0x64
1000252e:	2100      	movs	r1, #0
10002530:	2000      	movs	r0, #0
10002532:	f7ff f809 	bl	10001548 <watchdog_reboot>
10002536:	2001      	movs	r0, #1
10002538:	e7f2      	b.n	10002520 <usb_reset_interface_control_xfer_cb+0x18>
1000253a:	78d1      	ldrb	r1, [r2, #3]
1000253c:	7893      	ldrb	r3, [r2, #2]
1000253e:	0209      	lsls	r1, r1, #8
10002540:	4319      	orrs	r1, r3
10002542:	2380      	movs	r3, #128	@ 0x80
10002544:	000a      	movs	r2, r1
10002546:	005b      	lsls	r3, r3, #1
10002548:	401a      	ands	r2, r3
1000254a:	4219      	tst	r1, r3
1000254c:	d006      	beq.n	1000255c <usb_reset_interface_control_xfer_cb+0x54>
1000254e:	060a      	lsls	r2, r1, #24
10002550:	0fd2      	lsrs	r2, r2, #31
10002552:	0a48      	lsrs	r0, r1, #9
10002554:	2303      	movs	r3, #3
10002556:	4019      	ands	r1, r3
10002558:	f7ff f87e 	bl	10001658 <rom_reset_usb_boot_extra>
1000255c:	2001      	movs	r0, #1
1000255e:	4240      	negs	r0, r0
10002560:	e7f8      	b.n	10002554 <usb_reset_interface_control_xfer_cb+0x4c>
10002562:	46c0      	nop			@ (mov r8, r8)
10002564:	20001c42 	.word	0x20001c42

10002568 <tud_descriptor_bos_cb>:
10002568:	4800      	ldr	r0, [pc, #0]	@ (1000256c <tud_descriptor_bos_cb+0x4>)
1000256a:	4770      	bx	lr
1000256c:	100045d4 	.word	0x100045d4

10002570 <tud_vendor_control_xfer_cb>:
10002570:	4694      	mov	ip, r2
10002572:	2301      	movs	r3, #1
10002574:	b510      	push	{r4, lr}
10002576:	2901      	cmp	r1, #1
10002578:	d10a      	bne.n	10002590 <tud_vendor_control_xfer_cb+0x20>
1000257a:	7852      	ldrb	r2, [r2, #1]
1000257c:	2300      	movs	r3, #0
1000257e:	2a01      	cmp	r2, #1
10002580:	d106      	bne.n	10002590 <tud_vendor_control_xfer_cb+0x20>
10002582:	4662      	mov	r2, ip
10002584:	7911      	ldrb	r1, [r2, #4]
10002586:	7952      	ldrb	r2, [r2, #5]
10002588:	0212      	lsls	r2, r2, #8
1000258a:	430a      	orrs	r2, r1
1000258c:	2a07      	cmp	r2, #7
1000258e:	d001      	beq.n	10002594 <tud_vendor_control_xfer_cb+0x24>
10002590:	0018      	movs	r0, r3
10002592:	bd10      	pop	{r4, pc}
10002594:	33a6      	adds	r3, #166	@ 0xa6
10002596:	4661      	mov	r1, ip
10002598:	4a02      	ldr	r2, [pc, #8]	@ (100025a4 <tud_vendor_control_xfer_cb+0x34>)
1000259a:	f000 feeb 	bl	10003374 <tud_control_xfer>
1000259e:	0003      	movs	r3, r0
100025a0:	e7f6      	b.n	10002590 <tud_vendor_control_xfer_cb+0x20>
100025a2:	46c0      	nop			@ (mov r8, r8)
100025a4:	1000452c 	.word	0x1000452c

100025a8 <usbd_app_driver_get_cb>:
100025a8:	2301      	movs	r3, #1
100025aa:	7003      	strb	r3, [r0, #0]
100025ac:	4800      	ldr	r0, [pc, #0]	@ (100025b0 <usbd_app_driver_get_cb+0x8>)
100025ae:	4770      	bx	lr
100025b0:	100045f8 	.word	0x100045f8

100025b4 <tud_cdc_line_coding_cb>:
100025b4:	784b      	ldrb	r3, [r1, #1]
100025b6:	780a      	ldrb	r2, [r1, #0]
100025b8:	021b      	lsls	r3, r3, #8
100025ba:	4313      	orrs	r3, r2
100025bc:	788a      	ldrb	r2, [r1, #2]
100025be:	b510      	push	{r4, lr}
100025c0:	0412      	lsls	r2, r2, #16
100025c2:	431a      	orrs	r2, r3
100025c4:	78cb      	ldrb	r3, [r1, #3]
100025c6:	061b      	lsls	r3, r3, #24
100025c8:	4313      	orrs	r3, r2
100025ca:	2296      	movs	r2, #150	@ 0x96
100025cc:	00d2      	lsls	r2, r2, #3
100025ce:	4293      	cmp	r3, r2
100025d0:	d000      	beq.n	100025d4 <tud_cdc_line_coding_cb+0x20>
100025d2:	bd10      	pop	{r4, pc}
100025d4:	2200      	movs	r2, #0
100025d6:	2001      	movs	r0, #1
100025d8:	0011      	movs	r1, r2
100025da:	4240      	negs	r0, r0
100025dc:	f7ff f83c 	bl	10001658 <rom_reset_usb_boot_extra>

100025e0 <dcd_init>:
100025e0:	b5f8      	push	{r3, r4, r5, r6, r7, lr}
100025e2:	f000 f93b 	bl	1000285c <rp2040_usb_init>
100025e6:	230c      	movs	r3, #12
100025e8:	4d19      	ldr	r5, [pc, #100]	@ (10002650 <dcd_init+0x70>)
100025ea:	22ff      	movs	r2, #255	@ 0xff
100025ec:	67ab      	str	r3, [r5, #120]	@ 0x78
100025ee:	2005      	movs	r0, #5
100025f0:	4918      	ldr	r1, [pc, #96]	@ (10002654 <dcd_init+0x74>)
100025f2:	f7fe f801 	bl	100005f8 <irq_add_shared_handler>
100025f6:	4c18      	ldr	r4, [pc, #96]	@ (10002658 <dcd_init+0x78>)
100025f8:	2240      	movs	r2, #64	@ 0x40
100025fa:	2100      	movs	r1, #0
100025fc:	0020      	movs	r0, r4
100025fe:	f7ff fa77 	bl	10001af0 <__wrap_memset>
10002602:	2740      	movs	r7, #64	@ 0x40
10002604:	2300      	movs	r3, #0
10002606:	2601      	movs	r6, #1
10002608:	2121      	movs	r1, #33	@ 0x21
1000260a:	4a14      	ldr	r2, [pc, #80]	@ (1000265c <dcd_init+0x7c>)
1000260c:	7066      	strb	r6, [r4, #1]
1000260e:	8327      	strh	r7, [r4, #24]
10002610:	60a2      	str	r2, [r4, #8]
10002612:	6013      	str	r3, [r2, #0]
10002614:	5463      	strb	r3, [r4, r1]
10002616:	315f      	adds	r1, #95	@ 0x5f
10002618:	8461      	strh	r1, [r4, #34]	@ 0x22
1000261a:	3945      	subs	r1, #69	@ 0x45
1000261c:	5463      	strb	r3, [r4, r1]
1000261e:	4a10      	ldr	r2, [pc, #64]	@ (10002660 <dcd_init+0x80>)
10002620:	4910      	ldr	r1, [pc, #64]	@ (10002664 <dcd_init+0x84>)
10002622:	6063      	str	r3, [r4, #4]
10002624:	60e2      	str	r2, [r4, #12]
10002626:	8727      	strh	r7, [r4, #56]	@ 0x38
10002628:	62a1      	str	r1, [r4, #40]	@ 0x28
1000262a:	600b      	str	r3, [r1, #0]
1000262c:	6263      	str	r3, [r4, #36]	@ 0x24
1000262e:	62e2      	str	r2, [r4, #44]	@ 0x2c
10002630:	f001 fdae 	bl	10004190 <__reset_non_control_endpoints_veneer>
10002634:	2380      	movs	r3, #128	@ 0x80
10002636:	059b      	lsls	r3, r3, #22
10002638:	642e      	str	r6, [r5, #64]	@ 0x40
1000263a:	64eb      	str	r3, [r5, #76]	@ 0x4c
1000263c:	2390      	movs	r3, #144	@ 0x90
1000263e:	4a0a      	ldr	r2, [pc, #40]	@ (10002668 <dcd_init+0x88>)
10002640:	2001      	movs	r0, #1
10002642:	50ea      	str	r2, [r5, r3]
10002644:	2280      	movs	r2, #128	@ 0x80
10002646:	4b09      	ldr	r3, [pc, #36]	@ (1000266c <dcd_init+0x8c>)
10002648:	0252      	lsls	r2, r2, #9
1000264a:	64da      	str	r2, [r3, #76]	@ 0x4c
1000264c:	bdf8      	pop	{r3, r4, r5, r6, r7, pc}
1000264e:	46c0      	nop			@ (mov r8, r8)
10002650:	50110000 	.word	0x50110000
10002654:	200004c1 	.word	0x200004c1
10002658:	200017f0 	.word	0x200017f0
1000265c:	50100084 	.word	0x50100084
10002660:	50100100 	.word	0x50100100
10002664:	50100080 	.word	0x50100080
10002668:	0001d010 	.word	0x0001d010
1000266c:	50112000 	.word	0x50112000

10002670 <dcd_int_enable>:
10002670:	b510      	push	{r4, lr}
10002672:	2101      	movs	r1, #1
10002674:	2005      	movs	r0, #5
10002676:	f7fd ff5f 	bl	10000538 <irq_set_enabled>
1000267a:	bd10      	pop	{r4, pc}

1000267c <dcd_set_address>:
1000267c:	b510      	push	{r4, lr}
1000267e:	2200      	movs	r2, #0
10002680:	2100      	movs	r1, #0
10002682:	4802      	ldr	r0, [pc, #8]	@ (1000268c <dcd_set_address+0x10>)
10002684:	f000 f90a 	bl	1000289c <hw_endpoint_xfer_start>
10002688:	bd10      	pop	{r4, pc}
1000268a:	46c0      	nop			@ (mov r8, r8)
1000268c:	20001810 	.word	0x20001810

10002690 <dcd_sof_enable>:
10002690:	4b04      	ldr	r3, [pc, #16]	@ (100026a4 <dcd_sof_enable+0x14>)
10002692:	7019      	strb	r1, [r3, #0]
10002694:	2900      	cmp	r1, #0
10002696:	d004      	beq.n	100026a2 <dcd_sof_enable+0x12>
10002698:	2180      	movs	r1, #128	@ 0x80
1000269a:	2390      	movs	r3, #144	@ 0x90
1000269c:	4a02      	ldr	r2, [pc, #8]	@ (100026a8 <dcd_sof_enable+0x18>)
1000269e:	0289      	lsls	r1, r1, #10
100026a0:	50d1      	str	r1, [r2, r3]
100026a2:	4770      	bx	lr
100026a4:	20001c3e 	.word	0x20001c3e
100026a8:	50112000 	.word	0x50112000

100026ac <dcd_edpt0_status_complete>:
100026ac:	780b      	ldrb	r3, [r1, #0]
100026ae:	065b      	lsls	r3, r3, #25
100026b0:	d000      	beq.n	100026b4 <dcd_edpt0_status_complete+0x8>
100026b2:	4770      	bx	lr
100026b4:	784b      	ldrb	r3, [r1, #1]
100026b6:	2b05      	cmp	r3, #5
100026b8:	d1fb      	bne.n	100026b2 <dcd_edpt0_status_complete+0x6>
100026ba:	788a      	ldrb	r2, [r1, #2]
100026bc:	4b01      	ldr	r3, [pc, #4]	@ (100026c4 <dcd_edpt0_status_complete+0x18>)
100026be:	601a      	str	r2, [r3, #0]
100026c0:	e7f7      	b.n	100026b2 <dcd_edpt0_status_complete+0x6>
100026c2:	46c0      	nop			@ (mov r8, r8)
100026c4:	50110000 	.word	0x50110000

100026c8 <dcd_edpt_open>:
100026c8:	b5f8      	push	{r3, r4, r5, r6, r7, lr}
100026ca:	46ce      	mov	lr, r9
100026cc:	4647      	mov	r7, r8
100026ce:	78cb      	ldrb	r3, [r1, #3]
100026d0:	b580      	push	{r7, lr}
100026d2:	079b      	lsls	r3, r3, #30
100026d4:	0f9a      	lsrs	r2, r3, #30
100026d6:	0010      	movs	r0, r2
100026d8:	2a01      	cmp	r2, #1
100026da:	d058      	beq.n	1000278e <dcd_edpt_open+0xc6>
100026dc:	788c      	ldrb	r4, [r1, #2]
100026de:	790a      	ldrb	r2, [r1, #4]
100026e0:	794b      	ldrb	r3, [r1, #5]
100026e2:	217f      	movs	r1, #127	@ 0x7f
100026e4:	021b      	lsls	r3, r3, #8
100026e6:	4021      	ands	r1, r4
100026e8:	09e5      	lsrs	r5, r4, #7
100026ea:	4313      	orrs	r3, r2
100026ec:	004a      	lsls	r2, r1, #1
100026ee:	4691      	mov	r9, r2
100026f0:	4e2c      	ldr	r6, [pc, #176]	@ (100027a4 <dcd_edpt_open+0xdc>)
100026f2:	1952      	adds	r2, r2, r5
100026f4:	0152      	lsls	r2, r2, #5
100026f6:	18b2      	adds	r2, r6, r2
100026f8:	7094      	strb	r4, [r2, #2]
100026fa:	2401      	movs	r4, #1
100026fc:	406c      	eors	r4, r5
100026fe:	7054      	strb	r4, [r2, #1]
10002700:	2400      	movs	r4, #0
10002702:	055b      	lsls	r3, r3, #21
10002704:	0d5b      	lsrs	r3, r3, #21
10002706:	70d4      	strb	r4, [r2, #3]
10002708:	8313      	strh	r3, [r2, #24]
1000270a:	76d0      	strb	r0, [r2, #27]
1000270c:	00ca      	lsls	r2, r1, #3
1000270e:	2d01      	cmp	r5, #1
10002710:	d02c      	beq.n	1000276c <dcd_edpt_open+0xa4>
10002712:	4f25      	ldr	r7, [pc, #148]	@ (100027a8 <dcd_edpt_open+0xe0>)
10002714:	19d2      	adds	r2, r2, r7
10002716:	018f      	lsls	r7, r1, #6
10002718:	46bc      	mov	ip, r7
1000271a:	44b4      	add	ip, r6
1000271c:	4667      	mov	r7, ip
1000271e:	60ba      	str	r2, [r7, #8]
10002720:	6014      	str	r4, [r2, #0]
10002722:	2900      	cmp	r1, #0
10002724:	d02c      	beq.n	10002780 <dcd_edpt_open+0xb8>
10002726:	4a21      	ldr	r2, [pc, #132]	@ (100027ac <dcd_edpt_open+0xe4>)
10002728:	00c9      	lsls	r1, r1, #3
1000272a:	1889      	adds	r1, r1, r2
1000272c:	6079      	str	r1, [r7, #4]
1000272e:	333f      	adds	r3, #63	@ 0x3f
10002730:	099b      	lsrs	r3, r3, #6
10002732:	2802      	cmp	r0, #2
10002734:	d032      	beq.n	1000279c <dcd_edpt_open+0xd4>
10002736:	019a      	lsls	r2, r3, #6
10002738:	464b      	mov	r3, r9
1000273a:	4c1d      	ldr	r4, [pc, #116]	@ (100027b0 <dcd_edpt_open+0xe8>)
1000273c:	195b      	adds	r3, r3, r5
1000273e:	6821      	ldr	r1, [r4, #0]
10002740:	015b      	lsls	r3, r3, #5
10002742:	18f6      	adds	r6, r6, r3
10002744:	4b1b      	ldr	r3, [pc, #108]	@ (100027b4 <dcd_edpt_open+0xec>)
10002746:	188a      	adds	r2, r1, r2
10002748:	60f1      	str	r1, [r6, #12]
1000274a:	6022      	str	r2, [r4, #0]
1000274c:	429a      	cmp	r2, r3
1000274e:	d827      	bhi.n	100027a0 <dcd_edpt_open+0xd8>
10002750:	4a19      	ldr	r2, [pc, #100]	@ (100027b8 <dcd_edpt_open+0xf0>)
10002752:	0683      	lsls	r3, r0, #26
10002754:	404a      	eors	r2, r1
10002756:	4313      	orrs	r3, r2
10002758:	2280      	movs	r2, #128	@ 0x80
1000275a:	0612      	lsls	r2, r2, #24
1000275c:	4313      	orrs	r3, r2
1000275e:	6872      	ldr	r2, [r6, #4]
10002760:	6013      	str	r3, [r2, #0]
10002762:	2001      	movs	r0, #1
10002764:	bcc0      	pop	{r6, r7}
10002766:	46b9      	mov	r9, r7
10002768:	46b0      	mov	r8, r6
1000276a:	bdf8      	pop	{r3, r4, r5, r6, r7, pc}
1000276c:	4f13      	ldr	r7, [pc, #76]	@ (100027bc <dcd_edpt_open+0xf4>)
1000276e:	19d2      	adds	r2, r2, r7
10002770:	018f      	lsls	r7, r1, #6
10002772:	46bc      	mov	ip, r7
10002774:	44b4      	add	ip, r6
10002776:	4667      	mov	r7, ip
10002778:	62ba      	str	r2, [r7, #40]	@ 0x28
1000277a:	6014      	str	r4, [r2, #0]
1000277c:	2900      	cmp	r1, #0
1000277e:	d108      	bne.n	10002792 <dcd_edpt_open+0xca>
10002780:	2300      	movs	r3, #0
10002782:	016d      	lsls	r5, r5, #5
10002784:	1975      	adds	r5, r6, r5
10002786:	606b      	str	r3, [r5, #4]
10002788:	4b0d      	ldr	r3, [pc, #52]	@ (100027c0 <dcd_edpt_open+0xf8>)
1000278a:	60eb      	str	r3, [r5, #12]
1000278c:	e7e9      	b.n	10002762 <dcd_edpt_open+0x9a>
1000278e:	2000      	movs	r0, #0
10002790:	e7e8      	b.n	10002764 <dcd_edpt_open+0x9c>
10002792:	4a09      	ldr	r2, [pc, #36]	@ (100027b8 <dcd_edpt_open+0xf0>)
10002794:	00c9      	lsls	r1, r1, #3
10002796:	1889      	adds	r1, r1, r2
10002798:	6279      	str	r1, [r7, #36]	@ 0x24
1000279a:	e7c8      	b.n	1000272e <dcd_edpt_open+0x66>
1000279c:	01da      	lsls	r2, r3, #7
1000279e:	e7cb      	b.n	10002738 <dcd_edpt_open+0x70>
100027a0:	f7fe ff82 	bl	100016a8 <hard_assertion_failure>
100027a4:	200017f0 	.word	0x200017f0
100027a8:	50100084 	.word	0x50100084
100027ac:	50100004 	.word	0x50100004
100027b0:	20001bf8 	.word	0x20001bf8
100027b4:	50100fff 	.word	0x50100fff
100027b8:	50100000 	.word	0x50100000
100027bc:	50100080 	.word	0x50100080
100027c0:	50100100 	.word	0x50100100

100027c4 <dcd_edpt_close_all>:
100027c4:	b510      	push	{r4, lr}
100027c6:	f001 fce3 	bl	10004190 <__reset_non_control_endpoints_veneer>
100027ca:	bd10      	pop	{r4, pc}

100027cc <dcd_edpt_xfer>:
100027cc:	207f      	movs	r0, #127	@ 0x7f
100027ce:	b510      	push	{r4, lr}
100027d0:	4008      	ands	r0, r1
100027d2:	0040      	lsls	r0, r0, #1
100027d4:	09c9      	lsrs	r1, r1, #7
100027d6:	1840      	adds	r0, r0, r1
100027d8:	0011      	movs	r1, r2
100027da:	4a04      	ldr	r2, [pc, #16]	@ (100027ec <dcd_edpt_xfer+0x20>)
100027dc:	0140      	lsls	r0, r0, #5
100027de:	1880      	adds	r0, r0, r2
100027e0:	001a      	movs	r2, r3
100027e2:	f000 f85b 	bl	1000289c <hw_endpoint_xfer_start>
100027e6:	2001      	movs	r0, #1
100027e8:	bd10      	pop	{r4, pc}
100027ea:	46c0      	nop			@ (mov r8, r8)
100027ec:	200017f0 	.word	0x200017f0

100027f0 <dcd_edpt_stall>:
100027f0:	237f      	movs	r3, #127	@ 0x7f
100027f2:	0018      	movs	r0, r3
100027f4:	b500      	push	{lr}
100027f6:	4008      	ands	r0, r1
100027f8:	b083      	sub	sp, #12
100027fa:	420b      	tst	r3, r1
100027fc:	d104      	bne.n	10002808 <dcd_edpt_stall+0x18>
100027fe:	424b      	negs	r3, r1
10002800:	414b      	adcs	r3, r1
10002802:	4a08      	ldr	r2, [pc, #32]	@ (10002824 <dcd_edpt_stall+0x34>)
10002804:	3301      	adds	r3, #1
10002806:	6693      	str	r3, [r2, #104]	@ 0x68
10002808:	2280      	movs	r2, #128	@ 0x80
1000280a:	09c9      	lsrs	r1, r1, #7
1000280c:	0040      	lsls	r0, r0, #1
1000280e:	4b06      	ldr	r3, [pc, #24]	@ (10002828 <dcd_edpt_stall+0x38>)
10002810:	1840      	adds	r0, r0, r1
10002812:	0140      	lsls	r0, r0, #5
10002814:	2100      	movs	r1, #0
10002816:	18c0      	adds	r0, r0, r3
10002818:	0112      	lsls	r2, r2, #4
1000281a:	f001 fcc9 	bl	100041b0 <___hw_endpoint_buffer_control_update32_veneer>
1000281e:	b003      	add	sp, #12
10002820:	bd00      	pop	{pc}
10002822:	46c0      	nop			@ (mov r8, r8)
10002824:	50112000 	.word	0x50112000
10002828:	200017f0 	.word	0x200017f0

1000282c <dcd_edpt_clear_stall>:
1000282c:	227f      	movs	r2, #127	@ 0x7f
1000282e:	0013      	movs	r3, r2
10002830:	b510      	push	{r4, lr}
10002832:	400b      	ands	r3, r1
10002834:	420a      	tst	r2, r1
10002836:	d100      	bne.n	1000283a <dcd_edpt_clear_stall+0xe>
10002838:	bd10      	pop	{r4, pc}
1000283a:	09c9      	lsrs	r1, r1, #7
1000283c:	005b      	lsls	r3, r3, #1
1000283e:	185b      	adds	r3, r3, r1
10002840:	4804      	ldr	r0, [pc, #16]	@ (10002854 <dcd_edpt_clear_stall+0x28>)
10002842:	015b      	lsls	r3, r3, #5
10002844:	18c0      	adds	r0, r0, r3
10002846:	2300      	movs	r3, #0
10002848:	2200      	movs	r2, #0
1000284a:	4903      	ldr	r1, [pc, #12]	@ (10002858 <dcd_edpt_clear_stall+0x2c>)
1000284c:	70c3      	strb	r3, [r0, #3]
1000284e:	f001 fcaf 	bl	100041b0 <___hw_endpoint_buffer_control_update32_veneer>
10002852:	e7f1      	b.n	10002838 <dcd_edpt_clear_stall+0xc>
10002854:	200017f0 	.word	0x200017f0
10002858:	fffff7ff 	.word	0xfffff7ff

1000285c <rp2040_usb_init>:
1000285c:	2280      	movs	r2, #128	@ 0x80
1000285e:	4b0a      	ldr	r3, [pc, #40]	@ (10002888 <rp2040_usb_init+0x2c>)
10002860:	0452      	lsls	r2, r2, #17
10002862:	b510      	push	{r4, lr}
10002864:	601a      	str	r2, [r3, #0]
10002866:	4b09      	ldr	r3, [pc, #36]	@ (1000288c <rp2040_usb_init+0x30>)
10002868:	4909      	ldr	r1, [pc, #36]	@ (10002890 <rp2040_usb_init+0x34>)
1000286a:	601a      	str	r2, [r3, #0]
1000286c:	0010      	movs	r0, r2
1000286e:	680b      	ldr	r3, [r1, #0]
10002870:	4398      	bics	r0, r3
10002872:	d1fb      	bne.n	1000286c <rp2040_usb_init+0x10>
10002874:	2280      	movs	r2, #128	@ 0x80
10002876:	2100      	movs	r1, #0
10002878:	0152      	lsls	r2, r2, #5
1000287a:	4806      	ldr	r0, [pc, #24]	@ (10002894 <rp2040_usb_init+0x38>)
1000287c:	f7ff f938 	bl	10001af0 <__wrap_memset>
10002880:	2209      	movs	r2, #9
10002882:	4b05      	ldr	r3, [pc, #20]	@ (10002898 <rp2040_usb_init+0x3c>)
10002884:	675a      	str	r2, [r3, #116]	@ 0x74
10002886:	bd10      	pop	{r4, pc}
10002888:	4000e000 	.word	0x4000e000
1000288c:	4000f000 	.word	0x4000f000
10002890:	4000c008 	.word	0x4000c008
10002894:	50100000 	.word	0x50100000
10002898:	50110000 	.word	0x50110000

1000289c <hw_endpoint_xfer_start>:
1000289c:	2300      	movs	r3, #0
1000289e:	b510      	push	{r4, lr}
100028a0:	82c3      	strh	r3, [r0, #22]
100028a2:	3301      	adds	r3, #1
100028a4:	8282      	strh	r2, [r0, #20]
100028a6:	7683      	strb	r3, [r0, #26]
100028a8:	6101      	str	r1, [r0, #16]
100028aa:	0004      	movs	r4, r0
100028ac:	f001 fca8 	bl	10004200 <__e15_is_bulkin_ep_veneer>
100028b0:	2800      	cmp	r0, #0
100028b2:	d004      	beq.n	100028be <hw_endpoint_xfer_start+0x22>
100028b4:	2180      	movs	r1, #128	@ 0x80
100028b6:	2390      	movs	r3, #144	@ 0x90
100028b8:	4a07      	ldr	r2, [pc, #28]	@ (100028d8 <hw_endpoint_xfer_start+0x3c>)
100028ba:	0289      	lsls	r1, r1, #10
100028bc:	50d1      	str	r1, [r2, r3]
100028be:	0020      	movs	r0, r4
100028c0:	f001 fc8e 	bl	100041e0 <__e15_is_critical_frame_period_veneer>
100028c4:	2800      	cmp	r0, #0
100028c6:	d002      	beq.n	100028ce <hw_endpoint_xfer_start+0x32>
100028c8:	2301      	movs	r3, #1
100028ca:	7723      	strb	r3, [r4, #28]
100028cc:	bd10      	pop	{r4, pc}
100028ce:	0020      	movs	r0, r4
100028d0:	f001 fc56 	bl	10004180 <__hw_endpoint_start_next_buffer_veneer>
100028d4:	e7fa      	b.n	100028cc <hw_endpoint_xfer_start+0x30>
100028d6:	46c0      	nop			@ (mov r8, r8)
100028d8:	50112000 	.word	0x50112000

100028dc <tud_event_hook_cb>:
100028dc:	4770      	bx	lr
100028de:	46c0      	nop			@ (mov r8, r8)

100028e0 <tud_sof_cb>:
100028e0:	4770      	bx	lr
100028e2:	46c0      	nop			@ (mov r8, r8)

100028e4 <tud_descriptor_device_qualifier_cb>:
100028e4:	2000      	movs	r0, #0
100028e6:	4770      	bx	lr

100028e8 <tud_descriptor_other_speed_configuration_cb>:
100028e8:	2000      	movs	r0, #0
100028ea:	4770      	bx	lr

100028ec <tud_mount_cb>:
100028ec:	4770      	bx	lr
100028ee:	46c0      	nop			@ (mov r8, r8)

100028f0 <tud_umount_cb>:
100028f0:	4770      	bx	lr
100028f2:	46c0      	nop			@ (mov r8, r8)

100028f4 <tud_suspend_cb>:
100028f4:	4770      	bx	lr
100028f6:	46c0      	nop			@ (mov r8, r8)

100028f8 <tud_resume_cb>:
100028f8:	4770      	bx	lr
100028fa:	46c0      	nop			@ (mov r8, r8)

100028fc <tud_mounted>:
100028fc:	4b02      	ldr	r3, [pc, #8]	@ (10002908 <tud_mounted+0xc>)
100028fe:	7858      	ldrb	r0, [r3, #1]
10002900:	1e43      	subs	r3, r0, #1
10002902:	4198      	sbcs	r0, r3
10002904:	b2c0      	uxtb	r0, r0
10002906:	4770      	bx	lr
10002908:	20001568 	.word	0x20001568

1000290c <tud_suspended>:
1000290c:	4b02      	ldr	r3, [pc, #8]	@ (10002918 <tud_suspended+0xc>)
1000290e:	7818      	ldrb	r0, [r3, #0]
10002910:	0740      	lsls	r0, r0, #29
10002912:	0fc0      	lsrs	r0, r0, #31
10002914:	4770      	bx	lr
10002916:	46c0      	nop			@ (mov r8, r8)
10002918:	20001568 	.word	0x20001568

1000291c <tud_rhport_init>:
1000291c:	b5f0      	push	{r4, r5, r6, r7, lr}
1000291e:	46d6      	mov	lr, sl
10002920:	464f      	mov	r7, r9
10002922:	4646      	mov	r6, r8
10002924:	b5c0      	push	{r6, r7, lr}
10002926:	4b2c      	ldr	r3, [pc, #176]	@ (100029d8 <tud_rhport_init+0xbc>)
10002928:	4681      	mov	r9, r0
1000292a:	4698      	mov	r8, r3
1000292c:	781b      	ldrb	r3, [r3, #0]
1000292e:	468a      	mov	sl, r1
10002930:	2bff      	cmp	r3, #255	@ 0xff
10002932:	d14b      	bne.n	100029cc <tud_rhport_init+0xb0>
10002934:	2900      	cmp	r1, #0
10002936:	d03b      	beq.n	100029b0 <tud_rhport_init+0x94>
10002938:	2100      	movs	r1, #0
1000293a:	2254      	movs	r2, #84	@ 0x54
1000293c:	4827      	ldr	r0, [pc, #156]	@ (100029dc <tud_rhport_init+0xc0>)
1000293e:	f7ff f8d7 	bl	10001af0 <__wrap_memset>
10002942:	2200      	movs	r2, #0
10002944:	4c26      	ldr	r4, [pc, #152]	@ (100029e0 <tud_rhport_init+0xc4>)
10002946:	4b27      	ldr	r3, [pc, #156]	@ (100029e4 <tud_rhport_init+0xc8>)
10002948:	0020      	movs	r0, r4
1000294a:	701a      	strb	r2, [r3, #0]
1000294c:	f7fd ffda 	bl	10000904 <mutex_init>
10002950:	4b25      	ldr	r3, [pc, #148]	@ (100029e8 <tud_rhport_init+0xcc>)
10002952:	601c      	str	r4, [r3, #0]
10002954:	4c25      	ldr	r4, [pc, #148]	@ (100029ec <tud_rhport_init+0xd0>)
10002956:	0020      	movs	r0, r4
10002958:	3c14      	subs	r4, #20
1000295a:	f7fd ffe1 	bl	10000920 <critical_section_init>
1000295e:	0020      	movs	r0, r4
10002960:	f001 fb98 	bl	10004094 <tu_fifo_clear>
10002964:	4b22      	ldr	r3, [pc, #136]	@ (100029f0 <tud_rhport_init+0xd4>)
10002966:	4d23      	ldr	r5, [pc, #140]	@ (100029f4 <tud_rhport_init+0xd8>)
10002968:	601c      	str	r4, [r3, #0]
1000296a:	4b23      	ldr	r3, [pc, #140]	@ (100029f8 <tud_rhport_init+0xdc>)
1000296c:	2b00      	cmp	r3, #0
1000296e:	d004      	beq.n	1000297a <tud_rhport_init+0x5e>
10002970:	0028      	movs	r0, r5
10002972:	f7ff fe19 	bl	100025a8 <usbd_app_driver_get_cb>
10002976:	4b21      	ldr	r3, [pc, #132]	@ (100029fc <tud_rhport_init+0xe0>)
10002978:	6018      	str	r0, [r3, #0]
1000297a:	2400      	movs	r4, #0
1000297c:	782b      	ldrb	r3, [r5, #0]
1000297e:	4f20      	ldr	r7, [pc, #128]	@ (10002a00 <tud_rhport_init+0xe4>)
10002980:	4e1e      	ldr	r6, [pc, #120]	@ (100029fc <tud_rhport_init+0xe0>)
10002982:	e00d      	b.n	100029a0 <tud_rhport_init+0x84>
10002984:	6833      	ldr	r3, [r6, #0]
10002986:	0162      	lsls	r2, r4, #5
10002988:	189b      	adds	r3, r3, r2
1000298a:	2b00      	cmp	r3, #0
1000298c:	d010      	beq.n	100029b0 <tud_rhport_init+0x94>
1000298e:	685b      	ldr	r3, [r3, #4]
10002990:	2b00      	cmp	r3, #0
10002992:	d00d      	beq.n	100029b0 <tud_rhport_init+0x94>
10002994:	4798      	blx	r3
10002996:	3401      	adds	r4, #1
10002998:	782b      	ldrb	r3, [r5, #0]
1000299a:	b2e4      	uxtb	r4, r4
1000299c:	42a3      	cmp	r3, r4
1000299e:	d309      	bcc.n	100029b4 <tud_rhport_init+0x98>
100029a0:	42a3      	cmp	r3, r4
100029a2:	d8ef      	bhi.n	10002984 <tud_rhport_init+0x68>
100029a4:	1ae3      	subs	r3, r4, r3
100029a6:	015b      	lsls	r3, r3, #5
100029a8:	19db      	adds	r3, r3, r7
100029aa:	685b      	ldr	r3, [r3, #4]
100029ac:	2b00      	cmp	r3, #0
100029ae:	d1f1      	bne.n	10002994 <tud_rhport_init+0x78>
100029b0:	2000      	movs	r0, #0
100029b2:	e00c      	b.n	100029ce <tud_rhport_init+0xb2>
100029b4:	4642      	mov	r2, r8
100029b6:	464b      	mov	r3, r9
100029b8:	4651      	mov	r1, sl
100029ba:	4648      	mov	r0, r9
100029bc:	7013      	strb	r3, [r2, #0]
100029be:	f7ff fe0f 	bl	100025e0 <dcd_init>
100029c2:	2800      	cmp	r0, #0
100029c4:	d0f4      	beq.n	100029b0 <tud_rhport_init+0x94>
100029c6:	4648      	mov	r0, r9
100029c8:	f7ff fe52 	bl	10002670 <dcd_int_enable>
100029cc:	2001      	movs	r0, #1
100029ce:	bce0      	pop	{r5, r6, r7}
100029d0:	46ba      	mov	sl, r7
100029d2:	46b1      	mov	r9, r6
100029d4:	46a8      	mov	r8, r5
100029d6:	bdf0      	pop	{r4, r5, r6, r7, pc}
100029d8:	20001024 	.word	0x20001024
100029dc:	20001568 	.word	0x20001568
100029e0:	20001560 	.word	0x20001560
100029e4:	20001c3f 	.word	0x20001c3f
100029e8:	200015bc 	.word	0x200015bc
100029ec:	2000101c 	.word	0x2000101c
100029f0:	200015c0 	.word	0x200015c0
100029f4:	20001c3d 	.word	0x20001c3d
100029f8:	100025a9 	.word	0x100025a9
100029fc:	20001480 	.word	0x20001480
10002a00:	100046c0 	.word	0x100046c0

10002a04 <tud_task_ext>:
10002a04:	b5f0      	push	{r4, r5, r6, r7, lr}
10002a06:	46de      	mov	lr, fp
10002a08:	4657      	mov	r7, sl
10002a0a:	464e      	mov	r6, r9
10002a0c:	4645      	mov	r5, r8
10002a0e:	b5e0      	push	{r5, r6, r7, lr}
10002a10:	4bc8      	ldr	r3, [pc, #800]	@ (10002d34 <tud_task_ext+0x330>)
10002a12:	b091      	sub	sp, #68	@ 0x44
10002a14:	9303      	str	r3, [sp, #12]
10002a16:	781b      	ldrb	r3, [r3, #0]
10002a18:	2bff      	cmp	r3, #255	@ 0xff
10002a1a:	d100      	bne.n	10002a1e <tud_task_ext+0x1a>
10002a1c:	e142      	b.n	10002ca4 <tud_task_ext+0x2a0>
10002a1e:	4bc6      	ldr	r3, [pc, #792]	@ (10002d38 <tud_task_ext+0x334>)
10002a20:	4ec6      	ldr	r6, [pc, #792]	@ (10002d3c <tud_task_ext+0x338>)
10002a22:	001f      	movs	r7, r3
10002a24:	4bc6      	ldr	r3, [pc, #792]	@ (10002d40 <tud_task_ext+0x33c>)
10002a26:	ac0d      	add	r4, sp, #52	@ 0x34
10002a28:	9302      	str	r3, [sp, #8]
10002a2a:	4bc6      	ldr	r3, [pc, #792]	@ (10002d44 <tud_task_ext+0x340>)
10002a2c:	9301      	str	r3, [sp, #4]
10002a2e:	6835      	ldr	r5, [r6, #0]
10002a30:	696a      	ldr	r2, [r5, #20]
10002a32:	f3ef 8110 	mrs	r1, PRIMASK
10002a36:	b672      	cpsid	i
10002a38:	6813      	ldr	r3, [r2, #0]
10002a3a:	2b00      	cmp	r3, #0
10002a3c:	d0fc      	beq.n	10002a38 <tud_task_ext+0x34>
10002a3e:	f3bf 8f5f 	dmb	sy
10002a42:	61a9      	str	r1, [r5, #24]
10002a44:	0028      	movs	r0, r5
10002a46:	0021      	movs	r1, r4
10002a48:	f001 f95a 	bl	10003d00 <tu_fifo_read>
10002a4c:	696a      	ldr	r2, [r5, #20]
10002a4e:	69ab      	ldr	r3, [r5, #24]
10002a50:	f3bf 8f5f 	dmb	sy
10002a54:	2100      	movs	r1, #0
10002a56:	6011      	str	r1, [r2, #0]
10002a58:	f383 8810 	msr	PRIMASK, r3
10002a5c:	2800      	cmp	r0, #0
10002a5e:	d100      	bne.n	10002a62 <tud_task_ext+0x5e>
10002a60:	e120      	b.n	10002ca4 <tud_task_ext+0x2a0>
10002a62:	7863      	ldrb	r3, [r4, #1]
10002a64:	2b08      	cmp	r3, #8
10002a66:	d8e2      	bhi.n	10002a2e <tud_task_ext+0x2a>
10002a68:	009b      	lsls	r3, r3, #2
10002a6a:	58fb      	ldr	r3, [r7, r3]
10002a6c:	469f      	mov	pc, r3
10002a6e:	6863      	ldr	r3, [r4, #4]
10002a70:	2b00      	cmp	r3, #0
10002a72:	d0dc      	beq.n	10002a2e <tud_task_ext+0x2a>
10002a74:	68a0      	ldr	r0, [r4, #8]
10002a76:	4798      	blx	r3
10002a78:	e7d9      	b.n	10002a2e <tud_task_ext+0x2a>
10002a7a:	227f      	movs	r2, #127	@ 0x7f
10002a7c:	7921      	ldrb	r1, [r4, #4]
10002a7e:	4db0      	ldr	r5, [pc, #704]	@ (10002d40 <tud_task_ext+0x33c>)
10002a80:	400a      	ands	r2, r1
10002a82:	0053      	lsls	r3, r2, #1
10002a84:	18eb      	adds	r3, r5, r3
10002a86:	4698      	mov	r8, r3
10002a88:	09c8      	lsrs	r0, r1, #7
10002a8a:	4480      	add	r8, r0
10002a8c:	4640      	mov	r0, r8
10002a8e:	2301      	movs	r3, #1
10002a90:	3030      	adds	r0, #48	@ 0x30
10002a92:	7905      	ldrb	r5, [r0, #4]
10002a94:	439d      	bics	r5, r3
10002a96:	7105      	strb	r5, [r0, #4]
10002a98:	7905      	ldrb	r5, [r0, #4]
10002a9a:	3303      	adds	r3, #3
10002a9c:	439d      	bics	r5, r3
10002a9e:	7105      	strb	r5, [r0, #4]
10002aa0:	2a00      	cmp	r2, #0
10002aa2:	d100      	bne.n	10002aa6 <tud_task_ext+0xa2>
10002aa4:	e105      	b.n	10002cb2 <tud_task_ext+0x2ae>
10002aa6:	4643      	mov	r3, r8
10002aa8:	4aa7      	ldr	r2, [pc, #668]	@ (10002d48 <tud_task_ext+0x344>)
10002aaa:	7d1b      	ldrb	r3, [r3, #20]
10002aac:	7812      	ldrb	r2, [r2, #0]
10002aae:	4293      	cmp	r3, r2
10002ab0:	d300      	bcc.n	10002ab4 <tud_task_ext+0xb0>
10002ab2:	e0f5      	b.n	10002ca0 <tud_task_ext+0x29c>
10002ab4:	4aa5      	ldr	r2, [pc, #660]	@ (10002d4c <tud_task_ext+0x348>)
10002ab6:	015b      	lsls	r3, r3, #5
10002ab8:	6815      	ldr	r5, [r2, #0]
10002aba:	18ed      	adds	r5, r5, r3
10002abc:	2d00      	cmp	r5, #0
10002abe:	d100      	bne.n	10002ac2 <tud_task_ext+0xbe>
10002ac0:	e0f0      	b.n	10002ca4 <tud_task_ext+0x2a0>
10002ac2:	68a3      	ldr	r3, [r4, #8]
10002ac4:	7962      	ldrb	r2, [r4, #5]
10002ac6:	7820      	ldrb	r0, [r4, #0]
10002ac8:	69ad      	ldr	r5, [r5, #24]
10002aca:	47a8      	blx	r5
10002acc:	e7af      	b.n	10002a2e <tud_task_ext+0x2a>
10002ace:	4ba0      	ldr	r3, [pc, #640]	@ (10002d50 <tud_task_ext+0x34c>)
10002ad0:	781a      	ldrb	r2, [r3, #0]
10002ad2:	2a00      	cmp	r2, #0
10002ad4:	d100      	bne.n	10002ad8 <tud_task_ext+0xd4>
10002ad6:	e0e5      	b.n	10002ca4 <tud_task_ext+0x2a0>
10002ad8:	781a      	ldrb	r2, [r3, #0]
10002ada:	3a01      	subs	r2, #1
10002adc:	701a      	strb	r2, [r3, #0]
10002ade:	781b      	ldrb	r3, [r3, #0]
10002ae0:	2b00      	cmp	r3, #0
10002ae2:	d1a4      	bne.n	10002a2e <tud_task_ext+0x2a>
10002ae4:	2201      	movs	r2, #1
10002ae6:	4d96      	ldr	r5, [pc, #600]	@ (10002d40 <tud_task_ext+0x33c>)
10002ae8:	2101      	movs	r1, #1
10002aea:	782b      	ldrb	r3, [r5, #0]
10002aec:	2004      	movs	r0, #4
10002aee:	4313      	orrs	r3, r2
10002af0:	702b      	strb	r3, [r5, #0]
10002af2:	2334      	movs	r3, #52	@ 0x34
10002af4:	5cea      	ldrb	r2, [r5, r3]
10002af6:	438a      	bics	r2, r1
10002af8:	54ea      	strb	r2, [r5, r3]
10002afa:	5cea      	ldrb	r2, [r5, r3]
10002afc:	4382      	bics	r2, r0
10002afe:	54ea      	strb	r2, [r5, r3]
10002b00:	3301      	adds	r3, #1
10002b02:	5cea      	ldrb	r2, [r5, r3]
10002b04:	438a      	bics	r2, r1
10002b06:	54ea      	strb	r2, [r5, r3]
10002b08:	5cea      	ldrb	r2, [r5, r3]
10002b0a:	4382      	bics	r2, r0
10002b0c:	54ea      	strb	r2, [r5, r3]
10002b0e:	7823      	ldrb	r3, [r4, #0]
10002b10:	2000      	movs	r0, #0
10002b12:	469b      	mov	fp, r3
10002b14:	f000 fc88 	bl	10003428 <usbd_control_set_complete_callback>
10002b18:	2260      	movs	r2, #96	@ 0x60
10002b1a:	7923      	ldrb	r3, [r4, #4]
10002b1c:	401a      	ands	r2, r3
10002b1e:	2a60      	cmp	r2, #96	@ 0x60
10002b20:	d100      	bne.n	10002b24 <tud_task_ext+0x120>
10002b22:	e0f1      	b.n	10002d08 <tud_task_ext+0x304>
10002b24:	2a40      	cmp	r2, #64	@ 0x40
10002b26:	d100      	bne.n	10002b2a <tud_task_ext+0x126>
10002b28:	e0f7      	b.n	10002d1a <tud_task_ext+0x316>
10002b2a:	06db      	lsls	r3, r3, #27
10002b2c:	0edb      	lsrs	r3, r3, #27
10002b2e:	2b01      	cmp	r3, #1
10002b30:	d100      	bne.n	10002b34 <tud_task_ext+0x130>
10002b32:	e115      	b.n	10002d60 <tud_task_ext+0x35c>
10002b34:	2b02      	cmp	r3, #2
10002b36:	d100      	bne.n	10002b3a <tud_task_ext+0x136>
10002b38:	e0ca      	b.n	10002cd0 <tud_task_ext+0x2cc>
10002b3a:	2b00      	cmp	r3, #0
10002b3c:	d000      	beq.n	10002b40 <tud_task_ext+0x13c>
10002b3e:	e0e3      	b.n	10002d08 <tud_task_ext+0x304>
10002b40:	2a20      	cmp	r2, #32
10002b42:	d100      	bne.n	10002b46 <tud_task_ext+0x142>
10002b44:	e211      	b.n	10002f6a <tud_task_ext+0x566>
10002b46:	2a00      	cmp	r2, #0
10002b48:	d000      	beq.n	10002b4c <tud_task_ext+0x148>
10002b4a:	e0dd      	b.n	10002d08 <tud_task_ext+0x304>
10002b4c:	7963      	ldrb	r3, [r4, #5]
10002b4e:	2b09      	cmp	r3, #9
10002b50:	d900      	bls.n	10002b54 <tud_task_ext+0x150>
10002b52:	e0d9      	b.n	10002d08 <tud_task_ext+0x304>
10002b54:	4a7f      	ldr	r2, [pc, #508]	@ (10002d54 <tud_task_ext+0x350>)
10002b56:	009b      	lsls	r3, r3, #2
10002b58:	58d3      	ldr	r3, [r2, r3]
10002b5a:	469f      	mov	pc, r3
10002b5c:	4d78      	ldr	r5, [pc, #480]	@ (10002d40 <tud_task_ext+0x33c>)
10002b5e:	782b      	ldrb	r3, [r5, #0]
10002b60:	07db      	lsls	r3, r3, #31
10002b62:	d400      	bmi.n	10002b66 <tud_task_ext+0x162>
10002b64:	e763      	b.n	10002a2e <tud_task_ext+0x2a>
10002b66:	f7ff fec7 	bl	100028f8 <tud_resume_cb>
10002b6a:	e760      	b.n	10002a2e <tud_task_ext+0x2a>
10002b6c:	9b02      	ldr	r3, [sp, #8]
10002b6e:	78db      	ldrb	r3, [r3, #3]
10002b70:	07db      	lsls	r3, r3, #31
10002b72:	d400      	bmi.n	10002b76 <tud_task_ext+0x172>
10002b74:	e75b      	b.n	10002a2e <tud_task_ext+0x2a>
10002b76:	6860      	ldr	r0, [r4, #4]
10002b78:	f7ff feb2 	bl	100028e0 <tud_sof_cb>
10002b7c:	e757      	b.n	10002a2e <tud_task_ext+0x2a>
10002b7e:	4d70      	ldr	r5, [pc, #448]	@ (10002d40 <tud_task_ext+0x33c>)
10002b80:	782b      	ldrb	r3, [r5, #0]
10002b82:	07db      	lsls	r3, r3, #31
10002b84:	d400      	bmi.n	10002b88 <tud_task_ext+0x184>
10002b86:	e752      	b.n	10002a2e <tud_task_ext+0x2a>
10002b88:	7828      	ldrb	r0, [r5, #0]
10002b8a:	0700      	lsls	r0, r0, #28
10002b8c:	0fc0      	lsrs	r0, r0, #31
10002b8e:	f7ff feb1 	bl	100028f4 <tud_suspend_cb>
10002b92:	e74c      	b.n	10002a2e <tud_task_ext+0x2a>
10002b94:	7823      	ldrb	r3, [r4, #0]
10002b96:	4a6b      	ldr	r2, [pc, #428]	@ (10002d44 <tud_task_ext+0x340>)
10002b98:	4699      	mov	r9, r3
10002b9a:	4693      	mov	fp, r2
10002b9c:	4b6a      	ldr	r3, [pc, #424]	@ (10002d48 <tud_task_ext+0x344>)
10002b9e:	4a6b      	ldr	r2, [pc, #428]	@ (10002d4c <tud_task_ext+0x348>)
10002ba0:	4698      	mov	r8, r3
10002ba2:	4692      	mov	sl, r2
10002ba4:	003a      	movs	r2, r7
10002ba6:	2500      	movs	r5, #0
10002ba8:	4647      	mov	r7, r8
10002baa:	781b      	ldrb	r3, [r3, #0]
10002bac:	46b0      	mov	r8, r6
10002bae:	464e      	mov	r6, r9
10002bb0:	4691      	mov	r9, r2
10002bb2:	e00e      	b.n	10002bd2 <tud_task_ext+0x1ce>
10002bb4:	4653      	mov	r3, sl
10002bb6:	681b      	ldr	r3, [r3, #0]
10002bb8:	016a      	lsls	r2, r5, #5
10002bba:	189b      	adds	r3, r3, r2
10002bbc:	2b00      	cmp	r3, #0
10002bbe:	d100      	bne.n	10002bc2 <tud_task_ext+0x1be>
10002bc0:	e07d      	b.n	10002cbe <tud_task_ext+0x2ba>
10002bc2:	68db      	ldr	r3, [r3, #12]
10002bc4:	0030      	movs	r0, r6
10002bc6:	4798      	blx	r3
10002bc8:	3501      	adds	r5, #1
10002bca:	783b      	ldrb	r3, [r7, #0]
10002bcc:	b2ed      	uxtb	r5, r5
10002bce:	42ab      	cmp	r3, r5
10002bd0:	d30c      	bcc.n	10002bec <tud_task_ext+0x1e8>
10002bd2:	42ab      	cmp	r3, r5
10002bd4:	d8ee      	bhi.n	10002bb4 <tud_task_ext+0x1b0>
10002bd6:	1aeb      	subs	r3, r5, r3
10002bd8:	015b      	lsls	r3, r3, #5
10002bda:	445b      	add	r3, fp
10002bdc:	68db      	ldr	r3, [r3, #12]
10002bde:	0030      	movs	r0, r6
10002be0:	4798      	blx	r3
10002be2:	3501      	adds	r5, #1
10002be4:	783b      	ldrb	r3, [r7, #0]
10002be6:	b2ed      	uxtb	r5, r5
10002be8:	42ab      	cmp	r3, r5
10002bea:	d2f2      	bcs.n	10002bd2 <tud_task_ext+0x1ce>
10002bec:	4d54      	ldr	r5, [pc, #336]	@ (10002d40 <tud_task_ext+0x33c>)
10002bee:	2254      	movs	r2, #84	@ 0x54
10002bf0:	2100      	movs	r1, #0
10002bf2:	0028      	movs	r0, r5
10002bf4:	f7fe ff7c 	bl	10001af0 <__wrap_memset>
10002bf8:	2210      	movs	r2, #16
10002bfa:	21ff      	movs	r1, #255	@ 0xff
10002bfc:	1d28      	adds	r0, r5, #4
10002bfe:	f7fe ff77 	bl	10001af0 <__wrap_memset>
10002c02:	0028      	movs	r0, r5
10002c04:	2220      	movs	r2, #32
10002c06:	21ff      	movs	r1, #255	@ 0xff
10002c08:	3014      	adds	r0, #20
10002c0a:	4646      	mov	r6, r8
10002c0c:	464f      	mov	r7, r9
10002c0e:	f7fe ff6f 	bl	10001af0 <__wrap_memset>
10002c12:	f000 fbff 	bl	10003414 <usbd_control_reset>
10002c16:	7923      	ldrb	r3, [r4, #4]
10002c18:	70ab      	strb	r3, [r5, #2]
10002c1a:	e708      	b.n	10002a2e <tud_task_ext+0x2a>
10002c1c:	7823      	ldrb	r3, [r4, #0]
10002c1e:	4a4b      	ldr	r2, [pc, #300]	@ (10002d4c <tud_task_ext+0x348>)
10002c20:	4699      	mov	r9, r3
10002c22:	4b49      	ldr	r3, [pc, #292]	@ (10002d48 <tud_task_ext+0x344>)
10002c24:	4692      	mov	sl, r2
10002c26:	4698      	mov	r8, r3
10002c28:	0032      	movs	r2, r6
10002c2a:	46bb      	mov	fp, r7
10002c2c:	464e      	mov	r6, r9
10002c2e:	2500      	movs	r5, #0
10002c30:	4647      	mov	r7, r8
10002c32:	4691      	mov	r9, r2
10002c34:	781b      	ldrb	r3, [r3, #0]
10002c36:	e00d      	b.n	10002c54 <tud_task_ext+0x250>
10002c38:	4653      	mov	r3, sl
10002c3a:	681b      	ldr	r3, [r3, #0]
10002c3c:	016a      	lsls	r2, r5, #5
10002c3e:	189b      	adds	r3, r3, r2
10002c40:	2b00      	cmp	r3, #0
10002c42:	d040      	beq.n	10002cc6 <tud_task_ext+0x2c2>
10002c44:	68db      	ldr	r3, [r3, #12]
10002c46:	0030      	movs	r0, r6
10002c48:	4798      	blx	r3
10002c4a:	3501      	adds	r5, #1
10002c4c:	783b      	ldrb	r3, [r7, #0]
10002c4e:	b2ed      	uxtb	r5, r5
10002c50:	42ab      	cmp	r3, r5
10002c52:	d30d      	bcc.n	10002c70 <tud_task_ext+0x26c>
10002c54:	429d      	cmp	r5, r3
10002c56:	d3ef      	bcc.n	10002c38 <tud_task_ext+0x234>
10002c58:	9a01      	ldr	r2, [sp, #4]
10002c5a:	1aeb      	subs	r3, r5, r3
10002c5c:	015b      	lsls	r3, r3, #5
10002c5e:	18d3      	adds	r3, r2, r3
10002c60:	68db      	ldr	r3, [r3, #12]
10002c62:	0030      	movs	r0, r6
10002c64:	4798      	blx	r3
10002c66:	3501      	adds	r5, #1
10002c68:	783b      	ldrb	r3, [r7, #0]
10002c6a:	b2ed      	uxtb	r5, r5
10002c6c:	42ab      	cmp	r3, r5
10002c6e:	d2f1      	bcs.n	10002c54 <tud_task_ext+0x250>
10002c70:	9d02      	ldr	r5, [sp, #8]
10002c72:	2254      	movs	r2, #84	@ 0x54
10002c74:	2100      	movs	r1, #0
10002c76:	0028      	movs	r0, r5
10002c78:	f7fe ff3a 	bl	10001af0 <__wrap_memset>
10002c7c:	2210      	movs	r2, #16
10002c7e:	21ff      	movs	r1, #255	@ 0xff
10002c80:	4835      	ldr	r0, [pc, #212]	@ (10002d58 <tud_task_ext+0x354>)
10002c82:	f7fe ff35 	bl	10001af0 <__wrap_memset>
10002c86:	0028      	movs	r0, r5
10002c88:	2220      	movs	r2, #32
10002c8a:	21ff      	movs	r1, #255	@ 0xff
10002c8c:	3014      	adds	r0, #20
10002c8e:	464e      	mov	r6, r9
10002c90:	465f      	mov	r7, fp
10002c92:	f7fe ff2d 	bl	10001af0 <__wrap_memset>
10002c96:	f000 fbbd 	bl	10003414 <usbd_control_reset>
10002c9a:	f7ff fe29 	bl	100028f0 <tud_umount_cb>
10002c9e:	e6c6      	b.n	10002a2e <tud_task_ext+0x2a>
10002ca0:	4293      	cmp	r3, r2
10002ca2:	d013      	beq.n	10002ccc <tud_task_ext+0x2c8>
10002ca4:	b011      	add	sp, #68	@ 0x44
10002ca6:	bcf0      	pop	{r4, r5, r6, r7}
10002ca8:	46bb      	mov	fp, r7
10002caa:	46b2      	mov	sl, r6
10002cac:	46a9      	mov	r9, r5
10002cae:	46a0      	mov	r8, r4
10002cb0:	bdf0      	pop	{r4, r5, r6, r7, pc}
10002cb2:	68a3      	ldr	r3, [r4, #8]
10002cb4:	7962      	ldrb	r2, [r4, #5]
10002cb6:	7820      	ldrb	r0, [r4, #0]
10002cb8:	f000 fbca 	bl	10003450 <usbd_control_xfer_cb>
10002cbc:	e6b7      	b.n	10002a2e <tud_task_ext+0x2a>
10002cbe:	4646      	mov	r6, r8
10002cc0:	464f      	mov	r7, r9
10002cc2:	4d1f      	ldr	r5, [pc, #124]	@ (10002d40 <tud_task_ext+0x33c>)
10002cc4:	e7a5      	b.n	10002c12 <tud_task_ext+0x20e>
10002cc6:	464e      	mov	r6, r9
10002cc8:	465f      	mov	r7, fp
10002cca:	e7e4      	b.n	10002c96 <tud_task_ext+0x292>
10002ccc:	4d1d      	ldr	r5, [pc, #116]	@ (10002d44 <tud_task_ext+0x340>)
10002cce:	e6f8      	b.n	10002ac2 <tud_task_ext+0xbe>
10002cd0:	2370      	movs	r3, #112	@ 0x70
10002cd2:	7a21      	ldrb	r1, [r4, #8]
10002cd4:	420b      	tst	r3, r1
10002cd6:	d117      	bne.n	10002d08 <tud_task_ext+0x304>
10002cd8:	09c8      	lsrs	r0, r1, #7
10002cda:	4682      	mov	sl, r0
10002cdc:	330f      	adds	r3, #15
10002cde:	400b      	ands	r3, r1
10002ce0:	005b      	lsls	r3, r3, #1
10002ce2:	4698      	mov	r8, r3
10002ce4:	4818      	ldr	r0, [pc, #96]	@ (10002d48 <tud_task_ext+0x344>)
10002ce6:	18eb      	adds	r3, r5, r3
10002ce8:	4453      	add	r3, sl
10002cea:	7d1b      	ldrb	r3, [r3, #20]
10002cec:	7800      	ldrb	r0, [r0, #0]
10002cee:	4283      	cmp	r3, r0
10002cf0:	d264      	bcs.n	10002dbc <tud_task_ext+0x3b8>
10002cf2:	4816      	ldr	r0, [pc, #88]	@ (10002d4c <tud_task_ext+0x348>)
10002cf4:	015b      	lsls	r3, r3, #5
10002cf6:	6800      	ldr	r0, [r0, #0]
10002cf8:	4681      	mov	r9, r0
10002cfa:	4499      	add	r9, r3
10002cfc:	2a00      	cmp	r2, #0
10002cfe:	d100      	bne.n	10002d02 <tud_task_ext+0x2fe>
10002d00:	e155      	b.n	10002fae <tud_task_ext+0x5aa>
10002d02:	464b      	mov	r3, r9
10002d04:	2b00      	cmp	r3, #0
10002d06:	d161      	bne.n	10002dcc <tud_task_ext+0x3c8>
10002d08:	7820      	ldrb	r0, [r4, #0]
10002d0a:	2100      	movs	r1, #0
10002d0c:	f7ff fd70 	bl	100027f0 <dcd_edpt_stall>
10002d10:	2180      	movs	r1, #128	@ 0x80
10002d12:	7820      	ldrb	r0, [r4, #0]
10002d14:	f7ff fd6c 	bl	100027f0 <dcd_edpt_stall>
10002d18:	e689      	b.n	10002a2e <tud_task_ext+0x2a>
10002d1a:	4810      	ldr	r0, [pc, #64]	@ (10002d5c <tud_task_ext+0x358>)
10002d1c:	f000 fb84 	bl	10003428 <usbd_control_set_complete_callback>
10002d20:	2101      	movs	r1, #1
10002d22:	4658      	mov	r0, fp
10002d24:	aa0e      	add	r2, sp, #56	@ 0x38
10002d26:	f7ff fc23 	bl	10002570 <tud_vendor_control_xfer_cb>
10002d2a:	2800      	cmp	r0, #0
10002d2c:	d000      	beq.n	10002d30 <tud_task_ext+0x32c>
10002d2e:	e67e      	b.n	10002a2e <tud_task_ext+0x2a>
10002d30:	e7ea      	b.n	10002d08 <tud_task_ext+0x304>
10002d32:	46c0      	nop			@ (mov r8, r8)
10002d34:	20001024 	.word	0x20001024
10002d38:	10004618 	.word	0x10004618
10002d3c:	200015c0 	.word	0x200015c0
10002d40:	20001568 	.word	0x20001568
10002d44:	100046c0 	.word	0x100046c0
10002d48:	20001c3d 	.word	0x20001c3d
10002d4c:	20001480 	.word	0x20001480
10002d50:	20001c3f 	.word	0x20001c3f
10002d54:	1000463c 	.word	0x1000463c
10002d58:	2000156c 	.word	0x2000156c
10002d5c:	10002571 	.word	0x10002571
10002d60:	7a23      	ldrb	r3, [r4, #8]
10002d62:	8922      	ldrh	r2, [r4, #8]
10002d64:	2b0f      	cmp	r3, #15
10002d66:	d8cf      	bhi.n	10002d08 <tud_task_ext+0x304>
10002d68:	23ff      	movs	r3, #255	@ 0xff
10002d6a:	4013      	ands	r3, r2
10002d6c:	4ad1      	ldr	r2, [pc, #836]	@ (100030b4 <tud_task_ext+0x6b0>)
10002d6e:	18eb      	adds	r3, r5, r3
10002d70:	791b      	ldrb	r3, [r3, #4]
10002d72:	7812      	ldrb	r2, [r2, #0]
10002d74:	4293      	cmp	r3, r2
10002d76:	d334      	bcc.n	10002de2 <tud_task_ext+0x3de>
10002d78:	d1c6      	bne.n	10002d08 <tud_task_ext+0x304>
10002d7a:	4dcf      	ldr	r5, [pc, #828]	@ (100030b8 <tud_task_ext+0x6b4>)
10002d7c:	6968      	ldr	r0, [r5, #20]
10002d7e:	f000 fb53 	bl	10003428 <usbd_control_set_complete_callback>
10002d82:	2101      	movs	r1, #1
10002d84:	4658      	mov	r0, fp
10002d86:	696b      	ldr	r3, [r5, #20]
10002d88:	aa0e      	add	r2, sp, #56	@ 0x38
10002d8a:	4798      	blx	r3
10002d8c:	2800      	cmp	r0, #0
10002d8e:	d000      	beq.n	10002d92 <tud_task_ext+0x38e>
10002d90:	e64d      	b.n	10002a2e <tud_task_ext+0x2a>
10002d92:	2260      	movs	r2, #96	@ 0x60
10002d94:	0015      	movs	r5, r2
10002d96:	7923      	ldrb	r3, [r4, #4]
10002d98:	401d      	ands	r5, r3
10002d9a:	421a      	tst	r2, r3
10002d9c:	d1b4      	bne.n	10002d08 <tud_task_ext+0x304>
10002d9e:	7963      	ldrb	r3, [r4, #5]
10002da0:	3b0a      	subs	r3, #10
10002da2:	2b01      	cmp	r3, #1
10002da4:	d8b0      	bhi.n	10002d08 <tud_task_ext+0x304>
10002da6:	f000 fb3f 	bl	10003428 <usbd_control_set_complete_callback>
10002daa:	7963      	ldrb	r3, [r4, #5]
10002dac:	2b0a      	cmp	r3, #10
10002dae:	d100      	bne.n	10002db2 <tud_task_ext+0x3ae>
10002db0:	e18a      	b.n	100030c8 <tud_task_ext+0x6c4>
10002db2:	4658      	mov	r0, fp
10002db4:	a90e      	add	r1, sp, #56	@ 0x38
10002db6:	f000 fac7 	bl	10003348 <tud_control_status>
10002dba:	e638      	b.n	10002a2e <tud_task_ext+0x2a>
10002dbc:	4283      	cmp	r3, r0
10002dbe:	d000      	beq.n	10002dc2 <tud_task_ext+0x3be>
10002dc0:	e0f0      	b.n	10002fa4 <tud_task_ext+0x5a0>
10002dc2:	4bbd      	ldr	r3, [pc, #756]	@ (100030b8 <tud_task_ext+0x6b4>)
10002dc4:	4699      	mov	r9, r3
10002dc6:	2a00      	cmp	r2, #0
10002dc8:	d100      	bne.n	10002dcc <tud_task_ext+0x3c8>
10002dca:	e0f0      	b.n	10002fae <tud_task_ext+0x5aa>
10002dcc:	464b      	mov	r3, r9
10002dce:	6958      	ldr	r0, [r3, #20]
10002dd0:	f000 fb2a 	bl	10003428 <usbd_control_set_complete_callback>
10002dd4:	464b      	mov	r3, r9
10002dd6:	2101      	movs	r1, #1
10002dd8:	4658      	mov	r0, fp
10002dda:	695b      	ldr	r3, [r3, #20]
10002ddc:	aa0e      	add	r2, sp, #56	@ 0x38
10002dde:	4798      	blx	r3
10002de0:	e7a3      	b.n	10002d2a <tud_task_ext+0x326>
10002de2:	4ab6      	ldr	r2, [pc, #728]	@ (100030bc <tud_task_ext+0x6b8>)
10002de4:	015b      	lsls	r3, r3, #5
10002de6:	6815      	ldr	r5, [r2, #0]
10002de8:	18ed      	adds	r5, r5, r3
10002dea:	2d00      	cmp	r5, #0
10002dec:	d1c6      	bne.n	10002d7c <tud_task_ext+0x378>
10002dee:	e78b      	b.n	10002d08 <tud_task_ext+0x304>
10002df0:	79a3      	ldrb	r3, [r4, #6]
10002df2:	4699      	mov	r9, r3
10002df4:	786b      	ldrb	r3, [r5, #1]
10002df6:	4599      	cmp	r9, r3
10002df8:	d0db      	beq.n	10002db2 <tud_task_ext+0x3ae>
10002dfa:	786b      	ldrb	r3, [r5, #1]
10002dfc:	2b00      	cmp	r3, #0
10002dfe:	d000      	beq.n	10002e02 <tud_task_ext+0x3fe>
10002e00:	e12c      	b.n	1000305c <tud_task_ext+0x658>
10002e02:	464b      	mov	r3, r9
10002e04:	706b      	strb	r3, [r5, #1]
10002e06:	2b00      	cmp	r3, #0
10002e08:	d100      	bne.n	10002e0c <tud_task_ext+0x408>
10002e0a:	e124      	b.n	10003056 <tud_task_ext+0x652>
10002e0c:	4648      	mov	r0, r9
10002e0e:	3801      	subs	r0, #1
10002e10:	b2c0      	uxtb	r0, r0
10002e12:	f7ff fa09 	bl	10002228 <tud_descriptor_configuration_cb>
10002e16:	2800      	cmp	r0, #0
10002e18:	d100      	bne.n	10002e1c <tud_task_ext+0x418>
10002e1a:	e174      	b.n	10003106 <tud_task_ext+0x702>
10002e1c:	7843      	ldrb	r3, [r0, #1]
10002e1e:	9307      	str	r3, [sp, #28]
10002e20:	2b02      	cmp	r3, #2
10002e22:	d000      	beq.n	10002e26 <tud_task_ext+0x422>
10002e24:	e16f      	b.n	10003106 <tud_task_ext+0x702>
10002e26:	2201      	movs	r2, #1
10002e28:	79c1      	ldrb	r1, [r0, #7]
10002e2a:	46b1      	mov	r9, r6
10002e2c:	118b      	asrs	r3, r1, #6
10002e2e:	1149      	asrs	r1, r1, #5
10002e30:	4013      	ands	r3, r2
10002e32:	400a      	ands	r2, r1
10002e34:	2130      	movs	r1, #48	@ 0x30
10002e36:	0112      	lsls	r2, r2, #4
10002e38:	015b      	lsls	r3, r3, #5
10002e3a:	4313      	orrs	r3, r2
10002e3c:	782a      	ldrb	r2, [r5, #0]
10002e3e:	46a8      	mov	r8, r5
10002e40:	438a      	bics	r2, r1
10002e42:	4313      	orrs	r3, r2
10002e44:	702b      	strb	r3, [r5, #0]
10002e46:	2309      	movs	r3, #9
10002e48:	469a      	mov	sl, r3
10002e4a:	4482      	add	sl, r0
10002e4c:	4656      	mov	r6, sl
10002e4e:	46ba      	mov	sl, r7
10002e50:	78c3      	ldrb	r3, [r0, #3]
10002e52:	7882      	ldrb	r2, [r0, #2]
10002e54:	021b      	lsls	r3, r3, #8
10002e56:	4313      	orrs	r3, r2
10002e58:	18c3      	adds	r3, r0, r3
10002e5a:	9305      	str	r3, [sp, #20]
10002e5c:	4b95      	ldr	r3, [pc, #596]	@ (100030b4 <tud_task_ext+0x6b0>)
10002e5e:	9304      	str	r3, [sp, #16]
10002e60:	4b95      	ldr	r3, [pc, #596]	@ (100030b8 <tud_task_ext+0x6b4>)
10002e62:	9308      	str	r3, [sp, #32]
10002e64:	4b95      	ldr	r3, [pc, #596]	@ (100030bc <tud_task_ext+0x6b8>)
10002e66:	9309      	str	r3, [sp, #36]	@ 0x24
10002e68:	4b95      	ldr	r3, [pc, #596]	@ (100030c0 <tud_task_ext+0x6bc>)
10002e6a:	930a      	str	r3, [sp, #40]	@ 0x28
10002e6c:	9b05      	ldr	r3, [sp, #20]
10002e6e:	42b3      	cmp	r3, r6
10002e70:	d800      	bhi.n	10002e74 <tud_task_ext+0x470>
10002e72:	e14b      	b.n	1000310c <tud_task_ext+0x708>
10002e74:	7873      	ldrb	r3, [r6, #1]
10002e76:	2201      	movs	r2, #1
10002e78:	2b0b      	cmp	r3, #11
10002e7a:	d103      	bne.n	10002e84 <tud_task_ext+0x480>
10002e7c:	7833      	ldrb	r3, [r6, #0]
10002e7e:	78f2      	ldrb	r2, [r6, #3]
10002e80:	18f6      	adds	r6, r6, r3
10002e82:	7873      	ldrb	r3, [r6, #1]
10002e84:	2b04      	cmp	r3, #4
10002e86:	d000      	beq.n	10002e8a <tud_task_ext+0x486>
10002e88:	e13a      	b.n	10003100 <tud_task_ext+0x6fc>
10002e8a:	9b05      	ldr	r3, [sp, #20]
10002e8c:	2700      	movs	r7, #0
10002e8e:	1b9b      	subs	r3, r3, r6
10002e90:	b29b      	uxth	r3, r3
10002e92:	9306      	str	r3, [sp, #24]
10002e94:	9b04      	ldr	r3, [sp, #16]
10002e96:	920b      	str	r2, [sp, #44]	@ 0x2c
10002e98:	781d      	ldrb	r5, [r3, #0]
10002e9a:	e019      	b.n	10002ed0 <tud_task_ext+0x4cc>
10002e9c:	9a09      	ldr	r2, [sp, #36]	@ 0x24
10002e9e:	017b      	lsls	r3, r7, #5
10002ea0:	6815      	ldr	r5, [r2, #0]
10002ea2:	18ed      	adds	r5, r5, r3
10002ea4:	2d00      	cmp	r5, #0
10002ea6:	d100      	bne.n	10002eaa <tud_task_ext+0x4a6>
10002ea8:	e12a      	b.n	10003100 <tud_task_ext+0x6fc>
10002eaa:	0031      	movs	r1, r6
10002eac:	4658      	mov	r0, fp
10002eae:	692b      	ldr	r3, [r5, #16]
10002eb0:	9a06      	ldr	r2, [sp, #24]
10002eb2:	4798      	blx	r3
10002eb4:	4684      	mov	ip, r0
10002eb6:	2808      	cmp	r0, #8
10002eb8:	d903      	bls.n	10002ec2 <tud_task_ext+0x4be>
10002eba:	9a06      	ldr	r2, [sp, #24]
10002ebc:	4282      	cmp	r2, r0
10002ebe:	d300      	bcc.n	10002ec2 <tud_task_ext+0x4be>
10002ec0:	e10b      	b.n	100030da <tud_task_ext+0x6d6>
10002ec2:	9b04      	ldr	r3, [sp, #16]
10002ec4:	3701      	adds	r7, #1
10002ec6:	781d      	ldrb	r5, [r3, #0]
10002ec8:	b2ff      	uxtb	r7, r7
10002eca:	42bd      	cmp	r5, r7
10002ecc:	d200      	bcs.n	10002ed0 <tud_task_ext+0x4cc>
10002ece:	e117      	b.n	10003100 <tud_task_ext+0x6fc>
10002ed0:	42bd      	cmp	r5, r7
10002ed2:	d8e3      	bhi.n	10002e9c <tud_task_ext+0x498>
10002ed4:	9b08      	ldr	r3, [sp, #32]
10002ed6:	1b7d      	subs	r5, r7, r5
10002ed8:	016d      	lsls	r5, r5, #5
10002eda:	195d      	adds	r5, r3, r5
10002edc:	e7e5      	b.n	10002eaa <tud_task_ext+0x4a6>
10002ede:	786b      	ldrb	r3, [r5, #1]
10002ee0:	aa0c      	add	r2, sp, #48	@ 0x30
10002ee2:	3202      	adds	r2, #2
10002ee4:	7013      	strb	r3, [r2, #0]
10002ee6:	4658      	mov	r0, fp
10002ee8:	2301      	movs	r3, #1
10002eea:	a90e      	add	r1, sp, #56	@ 0x38
10002eec:	f000 fa42 	bl	10003374 <tud_control_xfer>
10002ef0:	e59d      	b.n	10002a2e <tud_task_ext+0x2a>
10002ef2:	88e0      	ldrh	r0, [r4, #6]
10002ef4:	0a03      	lsrs	r3, r0, #8
10002ef6:	b2c0      	uxtb	r0, r0
10002ef8:	2b0f      	cmp	r3, #15
10002efa:	d900      	bls.n	10002efe <tud_task_ext+0x4fa>
10002efc:	e704      	b.n	10002d08 <tud_task_ext+0x304>
10002efe:	4971      	ldr	r1, [pc, #452]	@ (100030c4 <tud_task_ext+0x6c0>)
10002f00:	009a      	lsls	r2, r3, #2
10002f02:	588a      	ldr	r2, [r1, r2]
10002f04:	4697      	mov	pc, r2
10002f06:	a80e      	add	r0, sp, #56	@ 0x38
10002f08:	f000 fa94 	bl	10003434 <usbd_control_set_request>
10002f0c:	4658      	mov	r0, fp
10002f0e:	79a1      	ldrb	r1, [r4, #6]
10002f10:	f7ff fbb4 	bl	1000267c <dcd_set_address>
10002f14:	2202      	movs	r2, #2
10002f16:	782b      	ldrb	r3, [r5, #0]
10002f18:	4313      	orrs	r3, r2
10002f1a:	702b      	strb	r3, [r5, #0]
10002f1c:	e587      	b.n	10002a2e <tud_task_ext+0x2a>
10002f1e:	88e3      	ldrh	r3, [r4, #6]
10002f20:	2b01      	cmp	r3, #1
10002f22:	d000      	beq.n	10002f26 <tud_task_ext+0x522>
10002f24:	e6f0      	b.n	10002d08 <tud_task_ext+0x304>
10002f26:	2208      	movs	r2, #8
10002f28:	782b      	ldrb	r3, [r5, #0]
10002f2a:	4658      	mov	r0, fp
10002f2c:	4393      	bics	r3, r2
10002f2e:	a90e      	add	r1, sp, #56	@ 0x38
10002f30:	702b      	strb	r3, [r5, #0]
10002f32:	f000 fa09 	bl	10003348 <tud_control_status>
10002f36:	e57a      	b.n	10002a2e <tud_task_ext+0x2a>
10002f38:	2002      	movs	r0, #2
10002f3a:	7829      	ldrb	r1, [r5, #0]
10002f3c:	ab0c      	add	r3, sp, #48	@ 0x30
10002f3e:	1c9a      	adds	r2, r3, #2
10002f40:	068b      	lsls	r3, r1, #26
10002f42:	0889      	lsrs	r1, r1, #2
10002f44:	0fdb      	lsrs	r3, r3, #31
10002f46:	4001      	ands	r1, r0
10002f48:	430b      	orrs	r3, r1
10002f4a:	8013      	strh	r3, [r2, #0]
10002f4c:	4658      	mov	r0, fp
10002f4e:	2302      	movs	r3, #2
10002f50:	a90e      	add	r1, sp, #56	@ 0x38
10002f52:	f000 fa0f 	bl	10003374 <tud_control_xfer>
10002f56:	e56a      	b.n	10002a2e <tud_task_ext+0x2a>
10002f58:	88e3      	ldrh	r3, [r4, #6]
10002f5a:	2b01      	cmp	r3, #1
10002f5c:	d000      	beq.n	10002f60 <tud_task_ext+0x55c>
10002f5e:	e6d3      	b.n	10002d08 <tud_task_ext+0x304>
10002f60:	2208      	movs	r2, #8
10002f62:	782b      	ldrb	r3, [r5, #0]
10002f64:	4313      	orrs	r3, r2
10002f66:	702b      	strb	r3, [r5, #0]
10002f68:	e723      	b.n	10002db2 <tud_task_ext+0x3ae>
10002f6a:	7a23      	ldrb	r3, [r4, #8]
10002f6c:	8922      	ldrh	r2, [r4, #8]
10002f6e:	2b0f      	cmp	r3, #15
10002f70:	d900      	bls.n	10002f74 <tud_task_ext+0x570>
10002f72:	e6c9      	b.n	10002d08 <tud_task_ext+0x304>
10002f74:	23ff      	movs	r3, #255	@ 0xff
10002f76:	4013      	ands	r3, r2
10002f78:	4a4e      	ldr	r2, [pc, #312]	@ (100030b4 <tud_task_ext+0x6b0>)
10002f7a:	18eb      	adds	r3, r5, r3
10002f7c:	791b      	ldrb	r3, [r3, #4]
10002f7e:	7812      	ldrb	r2, [r2, #0]
10002f80:	4293      	cmp	r3, r2
10002f82:	d228      	bcs.n	10002fd6 <tud_task_ext+0x5d2>
10002f84:	4a4d      	ldr	r2, [pc, #308]	@ (100030bc <tud_task_ext+0x6b8>)
10002f86:	015b      	lsls	r3, r3, #5
10002f88:	6815      	ldr	r5, [r2, #0]
10002f8a:	18ed      	adds	r5, r5, r3
10002f8c:	2d00      	cmp	r5, #0
10002f8e:	d100      	bne.n	10002f92 <tud_task_ext+0x58e>
10002f90:	e6ba      	b.n	10002d08 <tud_task_ext+0x304>
10002f92:	6968      	ldr	r0, [r5, #20]
10002f94:	f000 fa48 	bl	10003428 <usbd_control_set_complete_callback>
10002f98:	2101      	movs	r1, #1
10002f9a:	4658      	mov	r0, fp
10002f9c:	696b      	ldr	r3, [r5, #20]
10002f9e:	aa0e      	add	r2, sp, #56	@ 0x38
10002fa0:	4798      	blx	r3
10002fa2:	e6c2      	b.n	10002d2a <tud_task_ext+0x326>
10002fa4:	2a00      	cmp	r2, #0
10002fa6:	d000      	beq.n	10002faa <tud_task_ext+0x5a6>
10002fa8:	e6ae      	b.n	10002d08 <tud_task_ext+0x304>
10002faa:	2300      	movs	r3, #0
10002fac:	4699      	mov	r9, r3
10002fae:	7962      	ldrb	r2, [r4, #5]
10002fb0:	2002      	movs	r0, #2
10002fb2:	0013      	movs	r3, r2
10002fb4:	9204      	str	r2, [sp, #16]
10002fb6:	4383      	bics	r3, r0
10002fb8:	2b01      	cmp	r3, #1
10002fba:	d011      	beq.n	10002fe0 <tud_task_ext+0x5dc>
10002fbc:	2a00      	cmp	r2, #0
10002fbe:	d000      	beq.n	10002fc2 <tud_task_ext+0x5be>
10002fc0:	e6a2      	b.n	10002d08 <tud_task_ext+0x304>
10002fc2:	002b      	movs	r3, r5
10002fc4:	4443      	add	r3, r8
10002fc6:	4453      	add	r3, sl
10002fc8:	3330      	adds	r3, #48	@ 0x30
10002fca:	791b      	ldrb	r3, [r3, #4]
10002fcc:	aa0c      	add	r2, sp, #48	@ 0x30
10002fce:	079b      	lsls	r3, r3, #30
10002fd0:	0fdb      	lsrs	r3, r3, #31
10002fd2:	3202      	adds	r2, #2
10002fd4:	e7b9      	b.n	10002f4a <tud_task_ext+0x546>
10002fd6:	4293      	cmp	r3, r2
10002fd8:	d000      	beq.n	10002fdc <tud_task_ext+0x5d8>
10002fda:	e695      	b.n	10002d08 <tud_task_ext+0x304>
10002fdc:	4d36      	ldr	r5, [pc, #216]	@ (100030b8 <tud_task_ext+0x6b4>)
10002fde:	e7d8      	b.n	10002f92 <tud_task_ext+0x58e>
10002fe0:	88e3      	ldrh	r3, [r4, #6]
10002fe2:	2b00      	cmp	r3, #0
10002fe4:	d112      	bne.n	1000300c <tud_task_ext+0x608>
10002fe6:	9b03      	ldr	r3, [sp, #12]
10002fe8:	7818      	ldrb	r0, [r3, #0]
10002fea:	9b04      	ldr	r3, [sp, #16]
10002fec:	2b01      	cmp	r3, #1
10002fee:	d023      	beq.n	10003038 <tud_task_ext+0x634>
10002ff0:	f7ff fbfe 	bl	100027f0 <dcd_edpt_stall>
10002ff4:	4643      	mov	r3, r8
10002ff6:	2102      	movs	r1, #2
10002ff8:	18eb      	adds	r3, r5, r3
10002ffa:	4453      	add	r3, sl
10002ffc:	3330      	adds	r3, #48	@ 0x30
10002ffe:	791a      	ldrb	r2, [r3, #4]
10003000:	430a      	orrs	r2, r1
10003002:	2101      	movs	r1, #1
10003004:	711a      	strb	r2, [r3, #4]
10003006:	791a      	ldrb	r2, [r3, #4]
10003008:	430a      	orrs	r2, r1
1000300a:	711a      	strb	r2, [r3, #4]
1000300c:	464b      	mov	r3, r9
1000300e:	2b00      	cmp	r3, #0
10003010:	d100      	bne.n	10003014 <tud_task_ext+0x610>
10003012:	e50c      	b.n	10002a2e <tud_task_ext+0x2a>
10003014:	6958      	ldr	r0, [r3, #20]
10003016:	f000 fa07 	bl	10003428 <usbd_control_set_complete_callback>
1000301a:	464b      	mov	r3, r9
1000301c:	2101      	movs	r1, #1
1000301e:	695b      	ldr	r3, [r3, #20]
10003020:	aa0e      	add	r2, sp, #56	@ 0x38
10003022:	4658      	mov	r0, fp
10003024:	4798      	blx	r3
10003026:	2000      	movs	r0, #0
10003028:	f000 f9fe 	bl	10003428 <usbd_control_set_complete_callback>
1000302c:	2335      	movs	r3, #53	@ 0x35
1000302e:	5ceb      	ldrb	r3, [r5, r3]
10003030:	07db      	lsls	r3, r3, #31
10003032:	d500      	bpl.n	10003036 <tud_task_ext+0x632>
10003034:	e4fb      	b.n	10002a2e <tud_task_ext+0x2a>
10003036:	e6bc      	b.n	10002db2 <tud_task_ext+0x3ae>
10003038:	f7ff fbf8 	bl	1000282c <dcd_edpt_clear_stall>
1000303c:	4643      	mov	r3, r8
1000303e:	2102      	movs	r1, #2
10003040:	18eb      	adds	r3, r5, r3
10003042:	4453      	add	r3, sl
10003044:	3330      	adds	r3, #48	@ 0x30
10003046:	791a      	ldrb	r2, [r3, #4]
10003048:	438a      	bics	r2, r1
1000304a:	711a      	strb	r2, [r3, #4]
1000304c:	791a      	ldrb	r2, [r3, #4]
1000304e:	9904      	ldr	r1, [sp, #16]
10003050:	438a      	bics	r2, r1
10003052:	711a      	strb	r2, [r3, #4]
10003054:	e7da      	b.n	1000300c <tud_task_ext+0x608>
10003056:	f7ff fc4b 	bl	100028f0 <tud_umount_cb>
1000305a:	e6aa      	b.n	10002db2 <tud_task_ext+0x3ae>
1000305c:	2100      	movs	r1, #0
1000305e:	4658      	mov	r0, fp
10003060:	f7ff fb16 	bl	10002690 <dcd_sof_enable>
10003064:	4658      	mov	r0, fp
10003066:	f7ff fbad 	bl	100027c4 <dcd_edpt_close_all>
1000306a:	2200      	movs	r2, #0
1000306c:	4692      	mov	sl, r2
1000306e:	4a12      	ldr	r2, [pc, #72]	@ (100030b8 <tud_task_ext+0x6b4>)
10003070:	78ab      	ldrb	r3, [r5, #2]
10003072:	9205      	str	r2, [sp, #20]
10003074:	4a11      	ldr	r2, [pc, #68]	@ (100030bc <tud_task_ext+0x6b8>)
10003076:	9304      	str	r3, [sp, #16]
10003078:	9206      	str	r2, [sp, #24]
1000307a:	002a      	movs	r2, r5
1000307c:	4b0d      	ldr	r3, [pc, #52]	@ (100030b4 <tud_task_ext+0x6b0>)
1000307e:	4655      	mov	r5, sl
10003080:	4698      	mov	r8, r3
10003082:	4692      	mov	sl, r2
10003084:	781b      	ldrb	r3, [r3, #0]
10003086:	e00e      	b.n	100030a6 <tud_task_ext+0x6a2>
10003088:	9b06      	ldr	r3, [sp, #24]
1000308a:	016a      	lsls	r2, r5, #5
1000308c:	681b      	ldr	r3, [r3, #0]
1000308e:	189b      	adds	r3, r3, r2
10003090:	2b00      	cmp	r3, #0
10003092:	d054      	beq.n	1000313e <tud_task_ext+0x73a>
10003094:	68db      	ldr	r3, [r3, #12]
10003096:	4658      	mov	r0, fp
10003098:	4798      	blx	r3
1000309a:	4643      	mov	r3, r8
1000309c:	3501      	adds	r5, #1
1000309e:	781b      	ldrb	r3, [r3, #0]
100030a0:	b2ed      	uxtb	r5, r5
100030a2:	42ab      	cmp	r3, r5
100030a4:	d337      	bcc.n	10003116 <tud_task_ext+0x712>
100030a6:	42ab      	cmp	r3, r5
100030a8:	d8ee      	bhi.n	10003088 <tud_task_ext+0x684>
100030aa:	9a05      	ldr	r2, [sp, #20]
100030ac:	1aeb      	subs	r3, r5, r3
100030ae:	015b      	lsls	r3, r3, #5
100030b0:	18d3      	adds	r3, r2, r3
100030b2:	e7ef      	b.n	10003094 <tud_task_ext+0x690>
100030b4:	20001c3d 	.word	0x20001c3d
100030b8:	100046c0 	.word	0x100046c0
100030bc:	20001480 	.word	0x20001480
100030c0:	2000157c 	.word	0x2000157c
100030c4:	10004664 	.word	0x10004664
100030c8:	ab0c      	add	r3, sp, #48	@ 0x30
100030ca:	1c9a      	adds	r2, r3, #2
100030cc:	4658      	mov	r0, fp
100030ce:	2301      	movs	r3, #1
100030d0:	a90e      	add	r1, sp, #56	@ 0x38
100030d2:	7015      	strb	r5, [r2, #0]
100030d4:	f000 f94e 	bl	10003374 <tud_control_xfer>
100030d8:	e4a9      	b.n	10002a2e <tud_task_ext+0x2a>
100030da:	9a0b      	ldr	r2, [sp, #44]	@ 0x2c
100030dc:	2a01      	cmp	r2, #1
100030de:	d04c      	beq.n	1000317a <tud_task_ext+0x776>
100030e0:	2a00      	cmp	r2, #0
100030e2:	d03c      	beq.n	1000315e <tud_task_ext+0x75a>
100030e4:	2300      	movs	r3, #0
100030e6:	78b0      	ldrb	r0, [r6, #2]
100030e8:	e004      	b.n	100030f4 <tud_task_ext+0x6f0>
100030ea:	3301      	adds	r3, #1
100030ec:	b2db      	uxtb	r3, r3
100030ee:	710f      	strb	r7, [r1, #4]
100030f0:	4293      	cmp	r3, r2
100030f2:	d234      	bcs.n	1000315e <tud_task_ext+0x75a>
100030f4:	18c1      	adds	r1, r0, r3
100030f6:	b2c9      	uxtb	r1, r1
100030f8:	4441      	add	r1, r8
100030fa:	790d      	ldrb	r5, [r1, #4]
100030fc:	2dff      	cmp	r5, #255	@ 0xff
100030fe:	d0f4      	beq.n	100030ea <tud_task_ext+0x6e6>
10003100:	464e      	mov	r6, r9
10003102:	4645      	mov	r5, r8
10003104:	4657      	mov	r7, sl
10003106:	2300      	movs	r3, #0
10003108:	706b      	strb	r3, [r5, #1]
1000310a:	e5fd      	b.n	10002d08 <tud_task_ext+0x304>
1000310c:	464e      	mov	r6, r9
1000310e:	4657      	mov	r7, sl
10003110:	f7ff fbec 	bl	100028ec <tud_mount_cb>
10003114:	e64d      	b.n	10002db2 <tud_task_ext+0x3ae>
10003116:	4655      	mov	r5, sl
10003118:	2254      	movs	r2, #84	@ 0x54
1000311a:	2100      	movs	r1, #0
1000311c:	0028      	movs	r0, r5
1000311e:	f7fe fce7 	bl	10001af0 <__wrap_memset>
10003122:	2210      	movs	r2, #16
10003124:	21ff      	movs	r1, #255	@ 0xff
10003126:	1d28      	adds	r0, r5, #4
10003128:	f7fe fce2 	bl	10001af0 <__wrap_memset>
1000312c:	0028      	movs	r0, r5
1000312e:	2220      	movs	r2, #32
10003130:	21ff      	movs	r1, #255	@ 0xff
10003132:	3014      	adds	r0, #20
10003134:	f7fe fcdc 	bl	10001af0 <__wrap_memset>
10003138:	9b04      	ldr	r3, [sp, #16]
1000313a:	70ab      	strb	r3, [r5, #2]
1000313c:	e661      	b.n	10002e02 <tud_task_ext+0x3fe>
1000313e:	4655      	mov	r5, sl
10003140:	e7fa      	b.n	10003138 <tud_task_ext+0x734>
10003142:	f7ff fa11 	bl	10002568 <tud_descriptor_bos_cb>
10003146:	1e02      	subs	r2, r0, #0
10003148:	d100      	bne.n	1000314c <tud_task_ext+0x748>
1000314a:	e5dd      	b.n	10002d08 <tud_task_ext+0x304>
1000314c:	78d3      	ldrb	r3, [r2, #3]
1000314e:	7891      	ldrb	r1, [r2, #2]
10003150:	021b      	lsls	r3, r3, #8
10003152:	430b      	orrs	r3, r1
10003154:	4658      	mov	r0, fp
10003156:	a90e      	add	r1, sp, #56	@ 0x38
10003158:	f000 f90c 	bl	10003374 <tud_control_xfer>
1000315c:	e5e5      	b.n	10002d2a <tud_task_ext+0x326>
1000315e:	4665      	mov	r5, ip
10003160:	003b      	movs	r3, r7
10003162:	0031      	movs	r1, r6
10003164:	002a      	movs	r2, r5
10003166:	980a      	ldr	r0, [sp, #40]	@ 0x28
10003168:	f000 fd46 	bl	10003bf8 <tu_edpt_bind_driver>
1000316c:	9b04      	ldr	r3, [sp, #16]
1000316e:	1976      	adds	r6, r6, r5
10003170:	781b      	ldrb	r3, [r3, #0]
10003172:	42bb      	cmp	r3, r7
10003174:	d300      	bcc.n	10003178 <tud_task_ext+0x774>
10003176:	e679      	b.n	10002e6c <tud_task_ext+0x468>
10003178:	e7c2      	b.n	10003100 <tud_task_ext+0x6fc>
1000317a:	4b17      	ldr	r3, [pc, #92]	@ (100031d8 <tud_task_ext+0x7d4>)
1000317c:	6929      	ldr	r1, [r5, #16]
1000317e:	4299      	cmp	r1, r3
10003180:	d1b0      	bne.n	100030e4 <tud_task_ext+0x6e0>
10003182:	9a07      	ldr	r2, [sp, #28]
10003184:	e7ae      	b.n	100030e4 <tud_task_ext+0x6e0>
10003186:	f7ff fbad 	bl	100028e4 <tud_descriptor_device_qualifier_cb>
1000318a:	1e02      	subs	r2, r0, #0
1000318c:	d100      	bne.n	10003190 <tud_task_ext+0x78c>
1000318e:	e5bb      	b.n	10002d08 <tud_task_ext+0x304>
10003190:	4658      	mov	r0, fp
10003192:	7813      	ldrb	r3, [r2, #0]
10003194:	a90e      	add	r1, sp, #56	@ 0x38
10003196:	f000 f8ed 	bl	10003374 <tud_control_xfer>
1000319a:	e5c6      	b.n	10002d2a <tud_task_ext+0x326>
1000319c:	8921      	ldrh	r1, [r4, #8]
1000319e:	f7ff f847 	bl	10002230 <tud_descriptor_string_cb>
100031a2:	1e02      	subs	r2, r0, #0
100031a4:	d1f4      	bne.n	10003190 <tud_task_ext+0x78c>
100031a6:	e5af      	b.n	10002d08 <tud_task_ext+0x304>
100031a8:	2b02      	cmp	r3, #2
100031aa:	d00f      	beq.n	100031cc <tud_task_ext+0x7c8>
100031ac:	f7ff fb9c 	bl	100028e8 <tud_descriptor_other_speed_configuration_cb>
100031b0:	1e02      	subs	r2, r0, #0
100031b2:	d1cb      	bne.n	1000314c <tud_task_ext+0x748>
100031b4:	e5a8      	b.n	10002d08 <tud_task_ext+0x304>
100031b6:	f7ff f833 	bl	10002220 <tud_descriptor_device_cb>
100031ba:	1e02      	subs	r2, r0, #0
100031bc:	d100      	bne.n	100031c0 <tud_task_ext+0x7bc>
100031be:	e5a3      	b.n	10002d08 <tud_task_ext+0x304>
100031c0:	2312      	movs	r3, #18
100031c2:	4658      	mov	r0, fp
100031c4:	a90e      	add	r1, sp, #56	@ 0x38
100031c6:	f000 f8d5 	bl	10003374 <tud_control_xfer>
100031ca:	e5ae      	b.n	10002d2a <tud_task_ext+0x326>
100031cc:	f7ff f82c 	bl	10002228 <tud_descriptor_configuration_cb>
100031d0:	1e02      	subs	r2, r0, #0
100031d2:	d1bb      	bne.n	1000314c <tud_task_ext+0x748>
100031d4:	e598      	b.n	10002d08 <tud_task_ext+0x304>
100031d6:	46c0      	nop			@ (mov r8, r8)
100031d8:	10003821 	.word	0x10003821

100031dc <usbd_open_edpt_pair>:
100031dc:	b5f0      	push	{r4, r5, r6, r7, lr}
100031de:	464f      	mov	r7, r9
100031e0:	4646      	mov	r6, r8
100031e2:	46d6      	mov	lr, sl
100031e4:	b5c0      	push	{r6, r7, lr}
100031e6:	000c      	movs	r4, r1
100031e8:	0016      	movs	r6, r2
100031ea:	001f      	movs	r7, r3
100031ec:	b082      	sub	sp, #8
100031ee:	2a00      	cmp	r2, #0
100031f0:	d03a      	beq.n	10003268 <usbd_open_edpt_pair+0x8c>
100031f2:	2370      	movs	r3, #112	@ 0x70
100031f4:	4698      	mov	r8, r3
100031f6:	4b1d      	ldr	r3, [pc, #116]	@ (1000326c <usbd_open_edpt_pair+0x90>)
100031f8:	2500      	movs	r5, #0
100031fa:	4699      	mov	r9, r3
100031fc:	4b1c      	ldr	r3, [pc, #112]	@ (10003270 <usbd_open_edpt_pair+0x94>)
100031fe:	469a      	mov	sl, r3
10003200:	e01a      	b.n	10003238 <usbd_open_edpt_pair+0x5c>
10003202:	464b      	mov	r3, r9
10003204:	781b      	ldrb	r3, [r3, #0]
10003206:	0020      	movs	r0, r4
10003208:	9301      	str	r3, [sp, #4]
1000320a:	4653      	mov	r3, sl
1000320c:	7899      	ldrb	r1, [r3, #2]
1000320e:	f000 fcb9 	bl	10003b84 <tu_edpt_validate>
10003212:	2800      	cmp	r0, #0
10003214:	d01c      	beq.n	10003250 <usbd_open_edpt_pair+0x74>
10003216:	0021      	movs	r1, r4
10003218:	9801      	ldr	r0, [sp, #4]
1000321a:	f7ff fa55 	bl	100026c8 <dcd_edpt_open>
1000321e:	2800      	cmp	r0, #0
10003220:	d016      	beq.n	10003250 <usbd_open_edpt_pair+0x74>
10003222:	78a3      	ldrb	r3, [r4, #2]
10003224:	09da      	lsrs	r2, r3, #7
10003226:	2a01      	cmp	r2, #1
10003228:	d019      	beq.n	1000325e <usbd_open_edpt_pair+0x82>
1000322a:	9a0a      	ldr	r2, [sp, #40]	@ 0x28
1000322c:	3501      	adds	r5, #1
1000322e:	7013      	strb	r3, [r2, #0]
10003230:	42b5      	cmp	r5, r6
10003232:	da19      	bge.n	10003268 <usbd_open_edpt_pair+0x8c>
10003234:	7823      	ldrb	r3, [r4, #0]
10003236:	18e4      	adds	r4, r4, r3
10003238:	7863      	ldrb	r3, [r4, #1]
1000323a:	2b05      	cmp	r3, #5
1000323c:	d108      	bne.n	10003250 <usbd_open_edpt_pair+0x74>
1000323e:	78e3      	ldrb	r3, [r4, #3]
10003240:	079b      	lsls	r3, r3, #30
10003242:	0f9b      	lsrs	r3, r3, #30
10003244:	42bb      	cmp	r3, r7
10003246:	d103      	bne.n	10003250 <usbd_open_edpt_pair+0x74>
10003248:	4642      	mov	r2, r8
1000324a:	78a3      	ldrb	r3, [r4, #2]
1000324c:	421a      	tst	r2, r3
1000324e:	d0d8      	beq.n	10003202 <usbd_open_edpt_pair+0x26>
10003250:	2000      	movs	r0, #0
10003252:	b002      	add	sp, #8
10003254:	bce0      	pop	{r5, r6, r7}
10003256:	46ba      	mov	sl, r7
10003258:	46b1      	mov	r9, r6
1000325a:	46a8      	mov	r8, r5
1000325c:	bdf0      	pop	{r4, r5, r6, r7, pc}
1000325e:	9a0b      	ldr	r2, [sp, #44]	@ 0x2c
10003260:	3501      	adds	r5, #1
10003262:	7013      	strb	r3, [r2, #0]
10003264:	42b5      	cmp	r5, r6
10003266:	dbe5      	blt.n	10003234 <usbd_open_edpt_pair+0x58>
10003268:	2001      	movs	r0, #1
1000326a:	e7f2      	b.n	10003252 <usbd_open_edpt_pair+0x76>
1000326c:	20001024 	.word	0x20001024
10003270:	20001568 	.word	0x20001568

10003274 <usbd_edpt_open>:
10003274:	2270      	movs	r2, #112	@ 0x70
10003276:	b570      	push	{r4, r5, r6, lr}
10003278:	788b      	ldrb	r3, [r1, #2]
1000327a:	000c      	movs	r4, r1
1000327c:	421a      	tst	r2, r3
1000327e:	d001      	beq.n	10003284 <usbd_edpt_open+0x10>
10003280:	2000      	movs	r0, #0
10003282:	bd70      	pop	{r4, r5, r6, pc}
10003284:	4b06      	ldr	r3, [pc, #24]	@ (100032a0 <usbd_edpt_open+0x2c>)
10003286:	0020      	movs	r0, r4
10003288:	781d      	ldrb	r5, [r3, #0]
1000328a:	4b06      	ldr	r3, [pc, #24]	@ (100032a4 <usbd_edpt_open+0x30>)
1000328c:	7899      	ldrb	r1, [r3, #2]
1000328e:	f000 fc79 	bl	10003b84 <tu_edpt_validate>
10003292:	2800      	cmp	r0, #0
10003294:	d0f4      	beq.n	10003280 <usbd_edpt_open+0xc>
10003296:	0021      	movs	r1, r4
10003298:	0028      	movs	r0, r5
1000329a:	f7ff fa15 	bl	100026c8 <dcd_edpt_open>
1000329e:	e7f0      	b.n	10003282 <usbd_edpt_open+0xe>
100032a0:	20001024 	.word	0x20001024
100032a4:	20001568 	.word	0x20001568

100032a8 <usbd_edpt_claim>:
100032a8:	207f      	movs	r0, #127	@ 0x7f
100032aa:	4b07      	ldr	r3, [pc, #28]	@ (100032c8 <usbd_edpt_claim+0x20>)
100032ac:	b510      	push	{r4, lr}
100032ae:	681a      	ldr	r2, [r3, #0]
100032b0:	4008      	ands	r0, r1
100032b2:	09cb      	lsrs	r3, r1, #7
100032b4:	3334      	adds	r3, #52	@ 0x34
100032b6:	0040      	lsls	r0, r0, #1
100032b8:	18c0      	adds	r0, r0, r3
100032ba:	4b04      	ldr	r3, [pc, #16]	@ (100032cc <usbd_edpt_claim+0x24>)
100032bc:	0011      	movs	r1, r2
100032be:	18c0      	adds	r0, r0, r3
100032c0:	f000 fc1c 	bl	10003afc <tu_edpt_claim>
100032c4:	bd10      	pop	{r4, pc}
100032c6:	46c0      	nop			@ (mov r8, r8)
100032c8:	200015bc 	.word	0x200015bc
100032cc:	20001568 	.word	0x20001568

100032d0 <usbd_edpt_release>:
100032d0:	207f      	movs	r0, #127	@ 0x7f
100032d2:	4b07      	ldr	r3, [pc, #28]	@ (100032f0 <usbd_edpt_release+0x20>)
100032d4:	b510      	push	{r4, lr}
100032d6:	681a      	ldr	r2, [r3, #0]
100032d8:	4008      	ands	r0, r1
100032da:	09cb      	lsrs	r3, r1, #7
100032dc:	3334      	adds	r3, #52	@ 0x34
100032de:	0040      	lsls	r0, r0, #1
100032e0:	18c0      	adds	r0, r0, r3
100032e2:	4b04      	ldr	r3, [pc, #16]	@ (100032f4 <usbd_edpt_release+0x24>)
100032e4:	0011      	movs	r1, r2
100032e6:	18c0      	adds	r0, r0, r3
100032e8:	f000 fc30 	bl	10003b4c <tu_edpt_release>
100032ec:	bd10      	pop	{r4, pc}
100032ee:	46c0      	nop			@ (mov r8, r8)
100032f0:	200015bc 	.word	0x200015bc
100032f4:	20001568 	.word	0x20001568

100032f8 <usbd_edpt_xfer>:
100032f8:	b570      	push	{r4, r5, r6, lr}
100032fa:	247f      	movs	r4, #127	@ 0x7f
100032fc:	09c8      	lsrs	r0, r1, #7
100032fe:	4684      	mov	ip, r0
10003300:	400c      	ands	r4, r1
10003302:	480f      	ldr	r0, [pc, #60]	@ (10003340 <usbd_edpt_xfer+0x48>)
10003304:	0064      	lsls	r4, r4, #1
10003306:	1904      	adds	r4, r0, r4
10003308:	4464      	add	r4, ip
1000330a:	3430      	adds	r4, #48	@ 0x30
1000330c:	7920      	ldrb	r0, [r4, #4]
1000330e:	07c0      	lsls	r0, r0, #31
10003310:	d501      	bpl.n	10003316 <usbd_edpt_xfer+0x1e>
10003312:	2000      	movs	r0, #0
10003314:	bd70      	pop	{r4, r5, r6, pc}
10003316:	480b      	ldr	r0, [pc, #44]	@ (10003344 <usbd_edpt_xfer+0x4c>)
10003318:	2501      	movs	r5, #1
1000331a:	7800      	ldrb	r0, [r0, #0]
1000331c:	4684      	mov	ip, r0
1000331e:	7920      	ldrb	r0, [r4, #4]
10003320:	4328      	orrs	r0, r5
10003322:	7120      	strb	r0, [r4, #4]
10003324:	4660      	mov	r0, ip
10003326:	f7ff fa51 	bl	100027cc <dcd_edpt_xfer>
1000332a:	2800      	cmp	r0, #0
1000332c:	d1f2      	bne.n	10003314 <usbd_edpt_xfer+0x1c>
1000332e:	2201      	movs	r2, #1
10003330:	7923      	ldrb	r3, [r4, #4]
10003332:	4393      	bics	r3, r2
10003334:	7123      	strb	r3, [r4, #4]
10003336:	7923      	ldrb	r3, [r4, #4]
10003338:	3203      	adds	r2, #3
1000333a:	4393      	bics	r3, r2
1000333c:	7123      	strb	r3, [r4, #4]
1000333e:	e7e8      	b.n	10003312 <usbd_edpt_xfer+0x1a>
10003340:	20001568 	.word	0x20001568
10003344:	20001024 	.word	0x20001024

10003348 <tud_control_status>:
10003348:	b570      	push	{r4, r5, r6, lr}
1000334a:	4c09      	ldr	r4, [pc, #36]	@ (10003370 <tud_control_status+0x28>)
1000334c:	0006      	movs	r6, r0
1000334e:	2208      	movs	r2, #8
10003350:	0020      	movs	r0, r4
10003352:	000d      	movs	r5, r1
10003354:	f7fe fbd2 	bl	10001afc <__wrap___aeabi_memcpy>
10003358:	2300      	movs	r3, #0
1000335a:	2180      	movs	r1, #128	@ 0x80
1000335c:	60e3      	str	r3, [r4, #12]
1000335e:	60a3      	str	r3, [r4, #8]
10003360:	782b      	ldrb	r3, [r5, #0]
10003362:	0030      	movs	r0, r6
10003364:	4399      	bics	r1, r3
10003366:	2200      	movs	r2, #0
10003368:	2300      	movs	r3, #0
1000336a:	f7ff ffc5 	bl	100032f8 <usbd_edpt_xfer>
1000336e:	bd70      	pop	{r4, r5, r6, pc}
10003370:	20001548 	.word	0x20001548

10003374 <tud_control_xfer>:
10003374:	b5f0      	push	{r4, r5, r6, r7, lr}
10003376:	46c6      	mov	lr, r8
10003378:	4c24      	ldr	r4, [pc, #144]	@ (1000340c <tud_control_xfer+0x98>)
1000337a:	0017      	movs	r7, r2
1000337c:	4680      	mov	r8, r0
1000337e:	2208      	movs	r2, #8
10003380:	0020      	movs	r0, r4
10003382:	b500      	push	{lr}
10003384:	000d      	movs	r5, r1
10003386:	001e      	movs	r6, r3
10003388:	f7fe fbb8 	bl	10001afc <__wrap___aeabi_memcpy>
1000338c:	2300      	movs	r3, #0
1000338e:	60a7      	str	r7, [r4, #8]
10003390:	81e3      	strh	r3, [r4, #14]
10003392:	79eb      	ldrb	r3, [r5, #7]
10003394:	79aa      	ldrb	r2, [r5, #6]
10003396:	021b      	lsls	r3, r3, #8
10003398:	4313      	orrs	r3, r2
1000339a:	1c1a      	adds	r2, r3, #0
1000339c:	42b3      	cmp	r3, r6
1000339e:	d900      	bls.n	100033a2 <tud_control_xfer+0x2e>
100033a0:	1c32      	adds	r2, r6, #0
100033a2:	b296      	uxth	r6, r2
100033a4:	81a2      	strh	r2, [r4, #12]
100033a6:	2b00      	cmp	r3, #0
100033a8:	d00c      	beq.n	100033c4 <tud_control_xfer+0x50>
100033aa:	2e00      	cmp	r6, #0
100033ac:	d015      	beq.n	100033da <tud_control_xfer+0x66>
100033ae:	2f00      	cmp	r7, #0
100033b0:	d02a      	beq.n	10003408 <tud_control_xfer+0x94>
100033b2:	2e40      	cmp	r6, #64	@ 0x40
100033b4:	d81a      	bhi.n	100033ec <tud_control_xfer+0x78>
100033b6:	7823      	ldrb	r3, [r4, #0]
100033b8:	b296      	uxth	r6, r2
100033ba:	2b7f      	cmp	r3, #127	@ 0x7f
100033bc:	d81b      	bhi.n	100033f6 <tud_control_xfer+0x82>
100033be:	2100      	movs	r1, #0
100033c0:	4a13      	ldr	r2, [pc, #76]	@ (10003410 <tud_control_xfer+0x9c>)
100033c2:	e00e      	b.n	100033e2 <tud_control_xfer+0x6e>
100033c4:	2180      	movs	r1, #128	@ 0x80
100033c6:	782b      	ldrb	r3, [r5, #0]
100033c8:	2200      	movs	r2, #0
100033ca:	4399      	bics	r1, r3
100033cc:	4640      	mov	r0, r8
100033ce:	2300      	movs	r3, #0
100033d0:	f7ff ff92 	bl	100032f8 <usbd_edpt_xfer>
100033d4:	bc80      	pop	{r7}
100033d6:	46b8      	mov	r8, r7
100033d8:	bdf0      	pop	{r4, r5, r6, r7, pc}
100033da:	237f      	movs	r3, #127	@ 0x7f
100033dc:	2200      	movs	r2, #0
100033de:	7821      	ldrb	r1, [r4, #0]
100033e0:	4399      	bics	r1, r3
100033e2:	0033      	movs	r3, r6
100033e4:	4640      	mov	r0, r8
100033e6:	f7ff ff87 	bl	100032f8 <usbd_edpt_xfer>
100033ea:	e7f3      	b.n	100033d4 <tud_control_xfer+0x60>
100033ec:	2240      	movs	r2, #64	@ 0x40
100033ee:	7823      	ldrb	r3, [r4, #0]
100033f0:	b296      	uxth	r6, r2
100033f2:	2b7f      	cmp	r3, #127	@ 0x7f
100033f4:	d9e3      	bls.n	100033be <tud_control_xfer+0x4a>
100033f6:	4c06      	ldr	r4, [pc, #24]	@ (10003410 <tud_control_xfer+0x9c>)
100033f8:	0032      	movs	r2, r6
100033fa:	0039      	movs	r1, r7
100033fc:	0020      	movs	r0, r4
100033fe:	f7fe fb7d 	bl	10001afc <__wrap___aeabi_memcpy>
10003402:	2180      	movs	r1, #128	@ 0x80
10003404:	0022      	movs	r2, r4
10003406:	e7ec      	b.n	100033e2 <tud_control_xfer+0x6e>
10003408:	2000      	movs	r0, #0
1000340a:	e7e3      	b.n	100033d4 <tud_control_xfer+0x60>
1000340c:	20001548 	.word	0x20001548
10003410:	20001508 	.word	0x20001508

10003414 <usbd_control_reset>:
10003414:	b510      	push	{r4, lr}
10003416:	2214      	movs	r2, #20
10003418:	2100      	movs	r1, #0
1000341a:	4802      	ldr	r0, [pc, #8]	@ (10003424 <usbd_control_reset+0x10>)
1000341c:	f7fe fb68 	bl	10001af0 <__wrap_memset>
10003420:	bd10      	pop	{r4, pc}
10003422:	46c0      	nop			@ (mov r8, r8)
10003424:	20001548 	.word	0x20001548

10003428 <usbd_control_set_complete_callback>:
10003428:	4b01      	ldr	r3, [pc, #4]	@ (10003430 <usbd_control_set_complete_callback+0x8>)
1000342a:	6118      	str	r0, [r3, #16]
1000342c:	4770      	bx	lr
1000342e:	46c0      	nop			@ (mov r8, r8)
10003430:	20001548 	.word	0x20001548

10003434 <usbd_control_set_request>:
10003434:	b510      	push	{r4, lr}
10003436:	4c05      	ldr	r4, [pc, #20]	@ (1000344c <usbd_control_set_request+0x18>)
10003438:	0001      	movs	r1, r0
1000343a:	2208      	movs	r2, #8
1000343c:	0020      	movs	r0, r4
1000343e:	f7fe fb5d 	bl	10001afc <__wrap___aeabi_memcpy>
10003442:	2300      	movs	r3, #0
10003444:	60a3      	str	r3, [r4, #8]
10003446:	60e3      	str	r3, [r4, #12]
10003448:	bd10      	pop	{r4, pc}
1000344a:	46c0      	nop			@ (mov r8, r8)
1000344c:	20001548 	.word	0x20001548

10003450 <usbd_control_xfer_cb>:
10003450:	b570      	push	{r4, r5, r6, lr}
10003452:	4c37      	ldr	r4, [pc, #220]	@ (10003530 <usbd_control_xfer_cb+0xe0>)
10003454:	001d      	movs	r5, r3
10003456:	7823      	ldrb	r3, [r4, #0]
10003458:	0006      	movs	r6, r0
1000345a:	09da      	lsrs	r2, r3, #7
1000345c:	09c9      	lsrs	r1, r1, #7
1000345e:	428a      	cmp	r2, r1
10003460:	d010      	beq.n	10003484 <usbd_control_xfer_cb+0x34>
10003462:	2000      	movs	r0, #0
10003464:	2d00      	cmp	r5, #0
10003466:	d000      	beq.n	1000346a <usbd_control_xfer_cb+0x1a>
10003468:	bd70      	pop	{r4, r5, r6, pc}
1000346a:	0021      	movs	r1, r4
1000346c:	0030      	movs	r0, r6
1000346e:	f7ff f91d 	bl	100026ac <dcd_edpt0_status_complete>
10003472:	6923      	ldr	r3, [r4, #16]
10003474:	2b00      	cmp	r3, #0
10003476:	d003      	beq.n	10003480 <usbd_control_xfer_cb+0x30>
10003478:	0022      	movs	r2, r4
1000347a:	2103      	movs	r1, #3
1000347c:	0030      	movs	r0, r6
1000347e:	4798      	blx	r3
10003480:	2001      	movs	r0, #1
10003482:	e7f1      	b.n	10003468 <usbd_control_xfer_cb+0x18>
10003484:	2b7f      	cmp	r3, #127	@ 0x7f
10003486:	d806      	bhi.n	10003496 <usbd_control_xfer_cb+0x46>
10003488:	68a0      	ldr	r0, [r4, #8]
1000348a:	2800      	cmp	r0, #0
1000348c:	d0ec      	beq.n	10003468 <usbd_control_xfer_cb+0x18>
1000348e:	002a      	movs	r2, r5
10003490:	4928      	ldr	r1, [pc, #160]	@ (10003534 <usbd_control_xfer_cb+0xe4>)
10003492:	f7fe fb33 	bl	10001afc <__wrap___aeabi_memcpy>
10003496:	89e2      	ldrh	r2, [r4, #14]
10003498:	68a1      	ldr	r1, [r4, #8]
1000349a:	1952      	adds	r2, r2, r5
1000349c:	88e3      	ldrh	r3, [r4, #6]
1000349e:	b292      	uxth	r2, r2
100034a0:	1949      	adds	r1, r1, r5
100034a2:	81e2      	strh	r2, [r4, #14]
100034a4:	60a1      	str	r1, [r4, #8]
100034a6:	4293      	cmp	r3, r2
100034a8:	d014      	beq.n	100034d4 <usbd_control_xfer_cb+0x84>
100034aa:	2d3f      	cmp	r5, #63	@ 0x3f
100034ac:	d912      	bls.n	100034d4 <usbd_control_xfer_cb+0x84>
100034ae:	89a3      	ldrh	r3, [r4, #12]
100034b0:	1a98      	subs	r0, r3, r2
100034b2:	1c05      	adds	r5, r0, #0
100034b4:	b280      	uxth	r0, r0
100034b6:	2840      	cmp	r0, #64	@ 0x40
100034b8:	d828      	bhi.n	1000350c <usbd_control_xfer_cb+0xbc>
100034ba:	7820      	ldrb	r0, [r4, #0]
100034bc:	b2ad      	uxth	r5, r5
100034be:	287f      	cmp	r0, #127	@ 0x7f
100034c0:	d826      	bhi.n	10003510 <usbd_control_xfer_cb+0xc0>
100034c2:	2100      	movs	r1, #0
100034c4:	429a      	cmp	r2, r3
100034c6:	d030      	beq.n	1000352a <usbd_control_xfer_cb+0xda>
100034c8:	4a1a      	ldr	r2, [pc, #104]	@ (10003534 <usbd_control_xfer_cb+0xe4>)
100034ca:	002b      	movs	r3, r5
100034cc:	0030      	movs	r0, r6
100034ce:	f7ff ff13 	bl	100032f8 <usbd_edpt_xfer>
100034d2:	e7c9      	b.n	10003468 <usbd_control_xfer_cb+0x18>
100034d4:	6923      	ldr	r3, [r4, #16]
100034d6:	2b00      	cmp	r3, #0
100034d8:	d005      	beq.n	100034e6 <usbd_control_xfer_cb+0x96>
100034da:	0022      	movs	r2, r4
100034dc:	2102      	movs	r1, #2
100034de:	0030      	movs	r0, r6
100034e0:	4798      	blx	r3
100034e2:	2800      	cmp	r0, #0
100034e4:	d008      	beq.n	100034f8 <usbd_control_xfer_cb+0xa8>
100034e6:	2180      	movs	r1, #128	@ 0x80
100034e8:	7823      	ldrb	r3, [r4, #0]
100034ea:	2200      	movs	r2, #0
100034ec:	4399      	bics	r1, r3
100034ee:	0030      	movs	r0, r6
100034f0:	2300      	movs	r3, #0
100034f2:	f7ff ff01 	bl	100032f8 <usbd_edpt_xfer>
100034f6:	e7b7      	b.n	10003468 <usbd_control_xfer_cb+0x18>
100034f8:	2100      	movs	r1, #0
100034fa:	0030      	movs	r0, r6
100034fc:	f7ff f978 	bl	100027f0 <dcd_edpt_stall>
10003500:	0030      	movs	r0, r6
10003502:	2180      	movs	r1, #128	@ 0x80
10003504:	f7ff f974 	bl	100027f0 <dcd_edpt_stall>
10003508:	2001      	movs	r0, #1
1000350a:	e7ad      	b.n	10003468 <usbd_control_xfer_cb+0x18>
1000350c:	2540      	movs	r5, #64	@ 0x40
1000350e:	e7d4      	b.n	100034ba <usbd_control_xfer_cb+0x6a>
10003510:	429a      	cmp	r2, r3
10003512:	d007      	beq.n	10003524 <usbd_control_xfer_cb+0xd4>
10003514:	4c07      	ldr	r4, [pc, #28]	@ (10003534 <usbd_control_xfer_cb+0xe4>)
10003516:	002a      	movs	r2, r5
10003518:	0020      	movs	r0, r4
1000351a:	f7fe faef 	bl	10001afc <__wrap___aeabi_memcpy>
1000351e:	2180      	movs	r1, #128	@ 0x80
10003520:	0022      	movs	r2, r4
10003522:	e7d2      	b.n	100034ca <usbd_control_xfer_cb+0x7a>
10003524:	2180      	movs	r1, #128	@ 0x80
10003526:	2200      	movs	r2, #0
10003528:	e7cf      	b.n	100034ca <usbd_control_xfer_cb+0x7a>
1000352a:	2200      	movs	r2, #0
1000352c:	e7cd      	b.n	100034ca <usbd_control_xfer_cb+0x7a>
1000352e:	46c0      	nop			@ (mov r8, r8)
10003530:	20001548 	.word	0x20001548
10003534:	20001508 	.word	0x20001508

10003538 <_prep_out_transaction.isra.0>:
10003538:	b570      	push	{r4, r5, r6, lr}
1000353a:	0004      	movs	r4, r0
1000353c:	f7ff f9de 	bl	100028fc <tud_mounted>
10003540:	2800      	cmp	r0, #0
10003542:	d100      	bne.n	10003546 <_prep_out_transaction.isra.0+0xe>
10003544:	bd70      	pop	{r4, r5, r6, pc}
10003546:	f7ff f9e1 	bl	1000290c <tud_suspended>
1000354a:	2800      	cmp	r0, #0
1000354c:	d1fa      	bne.n	10003544 <_prep_out_transaction.isra.0+0xc>
1000354e:	23c8      	movs	r3, #200	@ 0xc8
10003550:	4363      	muls	r3, r4
10003552:	4a12      	ldr	r2, [pc, #72]	@ (1000359c <_prep_out_transaction.isra.0+0x64>)
10003554:	0025      	movs	r5, r4
10003556:	18d4      	adds	r4, r2, r3
10003558:	78e1      	ldrb	r1, [r4, #3]
1000355a:	2900      	cmp	r1, #0
1000355c:	d0f2      	beq.n	10003544 <_prep_out_transaction.isra.0+0xc>
1000355e:	3310      	adds	r3, #16
10003560:	189e      	adds	r6, r3, r2
10003562:	0030      	movs	r0, r6
10003564:	f000 fbb6 	bl	10003cd4 <tu_fifo_remaining>
10003568:	283f      	cmp	r0, #63	@ 0x3f
1000356a:	d9eb      	bls.n	10003544 <_prep_out_transaction.isra.0+0xc>
1000356c:	2000      	movs	r0, #0
1000356e:	78e1      	ldrb	r1, [r4, #3]
10003570:	f7ff fe9a 	bl	100032a8 <usbd_edpt_claim>
10003574:	2800      	cmp	r0, #0
10003576:	d0e5      	beq.n	10003544 <_prep_out_transaction.isra.0+0xc>
10003578:	0030      	movs	r0, r6
1000357a:	f000 fbab 	bl	10003cd4 <tu_fifo_remaining>
1000357e:	78e1      	ldrb	r1, [r4, #3]
10003580:	283f      	cmp	r0, #63	@ 0x3f
10003582:	d907      	bls.n	10003594 <_prep_out_transaction.isra.0+0x5c>
10003584:	4b06      	ldr	r3, [pc, #24]	@ (100035a0 <_prep_out_transaction.isra.0+0x68>)
10003586:	01ea      	lsls	r2, r5, #7
10003588:	18d2      	adds	r2, r2, r3
1000358a:	2000      	movs	r0, #0
1000358c:	2340      	movs	r3, #64	@ 0x40
1000358e:	f7ff feb3 	bl	100032f8 <usbd_edpt_xfer>
10003592:	e7d7      	b.n	10003544 <_prep_out_transaction.isra.0+0xc>
10003594:	2000      	movs	r0, #0
10003596:	f7ff fe9b 	bl	100032d0 <usbd_edpt_release>
1000359a:	e7d3      	b.n	10003544 <_prep_out_transaction.isra.0+0xc>
1000359c:	20001030 	.word	0x20001030
100035a0:	20001484 	.word	0x20001484

100035a4 <tud_cdc_n_connected>:
100035a4:	b510      	push	{r4, lr}
100035a6:	0004      	movs	r4, r0
100035a8:	f7ff f9a8 	bl	100028fc <tud_mounted>
100035ac:	2800      	cmp	r0, #0
100035ae:	d101      	bne.n	100035b4 <tud_cdc_n_connected+0x10>
100035b0:	2000      	movs	r0, #0
100035b2:	bd10      	pop	{r4, pc}
100035b4:	f7ff f9aa 	bl	1000290c <tud_suspended>
100035b8:	2800      	cmp	r0, #0
100035ba:	d1f9      	bne.n	100035b0 <tud_cdc_n_connected+0xc>
100035bc:	22c8      	movs	r2, #200	@ 0xc8
100035be:	4362      	muls	r2, r4
100035c0:	4b02      	ldr	r3, [pc, #8]	@ (100035cc <tud_cdc_n_connected+0x28>)
100035c2:	3001      	adds	r0, #1
100035c4:	189b      	adds	r3, r3, r2
100035c6:	791b      	ldrb	r3, [r3, #4]
100035c8:	4018      	ands	r0, r3
100035ca:	e7f2      	b.n	100035b2 <tud_cdc_n_connected+0xe>
100035cc:	20001030 	.word	0x20001030

100035d0 <tud_cdc_n_available>:
100035d0:	23c8      	movs	r3, #200	@ 0xc8
100035d2:	b510      	push	{r4, lr}
100035d4:	4343      	muls	r3, r0
100035d6:	4802      	ldr	r0, [pc, #8]	@ (100035e0 <tud_cdc_n_available+0x10>)
100035d8:	1818      	adds	r0, r3, r0
100035da:	f000 fb5d 	bl	10003c98 <tu_fifo_count>
100035de:	bd10      	pop	{r4, pc}
100035e0:	20001040 	.word	0x20001040

100035e4 <tud_cdc_n_read>:
100035e4:	b5f8      	push	{r3, r4, r5, r6, r7, lr}
100035e6:	23c8      	movs	r3, #200	@ 0xc8
100035e8:	4343      	muls	r3, r0
100035ea:	4d1d      	ldr	r5, [pc, #116]	@ (10003660 <tud_cdc_n_read+0x7c>)
100035ec:	3310      	adds	r3, #16
100035ee:	18ee      	adds	r6, r5, r3
100035f0:	2380      	movs	r3, #128	@ 0x80
100035f2:	0004      	movs	r4, r0
100035f4:	025b      	lsls	r3, r3, #9
100035f6:	429a      	cmp	r2, r3
100035f8:	d300      	bcc.n	100035fc <tud_cdc_n_read+0x18>
100035fa:	4a1a      	ldr	r2, [pc, #104]	@ (10003664 <tud_cdc_n_read+0x80>)
100035fc:	0030      	movs	r0, r6
100035fe:	b292      	uxth	r2, r2
10003600:	f000 fbcc 	bl	10003d9c <tu_fifo_read_n>
10003604:	0007      	movs	r7, r0
10003606:	f7ff f979 	bl	100028fc <tud_mounted>
1000360a:	2800      	cmp	r0, #0
1000360c:	d101      	bne.n	10003612 <tud_cdc_n_read+0x2e>
1000360e:	0038      	movs	r0, r7
10003610:	bdf8      	pop	{r3, r4, r5, r6, r7, pc}
10003612:	f7ff f97b 	bl	1000290c <tud_suspended>
10003616:	2800      	cmp	r0, #0
10003618:	d1f9      	bne.n	1000360e <tud_cdc_n_read+0x2a>
1000361a:	23c8      	movs	r3, #200	@ 0xc8
1000361c:	4363      	muls	r3, r4
1000361e:	18ed      	adds	r5, r5, r3
10003620:	78eb      	ldrb	r3, [r5, #3]
10003622:	2b00      	cmp	r3, #0
10003624:	d0f3      	beq.n	1000360e <tud_cdc_n_read+0x2a>
10003626:	0030      	movs	r0, r6
10003628:	f000 fb54 	bl	10003cd4 <tu_fifo_remaining>
1000362c:	283f      	cmp	r0, #63	@ 0x3f
1000362e:	d9ee      	bls.n	1000360e <tud_cdc_n_read+0x2a>
10003630:	2000      	movs	r0, #0
10003632:	78e9      	ldrb	r1, [r5, #3]
10003634:	f7ff fe38 	bl	100032a8 <usbd_edpt_claim>
10003638:	2800      	cmp	r0, #0
1000363a:	d0e8      	beq.n	1000360e <tud_cdc_n_read+0x2a>
1000363c:	0030      	movs	r0, r6
1000363e:	f000 fb49 	bl	10003cd4 <tu_fifo_remaining>
10003642:	78e9      	ldrb	r1, [r5, #3]
10003644:	283f      	cmp	r0, #63	@ 0x3f
10003646:	d907      	bls.n	10003658 <tud_cdc_n_read+0x74>
10003648:	4b07      	ldr	r3, [pc, #28]	@ (10003668 <tud_cdc_n_read+0x84>)
1000364a:	01e2      	lsls	r2, r4, #7
1000364c:	18d2      	adds	r2, r2, r3
1000364e:	2000      	movs	r0, #0
10003650:	2340      	movs	r3, #64	@ 0x40
10003652:	f7ff fe51 	bl	100032f8 <usbd_edpt_xfer>
10003656:	e7da      	b.n	1000360e <tud_cdc_n_read+0x2a>
10003658:	2000      	movs	r0, #0
1000365a:	f7ff fe39 	bl	100032d0 <usbd_edpt_release>
1000365e:	e7d6      	b.n	1000360e <tud_cdc_n_read+0x2a>
10003660:	20001030 	.word	0x20001030
10003664:	0000ffff 	.word	0x0000ffff
10003668:	20001484 	.word	0x20001484

1000366c <tud_cdc_n_write_flush>:
1000366c:	b5f8      	push	{r3, r4, r5, r6, r7, lr}
1000366e:	0004      	movs	r4, r0
10003670:	f7ff f944 	bl	100028fc <tud_mounted>
10003674:	2800      	cmp	r0, #0
10003676:	d101      	bne.n	1000367c <tud_cdc_n_write_flush+0x10>
10003678:	2000      	movs	r0, #0
1000367a:	bdf8      	pop	{r3, r4, r5, r6, r7, pc}
1000367c:	f7ff f946 	bl	1000290c <tud_suspended>
10003680:	2800      	cmp	r0, #0
10003682:	d1f9      	bne.n	10003678 <tud_cdc_n_write_flush+0xc>
10003684:	23c8      	movs	r3, #200	@ 0xc8
10003686:	0025      	movs	r5, r4
10003688:	435d      	muls	r5, r3
1000368a:	002b      	movs	r3, r5
1000368c:	4e13      	ldr	r6, [pc, #76]	@ (100036dc <tud_cdc_n_write_flush+0x70>)
1000368e:	3324      	adds	r3, #36	@ 0x24
10003690:	18f7      	adds	r7, r6, r3
10003692:	0038      	movs	r0, r7
10003694:	f000 fb00 	bl	10003c98 <tu_fifo_count>
10003698:	2800      	cmp	r0, #0
1000369a:	d0ed      	beq.n	10003678 <tud_cdc_n_write_flush+0xc>
1000369c:	1975      	adds	r5, r6, r5
1000369e:	2000      	movs	r0, #0
100036a0:	78a9      	ldrb	r1, [r5, #2]
100036a2:	f7ff fe01 	bl	100032a8 <usbd_edpt_claim>
100036a6:	2800      	cmp	r0, #0
100036a8:	d0e6      	beq.n	10003678 <tud_cdc_n_write_flush+0xc>
100036aa:	4a0d      	ldr	r2, [pc, #52]	@ (100036e0 <tud_cdc_n_write_flush+0x74>)
100036ac:	01e3      	lsls	r3, r4, #7
100036ae:	189c      	adds	r4, r3, r2
100036b0:	0021      	movs	r1, r4
100036b2:	2240      	movs	r2, #64	@ 0x40
100036b4:	0038      	movs	r0, r7
100036b6:	f000 fb71 	bl	10003d9c <tu_fifo_read_n>
100036ba:	78a9      	ldrb	r1, [r5, #2]
100036bc:	0003      	movs	r3, r0
100036be:	1e05      	subs	r5, r0, #0
100036c0:	d007      	beq.n	100036d2 <tud_cdc_n_write_flush+0x66>
100036c2:	0022      	movs	r2, r4
100036c4:	2000      	movs	r0, #0
100036c6:	f7ff fe17 	bl	100032f8 <usbd_edpt_xfer>
100036ca:	2800      	cmp	r0, #0
100036cc:	d0d4      	beq.n	10003678 <tud_cdc_n_write_flush+0xc>
100036ce:	0028      	movs	r0, r5
100036d0:	e7d3      	b.n	1000367a <tud_cdc_n_write_flush+0xe>
100036d2:	2000      	movs	r0, #0
100036d4:	f7ff fdfc 	bl	100032d0 <usbd_edpt_release>
100036d8:	e7ce      	b.n	10003678 <tud_cdc_n_write_flush+0xc>
100036da:	46c0      	nop			@ (mov r8, r8)
100036dc:	20001030 	.word	0x20001030
100036e0:	200014c4 	.word	0x200014c4

100036e4 <tud_cdc_n_write>:
100036e4:	b570      	push	{r4, r5, r6, lr}
100036e6:	24c8      	movs	r4, #200	@ 0xc8
100036e8:	4344      	muls	r4, r0
100036ea:	4b0c      	ldr	r3, [pc, #48]	@ (1000371c <tud_cdc_n_write+0x38>)
100036ec:	0005      	movs	r5, r0
100036ee:	18e4      	adds	r4, r4, r3
100036f0:	2380      	movs	r3, #128	@ 0x80
100036f2:	025b      	lsls	r3, r3, #9
100036f4:	429a      	cmp	r2, r3
100036f6:	d300      	bcc.n	100036fa <tud_cdc_n_write+0x16>
100036f8:	4a09      	ldr	r2, [pc, #36]	@ (10003720 <tud_cdc_n_write+0x3c>)
100036fa:	0020      	movs	r0, r4
100036fc:	b292      	uxth	r2, r2
100036fe:	f000 fc15 	bl	10003f2c <tu_fifo_write_n>
10003702:	0006      	movs	r6, r0
10003704:	0020      	movs	r0, r4
10003706:	f000 fac7 	bl	10003c98 <tu_fifo_count>
1000370a:	283f      	cmp	r0, #63	@ 0x3f
1000370c:	d801      	bhi.n	10003712 <tud_cdc_n_write+0x2e>
1000370e:	0030      	movs	r0, r6
10003710:	bd70      	pop	{r4, r5, r6, pc}
10003712:	0028      	movs	r0, r5
10003714:	f7ff ffaa 	bl	1000366c <tud_cdc_n_write_flush>
10003718:	e7f9      	b.n	1000370e <tud_cdc_n_write+0x2a>
1000371a:	46c0      	nop			@ (mov r8, r8)
1000371c:	20001054 	.word	0x20001054
10003720:	0000ffff 	.word	0x0000ffff

10003724 <tud_cdc_n_write_available>:
10003724:	23c8      	movs	r3, #200	@ 0xc8
10003726:	b510      	push	{r4, lr}
10003728:	4343      	muls	r3, r0
1000372a:	4802      	ldr	r0, [pc, #8]	@ (10003734 <tud_cdc_n_write_available+0x10>)
1000372c:	1818      	adds	r0, r3, r0
1000372e:	f000 fad1 	bl	10003cd4 <tu_fifo_remaining>
10003732:	bd10      	pop	{r4, pc}
10003734:	20001054 	.word	0x20001054

10003738 <cdcd_init>:
10003738:	b5f0      	push	{r4, r5, r6, r7, lr}
1000373a:	2500      	movs	r5, #0
1000373c:	4c18      	ldr	r4, [pc, #96]	@ (100037a0 <cdcd_init+0x68>)
1000373e:	b083      	sub	sp, #12
10003740:	22c8      	movs	r2, #200	@ 0xc8
10003742:	2100      	movs	r1, #0
10003744:	0020      	movs	r0, r4
10003746:	f7fe f9d3 	bl	10001af0 <__wrap_memset>
1000374a:	4b16      	ldr	r3, [pc, #88]	@ (100037a4 <cdcd_init+0x6c>)
1000374c:	0021      	movs	r1, r4
1000374e:	701d      	strb	r5, [r3, #0]
10003750:	23ff      	movs	r3, #255	@ 0xff
10003752:	7163      	strb	r3, [r4, #5]
10003754:	23e1      	movs	r3, #225	@ 0xe1
10003756:	025b      	lsls	r3, r3, #9
10003758:	60a3      	str	r3, [r4, #8]
1000375a:	0020      	movs	r0, r4
1000375c:	2308      	movs	r3, #8
1000375e:	2240      	movs	r2, #64	@ 0x40
10003760:	73a3      	strb	r3, [r4, #14]
10003762:	3138      	adds	r1, #56	@ 0x38
10003764:	9500      	str	r5, [sp, #0]
10003766:	3b07      	subs	r3, #7
10003768:	3010      	adds	r0, #16
1000376a:	f000 fa5f 	bl	10003c2c <tu_fifo_config>
1000376e:	0027      	movs	r7, r4
10003770:	2301      	movs	r3, #1
10003772:	0021      	movs	r1, r4
10003774:	0020      	movs	r0, r4
10003776:	0026      	movs	r6, r4
10003778:	2240      	movs	r2, #64	@ 0x40
1000377a:	3178      	adds	r1, #120	@ 0x78
1000377c:	9300      	str	r3, [sp, #0]
1000377e:	37b8      	adds	r7, #184	@ 0xb8
10003780:	3024      	adds	r0, #36	@ 0x24
10003782:	f000 fa53 	bl	10003c2c <tu_fifo_config>
10003786:	36c0      	adds	r6, #192	@ 0xc0
10003788:	0038      	movs	r0, r7
1000378a:	f7fd f8bb 	bl	10000904 <mutex_init>
1000378e:	0030      	movs	r0, r6
10003790:	f7fd f8b8 	bl	10000904 <mutex_init>
10003794:	61e5      	str	r5, [r4, #28]
10003796:	6227      	str	r7, [r4, #32]
10003798:	6326      	str	r6, [r4, #48]	@ 0x30
1000379a:	6365      	str	r5, [r4, #52]	@ 0x34
1000379c:	b003      	add	sp, #12
1000379e:	bdf0      	pop	{r4, r5, r6, r7, pc}
100037a0:	20001030 	.word	0x20001030
100037a4:	20001504 	.word	0x20001504

100037a8 <cdcd_deinit>:
100037a8:	4b0a      	ldr	r3, [pc, #40]	@ (100037d4 <cdcd_deinit+0x2c>)
100037aa:	6b19      	ldr	r1, [r3, #48]	@ 0x30
100037ac:	6a1a      	ldr	r2, [r3, #32]
100037ae:	2900      	cmp	r1, #0
100037b0:	d00c      	beq.n	100037cc <cdcd_deinit+0x24>
100037b2:	2a00      	cmp	r2, #0
100037b4:	d007      	beq.n	100037c6 <cdcd_deinit+0x1e>
100037b6:	2200      	movs	r2, #0
100037b8:	61da      	str	r2, [r3, #28]
100037ba:	635a      	str	r2, [r3, #52]	@ 0x34
100037bc:	631a      	str	r2, [r3, #48]	@ 0x30
100037be:	2200      	movs	r2, #0
100037c0:	621a      	str	r2, [r3, #32]
100037c2:	2001      	movs	r0, #1
100037c4:	4770      	bx	lr
100037c6:	635a      	str	r2, [r3, #52]	@ 0x34
100037c8:	631a      	str	r2, [r3, #48]	@ 0x30
100037ca:	e7fa      	b.n	100037c2 <cdcd_deinit+0x1a>
100037cc:	2a00      	cmp	r2, #0
100037ce:	d0f8      	beq.n	100037c2 <cdcd_deinit+0x1a>
100037d0:	61d9      	str	r1, [r3, #28]
100037d2:	e7f4      	b.n	100037be <cdcd_deinit+0x16>
100037d4:	20001030 	.word	0x20001030

100037d8 <cdcd_reset>:
100037d8:	b570      	push	{r4, r5, r6, lr}
100037da:	2205      	movs	r2, #5
100037dc:	2100      	movs	r1, #0
100037de:	480d      	ldr	r0, [pc, #52]	@ (10003814 <cdcd_reset+0x3c>)
100037e0:	f7fe f986 	bl	10001af0 <__wrap_memset>
100037e4:	4d0c      	ldr	r5, [pc, #48]	@ (10003818 <cdcd_reset+0x40>)
100037e6:	782b      	ldrb	r3, [r5, #0]
100037e8:	07da      	lsls	r2, r3, #31
100037ea:	d507      	bpl.n	100037fc <cdcd_reset+0x24>
100037ec:	4c0b      	ldr	r4, [pc, #44]	@ (1000381c <cdcd_reset+0x44>)
100037ee:	079b      	lsls	r3, r3, #30
100037f0:	d50c      	bpl.n	1000380c <cdcd_reset+0x34>
100037f2:	2101      	movs	r1, #1
100037f4:	0020      	movs	r0, r4
100037f6:	f000 fc6d 	bl	100040d4 <tu_fifo_set_overwritable>
100037fa:	bd70      	pop	{r4, r5, r6, pc}
100037fc:	4805      	ldr	r0, [pc, #20]	@ (10003814 <cdcd_reset+0x3c>)
100037fe:	3010      	adds	r0, #16
10003800:	f000 fc48 	bl	10004094 <tu_fifo_clear>
10003804:	782b      	ldrb	r3, [r5, #0]
10003806:	4c05      	ldr	r4, [pc, #20]	@ (1000381c <cdcd_reset+0x44>)
10003808:	079b      	lsls	r3, r3, #30
1000380a:	d4f2      	bmi.n	100037f2 <cdcd_reset+0x1a>
1000380c:	0020      	movs	r0, r4
1000380e:	f000 fc41 	bl	10004094 <tu_fifo_clear>
10003812:	e7ee      	b.n	100037f2 <cdcd_reset+0x1a>
10003814:	20001030 	.word	0x20001030
10003818:	20001504 	.word	0x20001504
1000381c:	20001054 	.word	0x20001054

10003820 <cdcd_open>:
10003820:	b5f0      	push	{r4, r5, r6, r7, lr}
10003822:	794b      	ldrb	r3, [r1, #5]
10003824:	0007      	movs	r7, r0
10003826:	b083      	sub	sp, #12
10003828:	2b02      	cmp	r3, #2
1000382a:	d102      	bne.n	10003832 <cdcd_open+0x12>
1000382c:	798b      	ldrb	r3, [r1, #6]
1000382e:	2b02      	cmp	r3, #2
10003830:	d003      	beq.n	1000383a <cdcd_open+0x1a>
10003832:	2400      	movs	r4, #0
10003834:	0020      	movs	r0, r4
10003836:	b003      	add	sp, #12
10003838:	bdf0      	pop	{r4, r5, r6, r7, pc}
1000383a:	4b21      	ldr	r3, [pc, #132]	@ (100038c0 <cdcd_open+0xa0>)
1000383c:	001e      	movs	r6, r3
1000383e:	789b      	ldrb	r3, [r3, #2]
10003840:	2b00      	cmp	r3, #0
10003842:	d1f6      	bne.n	10003832 <cdcd_open+0x12>
10003844:	788b      	ldrb	r3, [r1, #2]
10003846:	2409      	movs	r4, #9
10003848:	7033      	strb	r3, [r6, #0]
1000384a:	780d      	ldrb	r5, [r1, #0]
1000384c:	194d      	adds	r5, r1, r5
1000384e:	786b      	ldrb	r3, [r5, #1]
10003850:	2b24      	cmp	r3, #36	@ 0x24
10003852:	d007      	beq.n	10003864 <cdcd_open+0x44>
10003854:	e00c      	b.n	10003870 <cdcd_open+0x50>
10003856:	782b      	ldrb	r3, [r5, #0]
10003858:	18ed      	adds	r5, r5, r3
1000385a:	191c      	adds	r4, r3, r4
1000385c:	786b      	ldrb	r3, [r5, #1]
1000385e:	b2a4      	uxth	r4, r4
10003860:	2b24      	cmp	r3, #36	@ 0x24
10003862:	d105      	bne.n	10003870 <cdcd_open+0x50>
10003864:	42a2      	cmp	r2, r4
10003866:	d2f6      	bcs.n	10003856 <cdcd_open+0x36>
10003868:	2000      	movs	r0, #0
1000386a:	f7ff fe65 	bl	10003538 <_prep_out_transaction.isra.0>
1000386e:	e7e1      	b.n	10003834 <cdcd_open+0x14>
10003870:	001a      	movs	r2, r3
10003872:	2b05      	cmp	r3, #5
10003874:	d015      	beq.n	100038a2 <cdcd_open+0x82>
10003876:	2a04      	cmp	r2, #4
10003878:	d1f6      	bne.n	10003868 <cdcd_open+0x48>
1000387a:	796b      	ldrb	r3, [r5, #5]
1000387c:	2b0a      	cmp	r3, #10
1000387e:	d1f3      	bne.n	10003868 <cdcd_open+0x48>
10003880:	4b10      	ldr	r3, [pc, #64]	@ (100038c4 <cdcd_open+0xa4>)
10003882:	782e      	ldrb	r6, [r5, #0]
10003884:	9301      	str	r3, [sp, #4]
10003886:	3301      	adds	r3, #1
10003888:	9300      	str	r3, [sp, #0]
1000388a:	0038      	movs	r0, r7
1000388c:	2302      	movs	r3, #2
1000388e:	19a9      	adds	r1, r5, r6
10003890:	3a02      	subs	r2, #2
10003892:	f7ff fca3 	bl	100031dc <usbd_open_edpt_pair>
10003896:	2800      	cmp	r0, #0
10003898:	d0cb      	beq.n	10003832 <cdcd_open+0x12>
1000389a:	340e      	adds	r4, #14
1000389c:	19a4      	adds	r4, r4, r6
1000389e:	b2a4      	uxth	r4, r4
100038a0:	e7e2      	b.n	10003868 <cdcd_open+0x48>
100038a2:	0029      	movs	r1, r5
100038a4:	0038      	movs	r0, r7
100038a6:	f7ff fce5 	bl	10003274 <usbd_edpt_open>
100038aa:	2800      	cmp	r0, #0
100038ac:	d0c1      	beq.n	10003832 <cdcd_open+0x12>
100038ae:	78ab      	ldrb	r3, [r5, #2]
100038b0:	7073      	strb	r3, [r6, #1]
100038b2:	782b      	ldrb	r3, [r5, #0]
100038b4:	191c      	adds	r4, r3, r4
100038b6:	18ed      	adds	r5, r5, r3
100038b8:	786a      	ldrb	r2, [r5, #1]
100038ba:	b2a4      	uxth	r4, r4
100038bc:	e7db      	b.n	10003876 <cdcd_open+0x56>
100038be:	46c0      	nop			@ (mov r8, r8)
100038c0:	20001030 	.word	0x20001030
100038c4:	20001032 	.word	0x20001032

100038c8 <cdcd_control_xfer_cb>:
100038c8:	2360      	movs	r3, #96	@ 0x60
100038ca:	468c      	mov	ip, r1
100038cc:	0011      	movs	r1, r2
100038ce:	7812      	ldrb	r2, [r2, #0]
100038d0:	b570      	push	{r4, r5, r6, lr}
100038d2:	4013      	ands	r3, r2
100038d4:	2200      	movs	r2, #0
100038d6:	2b20      	cmp	r3, #32
100038d8:	d108      	bne.n	100038ec <cdcd_control_xfer_cb+0x24>
100038da:	4c32      	ldr	r4, [pc, #200]	@ (100039a4 <cdcd_control_xfer_cb+0xdc>)
100038dc:	794b      	ldrb	r3, [r1, #5]
100038de:	0026      	movs	r6, r4
100038e0:	790d      	ldrb	r5, [r1, #4]
100038e2:	7824      	ldrb	r4, [r4, #0]
100038e4:	021b      	lsls	r3, r3, #8
100038e6:	432b      	orrs	r3, r5
100038e8:	429c      	cmp	r4, r3
100038ea:	d001      	beq.n	100038f0 <cdcd_control_xfer_cb+0x28>
100038ec:	0010      	movs	r0, r2
100038ee:	bd70      	pop	{r4, r5, r6, pc}
100038f0:	784b      	ldrb	r3, [r1, #1]
100038f2:	2b22      	cmp	r3, #34	@ 0x22
100038f4:	d01c      	beq.n	10003930 <cdcd_control_xfer_cb+0x68>
100038f6:	d808      	bhi.n	1000390a <cdcd_control_xfer_cb+0x42>
100038f8:	2b20      	cmp	r3, #32
100038fa:	d039      	beq.n	10003970 <cdcd_control_xfer_cb+0xa8>
100038fc:	2b21      	cmp	r3, #33	@ 0x21
100038fe:	d1f5      	bne.n	100038ec <cdcd_control_xfer_cb+0x24>
10003900:	4663      	mov	r3, ip
10003902:	2b01      	cmp	r3, #1
10003904:	d043      	beq.n	1000398e <cdcd_control_xfer_cb+0xc6>
10003906:	2201      	movs	r2, #1
10003908:	e7f0      	b.n	100038ec <cdcd_control_xfer_cb+0x24>
1000390a:	2b23      	cmp	r3, #35	@ 0x23
1000390c:	d1ee      	bne.n	100038ec <cdcd_control_xfer_cb+0x24>
1000390e:	4663      	mov	r3, ip
10003910:	2b01      	cmp	r3, #1
10003912:	d042      	beq.n	1000399a <cdcd_control_xfer_cb+0xd2>
10003914:	2b03      	cmp	r3, #3
10003916:	d1f6      	bne.n	10003906 <cdcd_control_xfer_cb+0x3e>
10003918:	4b23      	ldr	r3, [pc, #140]	@ (100039a8 <cdcd_control_xfer_cb+0xe0>)
1000391a:	2b00      	cmp	r3, #0
1000391c:	d0f3      	beq.n	10003906 <cdcd_control_xfer_cb+0x3e>
1000391e:	788b      	ldrb	r3, [r1, #2]
10003920:	78c9      	ldrb	r1, [r1, #3]
10003922:	2000      	movs	r0, #0
10003924:	0209      	lsls	r1, r1, #8
10003926:	4319      	orrs	r1, r3
10003928:	e000      	b.n	1000392c <cdcd_control_xfer_cb+0x64>
1000392a:	bf00      	nop
1000392c:	2201      	movs	r2, #1
1000392e:	e7dd      	b.n	100038ec <cdcd_control_xfer_cb+0x24>
10003930:	4663      	mov	r3, ip
10003932:	2b01      	cmp	r3, #1
10003934:	d031      	beq.n	1000399a <cdcd_control_xfer_cb+0xd2>
10003936:	2b03      	cmp	r3, #3
10003938:	d1e5      	bne.n	10003906 <cdcd_control_xfer_cb+0x3e>
1000393a:	2501      	movs	r5, #1
1000393c:	78cb      	ldrb	r3, [r1, #3]
1000393e:	788a      	ldrb	r2, [r1, #2]
10003940:	021b      	lsls	r3, r3, #8
10003942:	4313      	orrs	r3, r2
10003944:	001c      	movs	r4, r3
10003946:	401d      	ands	r5, r3
10003948:	0033      	movs	r3, r6
1000394a:	2101      	movs	r1, #1
1000394c:	3324      	adds	r3, #36	@ 0x24
1000394e:	0018      	movs	r0, r3
10003950:	4069      	eors	r1, r5
10003952:	7134      	strb	r4, [r6, #4]
10003954:	f000 fbbe 	bl	100040d4 <tu_fifo_set_overwritable>
10003958:	4b14      	ldr	r3, [pc, #80]	@ (100039ac <cdcd_control_xfer_cb+0xe4>)
1000395a:	2b00      	cmp	r3, #0
1000395c:	d0d3      	beq.n	10003906 <cdcd_control_xfer_cb+0x3e>
1000395e:	2301      	movs	r3, #1
10003960:	0862      	lsrs	r2, r4, #1
10003962:	401a      	ands	r2, r3
10003964:	0029      	movs	r1, r5
10003966:	2000      	movs	r0, #0
10003968:	e000      	b.n	1000396c <cdcd_control_xfer_cb+0xa4>
1000396a:	bf00      	nop
1000396c:	2201      	movs	r2, #1
1000396e:	e7bd      	b.n	100038ec <cdcd_control_xfer_cb+0x24>
10003970:	4663      	mov	r3, ip
10003972:	2b01      	cmp	r3, #1
10003974:	d00b      	beq.n	1000398e <cdcd_control_xfer_cb+0xc6>
10003976:	2b03      	cmp	r3, #3
10003978:	d1c5      	bne.n	10003906 <cdcd_control_xfer_cb+0x3e>
1000397a:	4b0d      	ldr	r3, [pc, #52]	@ (100039b0 <cdcd_control_xfer_cb+0xe8>)
1000397c:	2b00      	cmp	r3, #0
1000397e:	d0c2      	beq.n	10003906 <cdcd_control_xfer_cb+0x3e>
10003980:	0031      	movs	r1, r6
10003982:	2000      	movs	r0, #0
10003984:	3108      	adds	r1, #8
10003986:	f7fe fe15 	bl	100025b4 <tud_cdc_line_coding_cb>
1000398a:	2201      	movs	r2, #1
1000398c:	e7ae      	b.n	100038ec <cdcd_control_xfer_cb+0x24>
1000398e:	4a09      	ldr	r2, [pc, #36]	@ (100039b4 <cdcd_control_xfer_cb+0xec>)
10003990:	2307      	movs	r3, #7
10003992:	f7ff fcef 	bl	10003374 <tud_control_xfer>
10003996:	2201      	movs	r2, #1
10003998:	e7a8      	b.n	100038ec <cdcd_control_xfer_cb+0x24>
1000399a:	f7ff fcd5 	bl	10003348 <tud_control_status>
1000399e:	2201      	movs	r2, #1
100039a0:	e7a4      	b.n	100038ec <cdcd_control_xfer_cb+0x24>
100039a2:	46c0      	nop			@ (mov r8, r8)
100039a4:	20001030 	.word	0x20001030
	...
100039b0:	100025b5 	.word	0x100025b5
100039b4:	20001038 	.word	0x20001038

100039b8 <cdcd_xfer_cb>:
100039b8:	b5f8      	push	{r3, r4, r5, r6, r7, lr}
100039ba:	4647      	mov	r7, r8
100039bc:	46ce      	mov	lr, r9
100039be:	b580      	push	{r7, lr}
100039c0:	4c34      	ldr	r4, [pc, #208]	@ (10003a94 <cdcd_xfer_cb+0xdc>)
100039c2:	001f      	movs	r7, r3
100039c4:	78e3      	ldrb	r3, [r4, #3]
100039c6:	4680      	mov	r8, r0
100039c8:	000d      	movs	r5, r1
100039ca:	428b      	cmp	r3, r1
100039cc:	d03b      	beq.n	10003a46 <cdcd_xfer_cb+0x8e>
100039ce:	78a3      	ldrb	r3, [r4, #2]
100039d0:	2000      	movs	r0, #0
100039d2:	428b      	cmp	r3, r1
100039d4:	d011      	beq.n	100039fa <cdcd_xfer_cb+0x42>
100039d6:	bcc0      	pop	{r6, r7}
100039d8:	46b9      	mov	r9, r7
100039da:	46b0      	mov	r8, r6
100039dc:	bdf8      	pop	{r3, r4, r5, r6, r7, pc}
100039de:	4b2e      	ldr	r3, [pc, #184]	@ (10003a98 <cdcd_xfer_cb+0xe0>)
100039e0:	2b00      	cmp	r3, #0
100039e2:	d004      	beq.n	100039ee <cdcd_xfer_cb+0x36>
100039e4:	482d      	ldr	r0, [pc, #180]	@ (10003a9c <cdcd_xfer_cb+0xe4>)
100039e6:	f000 f96d 	bl	10003cc4 <tu_fifo_empty>
100039ea:	2800      	cmp	r0, #0
100039ec:	d04f      	beq.n	10003a8e <cdcd_xfer_cb+0xd6>
100039ee:	2000      	movs	r0, #0
100039f0:	f7ff fda2 	bl	10003538 <_prep_out_transaction.isra.0>
100039f4:	78a3      	ldrb	r3, [r4, #2]
100039f6:	42ab      	cmp	r3, r5
100039f8:	d10a      	bne.n	10003a10 <cdcd_xfer_cb+0x58>
100039fa:	4b29      	ldr	r3, [pc, #164]	@ (10003aa0 <cdcd_xfer_cb+0xe8>)
100039fc:	2b00      	cmp	r3, #0
100039fe:	d002      	beq.n	10003a06 <cdcd_xfer_cb+0x4e>
10003a00:	2000      	movs	r0, #0
10003a02:	e000      	b.n	10003a06 <cdcd_xfer_cb+0x4e>
10003a04:	bf00      	nop
10003a06:	2000      	movs	r0, #0
10003a08:	f7ff fe30 	bl	1000366c <tud_cdc_n_write_flush>
10003a0c:	2800      	cmp	r0, #0
10003a0e:	d001      	beq.n	10003a14 <cdcd_xfer_cb+0x5c>
10003a10:	2001      	movs	r0, #1
10003a12:	e7e0      	b.n	100039d6 <cdcd_xfer_cb+0x1e>
10003a14:	4c23      	ldr	r4, [pc, #140]	@ (10003aa4 <cdcd_xfer_cb+0xec>)
10003a16:	0020      	movs	r0, r4
10003a18:	f000 f93e 	bl	10003c98 <tu_fifo_count>
10003a1c:	2800      	cmp	r0, #0
10003a1e:	d1f7      	bne.n	10003a10 <cdcd_xfer_cb+0x58>
10003a20:	2f00      	cmp	r7, #0
10003a22:	d0f5      	beq.n	10003a10 <cdcd_xfer_cb+0x58>
10003a24:	06bb      	lsls	r3, r7, #26
10003a26:	d1f3      	bne.n	10003a10 <cdcd_xfer_cb+0x58>
10003a28:	3c24      	subs	r4, #36	@ 0x24
10003a2a:	4640      	mov	r0, r8
10003a2c:	78a1      	ldrb	r1, [r4, #2]
10003a2e:	f7ff fc3b 	bl	100032a8 <usbd_edpt_claim>
10003a32:	2800      	cmp	r0, #0
10003a34:	d0ec      	beq.n	10003a10 <cdcd_xfer_cb+0x58>
10003a36:	2300      	movs	r3, #0
10003a38:	2200      	movs	r2, #0
10003a3a:	4640      	mov	r0, r8
10003a3c:	78a1      	ldrb	r1, [r4, #2]
10003a3e:	f7ff fc5b 	bl	100032f8 <usbd_edpt_xfer>
10003a42:	2001      	movs	r0, #1
10003a44:	e7c7      	b.n	100039d6 <cdcd_xfer_cb+0x1e>
10003a46:	4e18      	ldr	r6, [pc, #96]	@ (10003aa8 <cdcd_xfer_cb+0xf0>)
10003a48:	4814      	ldr	r0, [pc, #80]	@ (10003a9c <cdcd_xfer_cb+0xe4>)
10003a4a:	0031      	movs	r1, r6
10003a4c:	b2ba      	uxth	r2, r7
10003a4e:	f000 fa6d 	bl	10003f2c <tu_fifo_write_n>
10003a52:	4b16      	ldr	r3, [pc, #88]	@ (10003aac <cdcd_xfer_cb+0xf4>)
10003a54:	2b00      	cmp	r3, #0
10003a56:	d0c2      	beq.n	100039de <cdcd_xfer_cb+0x26>
10003a58:	7963      	ldrb	r3, [r4, #5]
10003a5a:	2bff      	cmp	r3, #255	@ 0xff
10003a5c:	d0bf      	beq.n	100039de <cdcd_xfer_cb+0x26>
10003a5e:	2f00      	cmp	r7, #0
10003a60:	d0bd      	beq.n	100039de <cdcd_xfer_cb+0x26>
10003a62:	46bc      	mov	ip, r7
10003a64:	44b4      	add	ip, r6
10003a66:	46e1      	mov	r9, ip
10003a68:	e003      	b.n	10003a72 <cdcd_xfer_cb+0xba>
10003a6a:	3601      	adds	r6, #1
10003a6c:	454e      	cmp	r6, r9
10003a6e:	d0b6      	beq.n	100039de <cdcd_xfer_cb+0x26>
10003a70:	7963      	ldrb	r3, [r4, #5]
10003a72:	7832      	ldrb	r2, [r6, #0]
10003a74:	429a      	cmp	r2, r3
10003a76:	d1f8      	bne.n	10003a6a <cdcd_xfer_cb+0xb2>
10003a78:	4808      	ldr	r0, [pc, #32]	@ (10003a9c <cdcd_xfer_cb+0xe4>)
10003a7a:	f000 f923 	bl	10003cc4 <tu_fifo_empty>
10003a7e:	2800      	cmp	r0, #0
10003a80:	d1f3      	bne.n	10003a6a <cdcd_xfer_cb+0xb2>
10003a82:	4b06      	ldr	r3, [pc, #24]	@ (10003a9c <cdcd_xfer_cb+0xe4>)
10003a84:	3b10      	subs	r3, #16
10003a86:	7959      	ldrb	r1, [r3, #5]
10003a88:	e000      	b.n	10003a8c <cdcd_xfer_cb+0xd4>
10003a8a:	bf00      	nop
10003a8c:	e7ed      	b.n	10003a6a <cdcd_xfer_cb+0xb2>
10003a8e:	e000      	b.n	10003a92 <cdcd_xfer_cb+0xda>
10003a90:	bf00      	nop
10003a92:	e7ac      	b.n	100039ee <cdcd_xfer_cb+0x36>
10003a94:	20001030 	.word	0x20001030
10003a98:	00000000 	.word	0x00000000
10003a9c:	20001040 	.word	0x20001040
10003aa0:	00000000 	.word	0x00000000
10003aa4:	20001054 	.word	0x20001054
10003aa8:	20001484 	.word	0x20001484
10003aac:	00000000 	.word	0x00000000

10003ab0 <tusb_rhport_init>:
10003ab0:	b500      	push	{lr}
10003ab2:	0003      	movs	r3, r0
10003ab4:	b083      	sub	sp, #12
10003ab6:	2900      	cmp	r1, #0
10003ab8:	d010      	beq.n	10003adc <tusb_rhport_init+0x2c>
10003aba:	2000      	movs	r0, #0
10003abc:	2b01      	cmp	r3, #1
10003abe:	d807      	bhi.n	10003ad0 <tusb_rhport_init+0x20>
10003ac0:	780a      	ldrb	r2, [r1, #0]
10003ac2:	2a00      	cmp	r2, #0
10003ac4:	d004      	beq.n	10003ad0 <tusb_rhport_init+0x20>
10003ac6:	480c      	ldr	r0, [pc, #48]	@ (10003af8 <tusb_rhport_init+0x48>)
10003ac8:	54c2      	strb	r2, [r0, r3]
10003aca:	2001      	movs	r0, #1
10003acc:	2a01      	cmp	r2, #1
10003ace:	d001      	beq.n	10003ad4 <tusb_rhport_init+0x24>
10003ad0:	b003      	add	sp, #12
10003ad2:	bd00      	pop	{pc}
10003ad4:	0018      	movs	r0, r3
10003ad6:	f7fe ff21 	bl	1000291c <tud_rhport_init>
10003ada:	e7f9      	b.n	10003ad0 <tusb_rhport_init+0x20>
10003adc:	2301      	movs	r3, #1
10003ade:	466a      	mov	r2, sp
10003ae0:	2000      	movs	r0, #0
10003ae2:	a901      	add	r1, sp, #4
10003ae4:	8093      	strh	r3, [r2, #4]
10003ae6:	f7fe ff19 	bl	1000291c <tud_rhport_init>
10003aea:	2800      	cmp	r0, #0
10003aec:	d0f0      	beq.n	10003ad0 <tusb_rhport_init+0x20>
10003aee:	2201      	movs	r2, #1
10003af0:	4b01      	ldr	r3, [pc, #4]	@ (10003af8 <tusb_rhport_init+0x48>)
10003af2:	701a      	strb	r2, [r3, #0]
10003af4:	e7ec      	b.n	10003ad0 <tusb_rhport_init+0x20>
10003af6:	46c0      	nop			@ (mov r8, r8)
10003af8:	2000155c 	.word	0x2000155c

10003afc <tu_edpt_claim>:
10003afc:	b570      	push	{r4, r5, r6, lr}
10003afe:	0004      	movs	r4, r0
10003b00:	7823      	ldrb	r3, [r4, #0]
10003b02:	0008      	movs	r0, r1
10003b04:	07db      	lsls	r3, r3, #31
10003b06:	000e      	movs	r6, r1
10003b08:	0fdd      	lsrs	r5, r3, #31
10003b0a:	2b00      	cmp	r3, #0
10003b0c:	d116      	bne.n	10003b3c <tu_edpt_claim+0x40>
10003b0e:	7823      	ldrb	r3, [r4, #0]
10003b10:	075b      	lsls	r3, r3, #29
10003b12:	d501      	bpl.n	10003b18 <tu_edpt_claim+0x1c>
10003b14:	0028      	movs	r0, r5
10003b16:	bd70      	pop	{r4, r5, r6, pc}
10003b18:	2101      	movs	r1, #1
10003b1a:	4249      	negs	r1, r1
10003b1c:	f000 fb78 	bl	10004210 <__mutex_enter_timeout_ms_veneer>
10003b20:	7823      	ldrb	r3, [r4, #0]
10003b22:	07db      	lsls	r3, r3, #31
10003b24:	0fdd      	lsrs	r5, r3, #31
10003b26:	2b00      	cmp	r3, #0
10003b28:	d10a      	bne.n	10003b40 <tu_edpt_claim+0x44>
10003b2a:	7823      	ldrb	r3, [r4, #0]
10003b2c:	075b      	lsls	r3, r3, #29
10003b2e:	d408      	bmi.n	10003b42 <tu_edpt_claim+0x46>
10003b30:	2204      	movs	r2, #4
10003b32:	7823      	ldrb	r3, [r4, #0]
10003b34:	2501      	movs	r5, #1
10003b36:	4313      	orrs	r3, r2
10003b38:	7023      	strb	r3, [r4, #0]
10003b3a:	e002      	b.n	10003b42 <tu_edpt_claim+0x46>
10003b3c:	2500      	movs	r5, #0
10003b3e:	e7e9      	b.n	10003b14 <tu_edpt_claim+0x18>
10003b40:	2500      	movs	r5, #0
10003b42:	0030      	movs	r0, r6
10003b44:	f000 fb6c 	bl	10004220 <__mutex_exit_veneer>
10003b48:	e7e4      	b.n	10003b14 <tu_edpt_claim+0x18>
10003b4a:	46c0      	nop			@ (mov r8, r8)

10003b4c <tu_edpt_release>:
10003b4c:	b570      	push	{r4, r5, r6, lr}
10003b4e:	000d      	movs	r5, r1
10003b50:	2101      	movs	r1, #1
10003b52:	0004      	movs	r4, r0
10003b54:	4249      	negs	r1, r1
10003b56:	0028      	movs	r0, r5
10003b58:	f000 fb5a 	bl	10004210 <__mutex_enter_timeout_ms_veneer>
10003b5c:	7823      	ldrb	r3, [r4, #0]
10003b5e:	075b      	lsls	r3, r3, #29
10003b60:	0fde      	lsrs	r6, r3, #31
10003b62:	2b00      	cmp	r3, #0
10003b64:	db04      	blt.n	10003b70 <tu_edpt_release+0x24>
10003b66:	0028      	movs	r0, r5
10003b68:	f000 fb5a 	bl	10004220 <__mutex_exit_veneer>
10003b6c:	0030      	movs	r0, r6
10003b6e:	bd70      	pop	{r4, r5, r6, pc}
10003b70:	7823      	ldrb	r3, [r4, #0]
10003b72:	07db      	lsls	r3, r3, #31
10003b74:	d404      	bmi.n	10003b80 <tu_edpt_release+0x34>
10003b76:	2204      	movs	r2, #4
10003b78:	7823      	ldrb	r3, [r4, #0]
10003b7a:	4393      	bics	r3, r2
10003b7c:	7023      	strb	r3, [r4, #0]
10003b7e:	e7f2      	b.n	10003b66 <tu_edpt_release+0x1a>
10003b80:	2600      	movs	r6, #0
10003b82:	e7f0      	b.n	10003b66 <tu_edpt_release+0x1a>

10003b84 <tu_edpt_validate>:
10003b84:	7943      	ldrb	r3, [r0, #5]
10003b86:	7902      	ldrb	r2, [r0, #4]
10003b88:	021b      	lsls	r3, r3, #8
10003b8a:	4313      	orrs	r3, r2
10003b8c:	78c2      	ldrb	r2, [r0, #3]
10003b8e:	055b      	lsls	r3, r3, #21
10003b90:	0792      	lsls	r2, r2, #30
10003b92:	0d5b      	lsrs	r3, r3, #21
10003b94:	0f92      	lsrs	r2, r2, #30
10003b96:	2a02      	cmp	r2, #2
10003b98:	d01a      	beq.n	10003bd0 <tu_edpt_validate+0x4c>
10003b9a:	2a03      	cmp	r2, #3
10003b9c:	d00b      	beq.n	10003bb6 <tu_edpt_validate+0x32>
10003b9e:	2000      	movs	r0, #0
10003ba0:	2a01      	cmp	r2, #1
10003ba2:	d107      	bne.n	10003bb4 <tu_edpt_validate+0x30>
10003ba4:	3902      	subs	r1, #2
10003ba6:	424a      	negs	r2, r1
10003ba8:	4151      	adcs	r1, r2
10003baa:	4a10      	ldr	r2, [pc, #64]	@ (10003bec <tu_edpt_validate+0x68>)
10003bac:	1889      	adds	r1, r1, r2
10003bae:	4299      	cmp	r1, r3
10003bb0:	4140      	adcs	r0, r0
10003bb2:	b2c0      	uxtb	r0, r0
10003bb4:	4770      	bx	lr
10003bb6:	3902      	subs	r1, #2
10003bb8:	1e4a      	subs	r2, r1, #1
10003bba:	4191      	sbcs	r1, r2
10003bbc:	4a0c      	ldr	r2, [pc, #48]	@ (10003bf0 <tu_edpt_validate+0x6c>)
10003bbe:	4249      	negs	r1, r1
10003bc0:	4011      	ands	r1, r2
10003bc2:	2280      	movs	r2, #128	@ 0x80
10003bc4:	2000      	movs	r0, #0
10003bc6:	00d2      	lsls	r2, r2, #3
10003bc8:	1889      	adds	r1, r1, r2
10003bca:	4299      	cmp	r1, r3
10003bcc:	4140      	adcs	r0, r0
10003bce:	e7f1      	b.n	10003bb4 <tu_edpt_validate+0x30>
10003bd0:	2902      	cmp	r1, #2
10003bd2:	d004      	beq.n	10003bde <tu_edpt_validate+0x5a>
10003bd4:	2000      	movs	r0, #0
10003bd6:	2240      	movs	r2, #64	@ 0x40
10003bd8:	429a      	cmp	r2, r3
10003bda:	4140      	adcs	r0, r0
10003bdc:	e7ea      	b.n	10003bb4 <tu_edpt_validate+0x30>
10003bde:	4a05      	ldr	r2, [pc, #20]	@ (10003bf4 <tu_edpt_validate+0x70>)
10003be0:	1898      	adds	r0, r3, r2
10003be2:	4243      	negs	r3, r0
10003be4:	4158      	adcs	r0, r3
10003be6:	b2c0      	uxtb	r0, r0
10003be8:	e7e4      	b.n	10003bb4 <tu_edpt_validate+0x30>
10003bea:	46c0      	nop			@ (mov r8, r8)
10003bec:	000003ff 	.word	0x000003ff
10003bf0:	fffffc40 	.word	0xfffffc40
10003bf4:	fffffe00 	.word	0xfffffe00

10003bf8 <tu_edpt_bind_driver>:
10003bf8:	4684      	mov	ip, r0
10003bfa:	1888      	adds	r0, r1, r2
10003bfc:	b530      	push	{r4, r5, lr}
10003bfe:	001c      	movs	r4, r3
10003c00:	4281      	cmp	r1, r0
10003c02:	d206      	bcs.n	10003c12 <tu_edpt_bind_driver+0x1a>
10003c04:	784a      	ldrb	r2, [r1, #1]
10003c06:	2a05      	cmp	r2, #5
10003c08:	d004      	beq.n	10003c14 <tu_edpt_bind_driver+0x1c>
10003c0a:	780a      	ldrb	r2, [r1, #0]
10003c0c:	1889      	adds	r1, r1, r2
10003c0e:	4288      	cmp	r0, r1
10003c10:	d8f8      	bhi.n	10003c04 <tu_edpt_bind_driver+0xc>
10003c12:	bd30      	pop	{r4, r5, pc}
10003c14:	227f      	movs	r2, #127	@ 0x7f
10003c16:	788b      	ldrb	r3, [r1, #2]
10003c18:	401a      	ands	r2, r3
10003c1a:	0052      	lsls	r2, r2, #1
10003c1c:	4462      	add	r2, ip
10003c1e:	09db      	lsrs	r3, r3, #7
10003c20:	54d4      	strb	r4, [r2, r3]
10003c22:	780a      	ldrb	r2, [r1, #0]
10003c24:	1889      	adds	r1, r1, r2
10003c26:	4288      	cmp	r0, r1
10003c28:	d8ec      	bhi.n	10003c04 <tu_edpt_bind_driver+0xc>
10003c2a:	e7f2      	b.n	10003c12 <tu_edpt_bind_driver+0x1a>

10003c2c <tu_fifo_config>:
10003c2c:	b5f0      	push	{r4, r5, r6, r7, lr}
10003c2e:	46c6      	mov	lr, r8
10003c30:	b500      	push	{lr}
10003c32:	4698      	mov	r8, r3
10003c34:	466b      	mov	r3, sp
10003c36:	7e1e      	ldrb	r6, [r3, #24]
10003c38:	2380      	movs	r3, #128	@ 0x80
10003c3a:	0004      	movs	r4, r0
10003c3c:	000f      	movs	r7, r1
10003c3e:	0015      	movs	r5, r2
10003c40:	021b      	lsls	r3, r3, #8
10003c42:	429a      	cmp	r2, r3
10003c44:	d826      	bhi.n	10003c94 <tu_fifo_config+0x68>
10003c46:	68c0      	ldr	r0, [r0, #12]
10003c48:	2800      	cmp	r0, #0
10003c4a:	d003      	beq.n	10003c54 <tu_fifo_config+0x28>
10003c4c:	2101      	movs	r1, #1
10003c4e:	4249      	negs	r1, r1
10003c50:	f000 fade 	bl	10004210 <__mutex_enter_timeout_ms_veneer>
10003c54:	6920      	ldr	r0, [r4, #16]
10003c56:	2800      	cmp	r0, #0
10003c58:	d003      	beq.n	10003c62 <tu_fifo_config+0x36>
10003c5a:	2101      	movs	r1, #1
10003c5c:	4249      	negs	r1, r1
10003c5e:	f000 fad7 	bl	10004210 <__mutex_enter_timeout_ms_veneer>
10003c62:	4642      	mov	r2, r8
10003c64:	0452      	lsls	r2, r2, #17
10003c66:	03f3      	lsls	r3, r6, #15
10003c68:	0c52      	lsrs	r2, r2, #17
10003c6a:	4313      	orrs	r3, r2
10003c6c:	80e3      	strh	r3, [r4, #6]
10003c6e:	2300      	movs	r3, #0
10003c70:	68e0      	ldr	r0, [r4, #12]
10003c72:	8163      	strh	r3, [r4, #10]
10003c74:	6027      	str	r7, [r4, #0]
10003c76:	80a5      	strh	r5, [r4, #4]
10003c78:	8123      	strh	r3, [r4, #8]
10003c7a:	2800      	cmp	r0, #0
10003c7c:	d001      	beq.n	10003c82 <tu_fifo_config+0x56>
10003c7e:	f000 facf 	bl	10004220 <__mutex_exit_veneer>
10003c82:	6920      	ldr	r0, [r4, #16]
10003c84:	2800      	cmp	r0, #0
10003c86:	d001      	beq.n	10003c8c <tu_fifo_config+0x60>
10003c88:	f000 faca 	bl	10004220 <__mutex_exit_veneer>
10003c8c:	2001      	movs	r0, #1
10003c8e:	bc80      	pop	{r7}
10003c90:	46b8      	mov	r8, r7
10003c92:	bdf0      	pop	{r4, r5, r6, r7, pc}
10003c94:	2000      	movs	r0, #0
10003c96:	e7fa      	b.n	10003c8e <tu_fifo_config+0x62>

10003c98 <tu_fifo_count>:
10003c98:	8903      	ldrh	r3, [r0, #8]
10003c9a:	8941      	ldrh	r1, [r0, #10]
10003c9c:	469c      	mov	ip, r3
10003c9e:	8882      	ldrh	r2, [r0, #4]
10003ca0:	b29b      	uxth	r3, r3
10003ca2:	b288      	uxth	r0, r1
10003ca4:	458c      	cmp	ip, r1
10003ca6:	d307      	bcc.n	10003cb8 <tu_fifo_count+0x20>
10003ca8:	1a1b      	subs	r3, r3, r0
10003caa:	b29b      	uxth	r3, r3
10003cac:	1c10      	adds	r0, r2, #0
10003cae:	429a      	cmp	r2, r3
10003cb0:	d900      	bls.n	10003cb4 <tu_fifo_count+0x1c>
10003cb2:	1c18      	adds	r0, r3, #0
10003cb4:	b280      	uxth	r0, r0
10003cb6:	4770      	bx	lr
10003cb8:	0051      	lsls	r1, r2, #1
10003cba:	1a09      	subs	r1, r1, r0
10003cbc:	185b      	adds	r3, r3, r1
10003cbe:	b29b      	uxth	r3, r3
10003cc0:	e7f4      	b.n	10003cac <tu_fifo_count+0x14>
10003cc2:	46c0      	nop			@ (mov r8, r8)

10003cc4 <tu_fifo_empty>:
10003cc4:	8903      	ldrh	r3, [r0, #8]
10003cc6:	8940      	ldrh	r0, [r0, #10]
10003cc8:	1a18      	subs	r0, r3, r0
10003cca:	4243      	negs	r3, r0
10003ccc:	4158      	adcs	r0, r3
10003cce:	b2c0      	uxtb	r0, r0
10003cd0:	4770      	bx	lr
10003cd2:	46c0      	nop			@ (mov r8, r8)

10003cd4 <tu_fifo_remaining>:
10003cd4:	8903      	ldrh	r3, [r0, #8]
10003cd6:	8941      	ldrh	r1, [r0, #10]
10003cd8:	469c      	mov	ip, r3
10003cda:	8882      	ldrh	r2, [r0, #4]
10003cdc:	b29b      	uxth	r3, r3
10003cde:	b288      	uxth	r0, r1
10003ce0:	458c      	cmp	ip, r1
10003ce2:	d307      	bcc.n	10003cf4 <tu_fifo_remaining+0x20>
10003ce4:	1a1b      	subs	r3, r3, r0
10003ce6:	b29b      	uxth	r3, r3
10003ce8:	2000      	movs	r0, #0
10003cea:	429a      	cmp	r2, r3
10003cec:	d901      	bls.n	10003cf2 <tu_fifo_remaining+0x1e>
10003cee:	1ad2      	subs	r2, r2, r3
10003cf0:	b290      	uxth	r0, r2
10003cf2:	4770      	bx	lr
10003cf4:	0051      	lsls	r1, r2, #1
10003cf6:	1a09      	subs	r1, r1, r0
10003cf8:	185b      	adds	r3, r3, r1
10003cfa:	b29b      	uxth	r3, r3
10003cfc:	e7f4      	b.n	10003ce8 <tu_fifo_remaining+0x14>
10003cfe:	46c0      	nop			@ (mov r8, r8)

10003d00 <tu_fifo_read>:
10003d00:	b570      	push	{r4, r5, r6, lr}
10003d02:	0004      	movs	r4, r0
10003d04:	6900      	ldr	r0, [r0, #16]
10003d06:	000d      	movs	r5, r1
10003d08:	2800      	cmp	r0, #0
10003d0a:	d003      	beq.n	10003d14 <tu_fifo_read+0x14>
10003d0c:	2101      	movs	r1, #1
10003d0e:	4249      	negs	r1, r1
10003d10:	f000 fa7e 	bl	10004210 <__mutex_enter_timeout_ms_veneer>
10003d14:	8923      	ldrh	r3, [r4, #8]
10003d16:	8962      	ldrh	r2, [r4, #10]
10003d18:	469c      	mov	ip, r3
10003d1a:	b298      	uxth	r0, r3
10003d1c:	b291      	uxth	r1, r2
10003d1e:	88a3      	ldrh	r3, [r4, #4]
10003d20:	4594      	cmp	ip, r2
10003d22:	d332      	bcc.n	10003d8a <tu_fifo_read+0x8a>
10003d24:	1a42      	subs	r2, r0, r1
10003d26:	b292      	uxth	r2, r2
10003d28:	2a00      	cmp	r2, #0
10003d2a:	d027      	beq.n	10003d7c <tu_fifo_read+0x7c>
10003d2c:	4293      	cmp	r3, r2
10003d2e:	d208      	bcs.n	10003d42 <tu_fifo_read+0x42>
10003d30:	4298      	cmp	r0, r3
10003d32:	d32f      	bcc.n	10003d94 <tu_fifo_read+0x94>
10003d34:	1ac0      	subs	r0, r0, r3
10003d36:	b281      	uxth	r1, r0
10003d38:	8161      	strh	r1, [r4, #10]
10003d3a:	428b      	cmp	r3, r1
10003d3c:	d803      	bhi.n	10003d46 <tu_fifo_read+0x46>
10003d3e:	1ac9      	subs	r1, r1, r3
10003d40:	b289      	uxth	r1, r1
10003d42:	428b      	cmp	r3, r1
10003d44:	d9fb      	bls.n	10003d3e <tu_fifo_read+0x3e>
10003d46:	88e2      	ldrh	r2, [r4, #6]
10003d48:	6823      	ldr	r3, [r4, #0]
10003d4a:	0452      	lsls	r2, r2, #17
10003d4c:	0c52      	lsrs	r2, r2, #17
10003d4e:	4351      	muls	r1, r2
10003d50:	0028      	movs	r0, r5
10003d52:	1859      	adds	r1, r3, r1
10003d54:	f7fd fed2 	bl	10001afc <__wrap___aeabi_memcpy>
10003d58:	8961      	ldrh	r1, [r4, #10]
10003d5a:	2501      	movs	r5, #1
10003d5c:	1c4a      	adds	r2, r1, #1
10003d5e:	b292      	uxth	r2, r2
10003d60:	88a3      	ldrh	r3, [r4, #4]
10003d62:	4291      	cmp	r1, r2
10003d64:	d90d      	bls.n	10003d82 <tu_fifo_read+0x82>
10003d66:	2200      	movs	r2, #0
10003d68:	005b      	lsls	r3, r3, #1
10003d6a:	1ad2      	subs	r2, r2, r3
10003d6c:	6920      	ldr	r0, [r4, #16]
10003d6e:	8162      	strh	r2, [r4, #10]
10003d70:	2800      	cmp	r0, #0
10003d72:	d001      	beq.n	10003d78 <tu_fifo_read+0x78>
10003d74:	f000 fa54 	bl	10004220 <__mutex_exit_veneer>
10003d78:	0028      	movs	r0, r5
10003d7a:	bd70      	pop	{r4, r5, r6, pc}
10003d7c:	2500      	movs	r5, #0
10003d7e:	8962      	ldrh	r2, [r4, #10]
10003d80:	b292      	uxth	r2, r2
10003d82:	005b      	lsls	r3, r3, #1
10003d84:	429a      	cmp	r2, r3
10003d86:	dbf1      	blt.n	10003d6c <tu_fifo_read+0x6c>
10003d88:	e7ef      	b.n	10003d6a <tu_fifo_read+0x6a>
10003d8a:	005a      	lsls	r2, r3, #1
10003d8c:	1a52      	subs	r2, r2, r1
10003d8e:	1882      	adds	r2, r0, r2
10003d90:	b292      	uxth	r2, r2
10003d92:	e7c9      	b.n	10003d28 <tu_fifo_read+0x28>
10003d94:	18c0      	adds	r0, r0, r3
10003d96:	b281      	uxth	r1, r0
10003d98:	8161      	strh	r1, [r4, #10]
10003d9a:	e7ce      	b.n	10003d3a <tu_fifo_read+0x3a>

10003d9c <tu_fifo_read_n>:
10003d9c:	b5f0      	push	{r4, r5, r6, r7, lr}
10003d9e:	4646      	mov	r6, r8
10003da0:	46d6      	mov	lr, sl
10003da2:	464f      	mov	r7, r9
10003da4:	b5c0      	push	{r6, r7, lr}
10003da6:	0006      	movs	r6, r0
10003da8:	6900      	ldr	r0, [r0, #16]
10003daa:	468a      	mov	sl, r1
10003dac:	4690      	mov	r8, r2
10003dae:	b082      	sub	sp, #8
10003db0:	2800      	cmp	r0, #0
10003db2:	d003      	beq.n	10003dbc <tu_fifo_read_n+0x20>
10003db4:	2101      	movs	r1, #1
10003db6:	4249      	negs	r1, r1
10003db8:	f000 fa2a 	bl	10004210 <__mutex_enter_timeout_ms_veneer>
10003dbc:	8931      	ldrh	r1, [r6, #8]
10003dbe:	8972      	ldrh	r2, [r6, #10]
10003dc0:	88b5      	ldrh	r5, [r6, #4]
10003dc2:	b28b      	uxth	r3, r1
10003dc4:	b294      	uxth	r4, r2
10003dc6:	4291      	cmp	r1, r2
10003dc8:	d355      	bcc.n	10003e76 <tu_fifo_read_n+0xda>
10003dca:	1b1f      	subs	r7, r3, r4
10003dcc:	b2bf      	uxth	r7, r7
10003dce:	2f00      	cmp	r7, #0
10003dd0:	d04b      	beq.n	10003e6a <tu_fifo_read_n+0xce>
10003dd2:	42bd      	cmp	r5, r7
10003dd4:	d205      	bcs.n	10003de2 <tu_fifo_read_n+0x46>
10003dd6:	42ab      	cmp	r3, r5
10003dd8:	d252      	bcs.n	10003e80 <tu_fifo_read_n+0xe4>
10003dda:	195b      	adds	r3, r3, r5
10003ddc:	b29c      	uxth	r4, r3
10003dde:	002f      	movs	r7, r5
10003de0:	8174      	strh	r4, [r6, #10]
10003de2:	4643      	mov	r3, r8
10003de4:	45b8      	cmp	r8, r7
10003de6:	d83e      	bhi.n	10003e66 <tu_fifo_read_n+0xca>
10003de8:	b29f      	uxth	r7, r3
10003dea:	42a5      	cmp	r5, r4
10003dec:	d803      	bhi.n	10003df6 <tu_fifo_read_n+0x5a>
10003dee:	1b64      	subs	r4, r4, r5
10003df0:	b2a4      	uxth	r4, r4
10003df2:	42a5      	cmp	r5, r4
10003df4:	d9fb      	bls.n	10003dee <tu_fifo_read_n+0x52>
10003df6:	88f2      	ldrh	r2, [r6, #6]
10003df8:	6831      	ldr	r1, [r6, #0]
10003dfa:	0452      	lsls	r2, r2, #17
10003dfc:	0c50      	lsrs	r0, r2, #17
10003dfe:	0002      	movs	r2, r0
10003e00:	4362      	muls	r2, r4
10003e02:	1b2b      	subs	r3, r5, r4
10003e04:	b29b      	uxth	r3, r3
10003e06:	1889      	adds	r1, r1, r2
10003e08:	9001      	str	r0, [sp, #4]
10003e0a:	0002      	movs	r2, r0
10003e0c:	429f      	cmp	r7, r3
10003e0e:	d925      	bls.n	10003e5c <tu_fifo_read_n+0xc0>
10003e10:	4343      	muls	r3, r0
10003e12:	b29b      	uxth	r3, r3
10003e14:	001a      	movs	r2, r3
10003e16:	4650      	mov	r0, sl
10003e18:	4699      	mov	r9, r3
10003e1a:	f7fd fe6f 	bl	10001afc <__wrap___aeabi_memcpy>
10003e1e:	4650      	mov	r0, sl
10003e20:	9a01      	ldr	r2, [sp, #4]
10003e22:	1b7d      	subs	r5, r7, r5
10003e24:	1964      	adds	r4, r4, r5
10003e26:	4354      	muls	r4, r2
10003e28:	6831      	ldr	r1, [r6, #0]
10003e2a:	4448      	add	r0, r9
10003e2c:	b2a2      	uxth	r2, r4
10003e2e:	f7fd fe65 	bl	10001afc <__wrap___aeabi_memcpy>
10003e32:	8971      	ldrh	r1, [r6, #10]
10003e34:	88b5      	ldrh	r5, [r6, #4]
10003e36:	19cb      	adds	r3, r1, r7
10003e38:	b29b      	uxth	r3, r3
10003e3a:	006a      	lsls	r2, r5, #1
10003e3c:	4299      	cmp	r1, r3
10003e3e:	d916      	bls.n	10003e6e <tu_fifo_read_n+0xd2>
10003e40:	1a9b      	subs	r3, r3, r2
10003e42:	6930      	ldr	r0, [r6, #16]
10003e44:	8173      	strh	r3, [r6, #10]
10003e46:	2800      	cmp	r0, #0
10003e48:	d001      	beq.n	10003e4e <tu_fifo_read_n+0xb2>
10003e4a:	f000 f9e9 	bl	10004220 <__mutex_exit_veneer>
10003e4e:	0038      	movs	r0, r7
10003e50:	b002      	add	sp, #8
10003e52:	bce0      	pop	{r5, r6, r7}
10003e54:	46ba      	mov	sl, r7
10003e56:	46b1      	mov	r9, r6
10003e58:	46a8      	mov	r8, r5
10003e5a:	bdf0      	pop	{r4, r5, r6, r7, pc}
10003e5c:	4650      	mov	r0, sl
10003e5e:	437a      	muls	r2, r7
10003e60:	f7fd fe4c 	bl	10001afc <__wrap___aeabi_memcpy>
10003e64:	e7e5      	b.n	10003e32 <tu_fifo_read_n+0x96>
10003e66:	1c3b      	adds	r3, r7, #0
10003e68:	e7be      	b.n	10003de8 <tu_fifo_read_n+0x4c>
10003e6a:	8973      	ldrh	r3, [r6, #10]
10003e6c:	b29b      	uxth	r3, r3
10003e6e:	006a      	lsls	r2, r5, #1
10003e70:	4293      	cmp	r3, r2
10003e72:	dbe6      	blt.n	10003e42 <tu_fifo_read_n+0xa6>
10003e74:	e7e4      	b.n	10003e40 <tu_fifo_read_n+0xa4>
10003e76:	006f      	lsls	r7, r5, #1
10003e78:	1b3f      	subs	r7, r7, r4
10003e7a:	19df      	adds	r7, r3, r7
10003e7c:	b2bf      	uxth	r7, r7
10003e7e:	e7a6      	b.n	10003dce <tu_fifo_read_n+0x32>
10003e80:	1b5b      	subs	r3, r3, r5
10003e82:	b29c      	uxth	r4, r3
10003e84:	e7ab      	b.n	10003dde <tu_fifo_read_n+0x42>
10003e86:	46c0      	nop			@ (mov r8, r8)

10003e88 <tu_fifo_write>:
10003e88:	b5f8      	push	{r3, r4, r5, r6, r7, lr}
10003e8a:	0004      	movs	r4, r0
10003e8c:	68c0      	ldr	r0, [r0, #12]
10003e8e:	000f      	movs	r7, r1
10003e90:	2800      	cmp	r0, #0
10003e92:	d003      	beq.n	10003e9c <tu_fifo_write+0x14>
10003e94:	2101      	movs	r1, #1
10003e96:	4249      	negs	r1, r1
10003e98:	f000 f9ba 	bl	10004210 <__mutex_enter_timeout_ms_veneer>
10003e9c:	8925      	ldrh	r5, [r4, #8]
10003e9e:	8920      	ldrh	r0, [r4, #8]
10003ea0:	8961      	ldrh	r1, [r4, #10]
10003ea2:	88a2      	ldrh	r2, [r4, #4]
10003ea4:	b2ad      	uxth	r5, r5
10003ea6:	b283      	uxth	r3, r0
10003ea8:	b28e      	uxth	r6, r1
10003eaa:	4288      	cmp	r0, r1
10003eac:	d328      	bcc.n	10003f00 <tu_fifo_write+0x78>
10003eae:	1b9b      	subs	r3, r3, r6
10003eb0:	b29b      	uxth	r3, r3
10003eb2:	429a      	cmp	r2, r3
10003eb4:	d809      	bhi.n	10003eca <tu_fifo_write+0x42>
10003eb6:	79e6      	ldrb	r6, [r4, #7]
10003eb8:	09f6      	lsrs	r6, r6, #7
10003eba:	d106      	bne.n	10003eca <tu_fifo_write+0x42>
10003ebc:	68e0      	ldr	r0, [r4, #12]
10003ebe:	2800      	cmp	r0, #0
10003ec0:	d001      	beq.n	10003ec6 <tu_fifo_write+0x3e>
10003ec2:	f000 f9ad 	bl	10004220 <__mutex_exit_veneer>
10003ec6:	0030      	movs	r0, r6
10003ec8:	bdf8      	pop	{r3, r4, r5, r6, r7, pc}
10003eca:	002b      	movs	r3, r5
10003ecc:	4295      	cmp	r5, r2
10003ece:	d31c      	bcc.n	10003f0a <tu_fifo_write+0x82>
10003ed0:	1a9b      	subs	r3, r3, r2
10003ed2:	b29b      	uxth	r3, r3
10003ed4:	4293      	cmp	r3, r2
10003ed6:	d2fb      	bcs.n	10003ed0 <tu_fifo_write+0x48>
10003ed8:	88e2      	ldrh	r2, [r4, #6]
10003eda:	6820      	ldr	r0, [r4, #0]
10003edc:	0452      	lsls	r2, r2, #17
10003ede:	0c52      	lsrs	r2, r2, #17
10003ee0:	4353      	muls	r3, r2
10003ee2:	0039      	movs	r1, r7
10003ee4:	18c0      	adds	r0, r0, r3
10003ee6:	f7fd fe09 	bl	10001afc <__wrap___aeabi_memcpy>
10003eea:	1c6b      	adds	r3, r5, #1
10003eec:	b29b      	uxth	r3, r3
10003eee:	88a2      	ldrh	r2, [r4, #4]
10003ef0:	429d      	cmp	r5, r3
10003ef2:	d916      	bls.n	10003f22 <tu_fifo_write+0x9a>
10003ef4:	2300      	movs	r3, #0
10003ef6:	0052      	lsls	r2, r2, #1
10003ef8:	1a9b      	subs	r3, r3, r2
10003efa:	2601      	movs	r6, #1
10003efc:	8123      	strh	r3, [r4, #8]
10003efe:	e7dd      	b.n	10003ebc <tu_fifo_write+0x34>
10003f00:	0051      	lsls	r1, r2, #1
10003f02:	1b89      	subs	r1, r1, r6
10003f04:	185b      	adds	r3, r3, r1
10003f06:	b29b      	uxth	r3, r3
10003f08:	e7d3      	b.n	10003eb2 <tu_fifo_write+0x2a>
10003f0a:	88e2      	ldrh	r2, [r4, #6]
10003f0c:	6820      	ldr	r0, [r4, #0]
10003f0e:	0452      	lsls	r2, r2, #17
10003f10:	0c52      	lsrs	r2, r2, #17
10003f12:	4353      	muls	r3, r2
10003f14:	0039      	movs	r1, r7
10003f16:	18c0      	adds	r0, r0, r3
10003f18:	f7fd fdf0 	bl	10001afc <__wrap___aeabi_memcpy>
10003f1c:	3501      	adds	r5, #1
10003f1e:	88a2      	ldrh	r2, [r4, #4]
10003f20:	b2ab      	uxth	r3, r5
10003f22:	0052      	lsls	r2, r2, #1
10003f24:	4293      	cmp	r3, r2
10003f26:	dbe8      	blt.n	10003efa <tu_fifo_write+0x72>
10003f28:	e7e6      	b.n	10003ef8 <tu_fifo_write+0x70>
10003f2a:	46c0      	nop			@ (mov r8, r8)

10003f2c <tu_fifo_write_n>:
10003f2c:	b5f0      	push	{r4, r5, r6, r7, lr}
10003f2e:	464e      	mov	r6, r9
10003f30:	4645      	mov	r5, r8
10003f32:	46de      	mov	lr, fp
10003f34:	4657      	mov	r7, sl
10003f36:	b5e0      	push	{r5, r6, r7, lr}
10003f38:	4689      	mov	r9, r1
10003f3a:	0005      	movs	r5, r0
10003f3c:	0016      	movs	r6, r2
10003f3e:	b083      	sub	sp, #12
10003f40:	2a00      	cmp	r2, #0
10003f42:	d06b      	beq.n	1000401c <tu_fifo_write_n+0xf0>
10003f44:	68c0      	ldr	r0, [r0, #12]
10003f46:	2800      	cmp	r0, #0
10003f48:	d003      	beq.n	10003f52 <tu_fifo_write_n+0x26>
10003f4a:	2101      	movs	r1, #1
10003f4c:	4249      	negs	r1, r1
10003f4e:	f000 f95f 	bl	10004210 <__mutex_enter_timeout_ms_veneer>
10003f52:	892f      	ldrh	r7, [r5, #8]
10003f54:	79ea      	ldrb	r2, [r5, #7]
10003f56:	b2bb      	uxth	r3, r7
10003f58:	4698      	mov	r8, r3
10003f5a:	896b      	ldrh	r3, [r5, #10]
10003f5c:	88af      	ldrh	r7, [r5, #4]
10003f5e:	b29b      	uxth	r3, r3
10003f60:	09d2      	lsrs	r2, r2, #7
10003f62:	d13d      	bne.n	10003fe0 <tu_fifo_write_n+0xb4>
10003f64:	4598      	cmp	r8, r3
10003f66:	d262      	bcs.n	1000402e <tu_fifo_write_n+0x102>
10003f68:	007a      	lsls	r2, r7, #1
10003f6a:	1ad3      	subs	r3, r2, r3
10003f6c:	4443      	add	r3, r8
10003f6e:	b29b      	uxth	r3, r3
10003f70:	42bb      	cmp	r3, r7
10003f72:	d261      	bcs.n	10004038 <tu_fifo_write_n+0x10c>
10003f74:	1afb      	subs	r3, r7, r3
10003f76:	1c1a      	adds	r2, r3, #0
10003f78:	b29b      	uxth	r3, r3
10003f7a:	42b3      	cmp	r3, r6
10003f7c:	d900      	bls.n	10003f80 <tu_fifo_write_n+0x54>
10003f7e:	1c32      	adds	r2, r6, #0
10003f80:	b296      	uxth	r6, r2
10003f82:	1bf3      	subs	r3, r6, r7
10003f84:	9301      	str	r3, [sp, #4]
10003f86:	4643      	mov	r3, r8
10003f88:	18f3      	adds	r3, r6, r3
10003f8a:	b29b      	uxth	r3, r3
10003f8c:	469b      	mov	fp, r3
10003f8e:	88ea      	ldrh	r2, [r5, #6]
10003f90:	4644      	mov	r4, r8
10003f92:	45b8      	cmp	r8, r7
10003f94:	d303      	bcc.n	10003f9e <tu_fifo_write_n+0x72>
10003f96:	1be4      	subs	r4, r4, r7
10003f98:	b2a4      	uxth	r4, r4
10003f9a:	42bc      	cmp	r4, r7
10003f9c:	d2fb      	bcs.n	10003f96 <tu_fifo_write_n+0x6a>
10003f9e:	0452      	lsls	r2, r2, #17
10003fa0:	1b3b      	subs	r3, r7, r4
10003fa2:	0c57      	lsrs	r7, r2, #17
10003fa4:	003a      	movs	r2, r7
10003fa6:	4362      	muls	r2, r4
10003fa8:	6828      	ldr	r0, [r5, #0]
10003faa:	b29b      	uxth	r3, r3
10003fac:	1880      	adds	r0, r0, r2
10003fae:	42b3      	cmp	r3, r6
10003fb0:	d356      	bcc.n	10004060 <tu_fifo_write_n+0x134>
10003fb2:	003a      	movs	r2, r7
10003fb4:	4649      	mov	r1, r9
10003fb6:	4372      	muls	r2, r6
10003fb8:	f7fd fda0 	bl	10001afc <__wrap___aeabi_memcpy>
10003fbc:	88ab      	ldrh	r3, [r5, #4]
10003fbe:	005b      	lsls	r3, r3, #1
10003fc0:	45d8      	cmp	r8, fp
10003fc2:	d801      	bhi.n	10003fc8 <tu_fifo_write_n+0x9c>
10003fc4:	459b      	cmp	fp, r3
10003fc6:	db02      	blt.n	10003fce <tu_fifo_write_n+0xa2>
10003fc8:	465a      	mov	r2, fp
10003fca:	1ad3      	subs	r3, r2, r3
10003fcc:	469b      	mov	fp, r3
10003fce:	465b      	mov	r3, fp
10003fd0:	0037      	movs	r7, r6
10003fd2:	812b      	strh	r3, [r5, #8]
10003fd4:	68e8      	ldr	r0, [r5, #12]
10003fd6:	2800      	cmp	r0, #0
10003fd8:	d021      	beq.n	1000401e <tu_fifo_write_n+0xf2>
10003fda:	f000 f921 	bl	10004220 <__mutex_exit_veneer>
10003fde:	e01e      	b.n	1000401e <tu_fifo_write_n+0xf2>
10003fe0:	42be      	cmp	r6, r7
10003fe2:	d22b      	bcs.n	1000403c <tu_fifo_write_n+0x110>
10003fe4:	4598      	cmp	r8, r3
10003fe6:	d34c      	bcc.n	10004082 <tu_fifo_write_n+0x156>
10003fe8:	4642      	mov	r2, r8
10003fea:	1ad2      	subs	r2, r2, r3
10003fec:	b292      	uxth	r2, r2
10003fee:	0079      	lsls	r1, r7, #1
10003ff0:	1bf0      	subs	r0, r6, r7
10003ff2:	1992      	adds	r2, r2, r6
10003ff4:	9001      	str	r0, [sp, #4]
10003ff6:	428a      	cmp	r2, r1
10003ff8:	dbc5      	blt.n	10003f86 <tu_fifo_write_n+0x5a>
10003ffa:	19da      	adds	r2, r3, r7
10003ffc:	b292      	uxth	r2, r2
10003ffe:	4693      	mov	fp, r2
10004000:	1b92      	subs	r2, r2, r6
10004002:	b292      	uxth	r2, r2
10004004:	4690      	mov	r8, r2
10004006:	4293      	cmp	r3, r2
10004008:	d940      	bls.n	1000408c <tu_fifo_write_n+0x160>
1000400a:	4643      	mov	r3, r8
1000400c:	1a59      	subs	r1, r3, r1
1000400e:	b28b      	uxth	r3, r1
10004010:	4698      	mov	r8, r3
10004012:	18f3      	adds	r3, r6, r3
10004014:	b29b      	uxth	r3, r3
10004016:	469b      	mov	fp, r3
10004018:	88ea      	ldrh	r2, [r5, #6]
1000401a:	e7b9      	b.n	10003f90 <tu_fifo_write_n+0x64>
1000401c:	2700      	movs	r7, #0
1000401e:	0038      	movs	r0, r7
10004020:	b003      	add	sp, #12
10004022:	bcf0      	pop	{r4, r5, r6, r7}
10004024:	46bb      	mov	fp, r7
10004026:	46b2      	mov	sl, r6
10004028:	46a9      	mov	r9, r5
1000402a:	46a0      	mov	r8, r4
1000402c:	bdf0      	pop	{r4, r5, r6, r7, pc}
1000402e:	4642      	mov	r2, r8
10004030:	1ad3      	subs	r3, r2, r3
10004032:	b29b      	uxth	r3, r3
10004034:	42bb      	cmp	r3, r7
10004036:	d39d      	bcc.n	10003f74 <tu_fifo_write_n+0x48>
10004038:	2700      	movs	r7, #0
1000403a:	e7cb      	b.n	10003fd4 <tu_fifo_write_n+0xa8>
1000403c:	2f00      	cmp	r7, #0
1000403e:	d0c9      	beq.n	10003fd4 <tu_fifo_write_n+0xa8>
10004040:	46cc      	mov	ip, r9
10004042:	88ea      	ldrh	r2, [r5, #6]
10004044:	1bf6      	subs	r6, r6, r7
10004046:	0451      	lsls	r1, r2, #17
10004048:	0c49      	lsrs	r1, r1, #17
1000404a:	4371      	muls	r1, r6
1000404c:	4698      	mov	r8, r3
1000404e:	448c      	add	ip, r1
10004050:	19d9      	adds	r1, r3, r7
10004052:	2300      	movs	r3, #0
10004054:	b289      	uxth	r1, r1
10004056:	46e1      	mov	r9, ip
10004058:	468b      	mov	fp, r1
1000405a:	003e      	movs	r6, r7
1000405c:	9301      	str	r3, [sp, #4]
1000405e:	e797      	b.n	10003f90 <tu_fifo_write_n+0x64>
10004060:	437b      	muls	r3, r7
10004062:	b29b      	uxth	r3, r3
10004064:	001a      	movs	r2, r3
10004066:	4649      	mov	r1, r9
10004068:	469a      	mov	sl, r3
1000406a:	f7fd fd47 	bl	10001afc <__wrap___aeabi_memcpy>
1000406e:	4649      	mov	r1, r9
10004070:	9b01      	ldr	r3, [sp, #4]
10004072:	6828      	ldr	r0, [r5, #0]
10004074:	18e2      	adds	r2, r4, r3
10004076:	437a      	muls	r2, r7
10004078:	4451      	add	r1, sl
1000407a:	b292      	uxth	r2, r2
1000407c:	f7fd fd3e 	bl	10001afc <__wrap___aeabi_memcpy>
10004080:	e79c      	b.n	10003fbc <tu_fifo_write_n+0x90>
10004082:	0079      	lsls	r1, r7, #1
10004084:	1aca      	subs	r2, r1, r3
10004086:	4442      	add	r2, r8
10004088:	b292      	uxth	r2, r2
1000408a:	e7b1      	b.n	10003ff0 <tu_fifo_write_n+0xc4>
1000408c:	4291      	cmp	r1, r2
1000408e:	ddbc      	ble.n	1000400a <tu_fifo_write_n+0xde>
10004090:	e7c2      	b.n	10004018 <tu_fifo_write_n+0xec>
10004092:	46c0      	nop			@ (mov r8, r8)

10004094 <tu_fifo_clear>:
10004094:	b510      	push	{r4, lr}
10004096:	0004      	movs	r4, r0
10004098:	68c0      	ldr	r0, [r0, #12]
1000409a:	2800      	cmp	r0, #0
1000409c:	d003      	beq.n	100040a6 <tu_fifo_clear+0x12>
1000409e:	2101      	movs	r1, #1
100040a0:	4249      	negs	r1, r1
100040a2:	f000 f8b5 	bl	10004210 <__mutex_enter_timeout_ms_veneer>
100040a6:	6920      	ldr	r0, [r4, #16]
100040a8:	2800      	cmp	r0, #0
100040aa:	d003      	beq.n	100040b4 <tu_fifo_clear+0x20>
100040ac:	2101      	movs	r1, #1
100040ae:	4249      	negs	r1, r1
100040b0:	f000 f8ae 	bl	10004210 <__mutex_enter_timeout_ms_veneer>
100040b4:	2300      	movs	r3, #0
100040b6:	68e0      	ldr	r0, [r4, #12]
100040b8:	8163      	strh	r3, [r4, #10]
100040ba:	8123      	strh	r3, [r4, #8]
100040bc:	2800      	cmp	r0, #0
100040be:	d001      	beq.n	100040c4 <tu_fifo_clear+0x30>
100040c0:	f000 f8ae 	bl	10004220 <__mutex_exit_veneer>
100040c4:	6920      	ldr	r0, [r4, #16]
100040c6:	2800      	cmp	r0, #0
100040c8:	d001      	beq.n	100040ce <tu_fifo_clear+0x3a>
100040ca:	f000 f8a9 	bl	10004220 <__mutex_exit_veneer>
100040ce:	2001      	movs	r0, #1
100040d0:	bd10      	pop	{r4, pc}
100040d2:	46c0      	nop			@ (mov r8, r8)

100040d4 <tu_fifo_set_overwritable>:
100040d4:	b570      	push	{r4, r5, r6, lr}
100040d6:	0004      	movs	r4, r0
100040d8:	68c0      	ldr	r0, [r0, #12]
100040da:	000d      	movs	r5, r1
100040dc:	2800      	cmp	r0, #0
100040de:	d003      	beq.n	100040e8 <tu_fifo_set_overwritable+0x14>
100040e0:	2101      	movs	r1, #1
100040e2:	4249      	negs	r1, r1
100040e4:	f000 f894 	bl	10004210 <__mutex_enter_timeout_ms_veneer>
100040e8:	6920      	ldr	r0, [r4, #16]
100040ea:	2800      	cmp	r0, #0
100040ec:	d003      	beq.n	100040f6 <tu_fifo_set_overwritable+0x22>
100040ee:	2101      	movs	r1, #1
100040f0:	4249      	negs	r1, r1
100040f2:	f000 f88d 	bl	10004210 <__mutex_enter_timeout_ms_veneer>
100040f6:	217f      	movs	r1, #127	@ 0x7f
100040f8:	79e2      	ldrb	r2, [r4, #7]
100040fa:	01eb      	lsls	r3, r5, #7
100040fc:	4011      	ands	r1, r2
100040fe:	68e0      	ldr	r0, [r4, #12]
10004100:	4319      	orrs	r1, r3
10004102:	71e1      	strb	r1, [r4, #7]
10004104:	2800      	cmp	r0, #0
10004106:	d001      	beq.n	1000410c <tu_fifo_set_overwritable+0x38>
10004108:	f000 f88a 	bl	10004220 <__mutex_exit_veneer>
1000410c:	6920      	ldr	r0, [r4, #16]
1000410e:	2800      	cmp	r0, #0
10004110:	d001      	beq.n	10004116 <tu_fifo_set_overwritable+0x42>
10004112:	f000 f885 	bl	10004220 <__mutex_exit_veneer>
10004116:	2001      	movs	r0, #1
10004118:	bd70      	pop	{r4, r5, r6, pc}
1000411a:	46c0      	nop			@ (mov r8, r8)

1000411c <strlen>:
1000411c:	0003      	movs	r3, r0
1000411e:	4684      	mov	ip, r0
10004120:	079b      	lsls	r3, r3, #30
10004122:	d00b      	beq.n	1000413c <strlen+0x20>
10004124:	0003      	movs	r3, r0
10004126:	2103      	movs	r1, #3
10004128:	e002      	b.n	10004130 <strlen+0x14>
1000412a:	3301      	adds	r3, #1
1000412c:	420b      	tst	r3, r1
1000412e:	d006      	beq.n	1000413e <strlen+0x22>
10004130:	781a      	ldrb	r2, [r3, #0]
10004132:	2a00      	cmp	r2, #0
10004134:	d1f9      	bne.n	1000412a <strlen+0xe>
10004136:	4662      	mov	r2, ip
10004138:	1a98      	subs	r0, r3, r2
1000413a:	4770      	bx	lr
1000413c:	0003      	movs	r3, r0
1000413e:	6819      	ldr	r1, [r3, #0]
10004140:	4a0c      	ldr	r2, [pc, #48]	@ (10004174 <strlen+0x58>)
10004142:	480d      	ldr	r0, [pc, #52]	@ (10004178 <strlen+0x5c>)
10004144:	188a      	adds	r2, r1, r2
10004146:	438a      	bics	r2, r1
10004148:	4202      	tst	r2, r0
1000414a:	d10f      	bne.n	1000416c <strlen+0x50>
1000414c:	6859      	ldr	r1, [r3, #4]
1000414e:	4a09      	ldr	r2, [pc, #36]	@ (10004174 <strlen+0x58>)
10004150:	3304      	adds	r3, #4
10004152:	188a      	adds	r2, r1, r2
10004154:	438a      	bics	r2, r1
10004156:	4202      	tst	r2, r0
10004158:	d108      	bne.n	1000416c <strlen+0x50>
1000415a:	6859      	ldr	r1, [r3, #4]
1000415c:	4a05      	ldr	r2, [pc, #20]	@ (10004174 <strlen+0x58>)
1000415e:	3304      	adds	r3, #4
10004160:	188a      	adds	r2, r1, r2
10004162:	438a      	bics	r2, r1
10004164:	4202      	tst	r2, r0
10004166:	d0f1      	beq.n	1000414c <strlen+0x30>
10004168:	e000      	b.n	1000416c <strlen+0x50>
1000416a:	3301      	adds	r3, #1
1000416c:	781a      	ldrb	r2, [r3, #0]
1000416e:	2a00      	cmp	r2, #0
10004170:	d1fb      	bne.n	1000416a <strlen+0x4e>
10004172:	e7e0      	b.n	10004136 <strlen+0x1a>
10004174:	fefefeff 	.word	0xfefefeff
10004178:	80808080 	.word	0x80808080
1000417c:	00000000 	.word	0x00000000

10004180 <__hw_endpoint_start_next_buffer_veneer>:
10004180:	b401      	push	{r0}
10004182:	4802      	ldr	r0, [pc, #8]	@ (1000418c <__hw_endpoint_start_next_buffer_veneer+0xc>)
10004184:	4684      	mov	ip, r0
10004186:	bc01      	pop	{r0}
10004188:	4760      	bx	ip
1000418a:	bf00      	nop
1000418c:	20000c3d 	.word	0x20000c3d

10004190 <__reset_non_control_endpoints_veneer>:
10004190:	b401      	push	{r0}
10004192:	4802      	ldr	r0, [pc, #8]	@ (1000419c <__reset_non_control_endpoints_veneer+0xc>)
10004194:	4684      	mov	ip, r0
10004196:	bc01      	pop	{r0}
10004198:	4760      	bx	ip
1000419a:	bf00      	nop
1000419c:	200003d1 	.word	0x200003d1

100041a0 <__mutex_try_enter_block_until_veneer>:
100041a0:	b401      	push	{r0}
100041a2:	4802      	ldr	r0, [pc, #8]	@ (100041ac <__mutex_try_enter_block_until_veneer+0xc>)
100041a4:	4684      	mov	ip, r0
100041a6:	bc01      	pop	{r0}
100041a8:	4760      	bx	ip
100041aa:	bf00      	nop
100041ac:	20000165 	.word	0x20000165

100041b0 <___hw_endpoint_buffer_control_update32_veneer>:
100041b0:	b401      	push	{r0}
100041b2:	4802      	ldr	r0, [pc, #8]	@ (100041bc <___hw_endpoint_buffer_control_update32_veneer+0xc>)
100041b4:	4684      	mov	ip, r0
100041b6:	bc01      	pop	{r0}
100041b8:	4760      	bx	ip
100041ba:	bf00      	nop
100041bc:	20000bed 	.word	0x20000bed

100041c0 <____aeabi_idiv0_veneer>:
100041c0:	b401      	push	{r0}
100041c2:	4802      	ldr	r0, [pc, #8]	@ (100041cc <____aeabi_idiv0_veneer+0xc>)
100041c4:	4684      	mov	ip, r0
100041c6:	bc01      	pop	{r0}
100041c8:	4760      	bx	ip
100041ca:	bf00      	nop
100041cc:	20000eb9 	.word	0x20000eb9

100041d0 <__flash_do_cmd_cs_veneer>:
100041d0:	b401      	push	{r0}
100041d2:	4802      	ldr	r0, [pc, #8]	@ (100041dc <__flash_do_cmd_cs_veneer+0xc>)
100041d4:	4684      	mov	ip, r0
100041d6:	bc01      	pop	{r0}
100041d8:	4760      	bx	ip
100041da:	bf00      	nop
100041dc:	20000289 	.word	0x20000289

100041e0 <__e15_is_critical_frame_period_veneer>:
100041e0:	b401      	push	{r0}
100041e2:	4802      	ldr	r0, [pc, #8]	@ (100041ec <__e15_is_critical_frame_period_veneer+0xc>)
100041e4:	4684      	mov	ip, r0
100041e6:	bc01      	pop	{r0}
100041e8:	4760      	bx	ip
100041ea:	bf00      	nop
100041ec:	20000bb1 	.word	0x20000bb1

100041f0 <__mutex_try_enter_veneer>:
100041f0:	b401      	push	{r0}
100041f2:	4802      	ldr	r0, [pc, #8]	@ (100041fc <__mutex_try_enter_veneer+0xc>)
100041f4:	4684      	mov	ip, r0
100041f6:	bc01      	pop	{r0}
100041f8:	4760      	bx	ip
100041fa:	bf00      	nop
100041fc:	200000c1 	.word	0x200000c1

10004200 <__e15_is_bulkin_ep_veneer>:
10004200:	b401      	push	{r0}
10004202:	4802      	ldr	r0, [pc, #8]	@ (1000420c <__e15_is_bulkin_ep_veneer+0xc>)
10004204:	4684      	mov	ip, r0
10004206:	bc01      	pop	{r0}
10004208:	4760      	bx	ip
1000420a:	bf00      	nop
1000420c:	20000b89 	.word	0x20000b89

10004210 <__mutex_enter_timeout_ms_veneer>:
10004210:	b401      	push	{r0}
10004212:	4802      	ldr	r0, [pc, #8]	@ (1000421c <__mutex_enter_timeout_ms_veneer+0xc>)
10004214:	4684      	mov	ip, r0
10004216:	bc01      	pop	{r0}
10004218:	4760      	bx	ip
1000421a:	bf00      	nop
1000421c:	20000199 	.word	0x20000199

10004220 <__mutex_exit_veneer>:
10004220:	b401      	push	{r0}
10004222:	4802      	ldr	r0, [pc, #8]	@ (1000422c <__mutex_exit_veneer+0xc>)
10004224:	4684      	mov	ip, r0
10004226:	bc01      	pop	{r0}
10004228:	4760      	bx	ip
1000422a:	bf00      	nop
1000422c:	200001d5 	.word	0x200001d5

10004230 <__pre_init_runtime_init_early_resets>:
10004230:	100016dd                                ....

10004234 <__pre_init_runtime_init_usb_power_down>:
10004234:	10001709 100018ed 10001ae1 10001949     ............I...
10004244:	10001a4d                                M...

10004248 <__pre_init_runtime_init_clocks>:
10004248:	10001815                                ....

1000424c <__pre_init_runtime_init_post_clock_resets>:
1000424c:	10001725                                %...

10004250 <__pre_init_runtime_init_rp2040_gpio_ie_disable>:
10004250:	10001745                                E...

10004254 <__pre_init_runtime_init_spin_locks_reset>:
10004254:	10001759                                Y...

10004258 <__pre_init_runtime_init_mutex>:
10004258:	100008b5                                ....

1000425c <__pre_init_runtime_init_install_ram_vector_table>:
1000425c:	10001761                                a...

10004260 <__pre_init_runtime_init_default_alarm_pool>:
10004260:	10000c75                                u...

10004264 <__pre_init_first_per_core_initializer>:
10004264:	100016a5                                ....

10004268 <__pre_init_runtime_init_per_core_irq_priorities>:
10004268:	100004f1                                ....

1000426c <__init_array_start>:
1000426c:	100022a1 	.word	0x100022a1

Disassembly of section .data:

200000c0 <mutex_try_enter>:
200000c0:	0003      	movs	r3, r0
200000c2:	6800      	ldr	r0, [r0, #0]
200000c4:	f3ef 8c10 	mrs	ip, PRIMASK
200000c8:	b672      	cpsid	i
200000ca:	6802      	ldr	r2, [r0, #0]
200000cc:	2a00      	cmp	r2, #0
200000ce:	d0fc      	beq.n	200000ca <mutex_try_enter+0xa>
200000d0:	f3bf 8f5f 	dmb	sy
200000d4:	2204      	movs	r2, #4
200000d6:	569a      	ldrsb	r2, [r3, r2]
200000d8:	2a00      	cmp	r2, #0
200000da:	db0b      	blt.n	200000f4 <mutex_try_enter+0x34>
200000dc:	2900      	cmp	r1, #0
200000de:	d000      	beq.n	200000e2 <mutex_try_enter+0x22>
200000e0:	600a      	str	r2, [r1, #0]
200000e2:	2000      	movs	r0, #0
200000e4:	681b      	ldr	r3, [r3, #0]
200000e6:	f3bf 8f5f 	dmb	sy
200000ea:	2200      	movs	r2, #0
200000ec:	601a      	str	r2, [r3, #0]
200000ee:	f38c 8810 	msr	PRIMASK, ip
200000f2:	4770      	bx	lr
200000f4:	22d0      	movs	r2, #208	@ 0xd0
200000f6:	0612      	lsls	r2, r2, #24
200000f8:	6812      	ldr	r2, [r2, #0]
200000fa:	2001      	movs	r0, #1
200000fc:	711a      	strb	r2, [r3, #4]
200000fe:	e7f1      	b.n	200000e4 <mutex_try_enter+0x24>

20000100 <mutex_enter_block_until>:
20000100:	b5f0      	push	{r4, r5, r6, r7, lr}
20000102:	001f      	movs	r7, r3
20000104:	23d0      	movs	r3, #208	@ 0xd0
20000106:	46c6      	mov	lr, r8
20000108:	061b      	lsls	r3, r3, #24
2000010a:	681b      	ldr	r3, [r3, #0]
2000010c:	0004      	movs	r4, r0
2000010e:	0016      	movs	r6, r2
20000110:	4698      	mov	r8, r3
20000112:	2500      	movs	r5, #0
20000114:	b500      	push	{lr}
20000116:	e00a      	b.n	2000012e <mutex_enter_block_until+0x2e>
20000118:	f3bf 8f5f 	dmb	sy
2000011c:	6015      	str	r5, [r2, #0]
2000011e:	f381 8810 	msr	PRIMASK, r1
20000122:	0030      	movs	r0, r6
20000124:	0039      	movs	r1, r7
20000126:	f000 fefb 	bl	20000f20 <__best_effort_wfe_or_timeout_veneer>
2000012a:	2800      	cmp	r0, #0
2000012c:	d118      	bne.n	20000160 <mutex_enter_block_until+0x60>
2000012e:	6822      	ldr	r2, [r4, #0]
20000130:	f3ef 8110 	mrs	r1, PRIMASK
20000134:	b672      	cpsid	i
20000136:	6813      	ldr	r3, [r2, #0]
20000138:	2b00      	cmp	r3, #0
2000013a:	d0fc      	beq.n	20000136 <mutex_enter_block_until+0x36>
2000013c:	f3bf 8f5f 	dmb	sy
20000140:	7923      	ldrb	r3, [r4, #4]
20000142:	6822      	ldr	r2, [r4, #0]
20000144:	2b7f      	cmp	r3, #127	@ 0x7f
20000146:	d9e7      	bls.n	20000118 <mutex_enter_block_until+0x18>
20000148:	4643      	mov	r3, r8
2000014a:	7123      	strb	r3, [r4, #4]
2000014c:	f3bf 8f5f 	dmb	sy
20000150:	2300      	movs	r3, #0
20000152:	6013      	str	r3, [r2, #0]
20000154:	f381 8810 	msr	PRIMASK, r1
20000158:	2001      	movs	r0, #1
2000015a:	bc80      	pop	{r7}
2000015c:	46b8      	mov	r8, r7
2000015e:	bdf0      	pop	{r4, r5, r6, r7, pc}
20000160:	2000      	movs	r0, #0
20000162:	e7fa      	b.n	2000015a <mutex_enter_block_until+0x5a>

20000164 <mutex_try_enter_block_until>:
20000164:	b570      	push	{r4, r5, r6, lr}
20000166:	b082      	sub	sp, #8
20000168:	a901      	add	r1, sp, #4
2000016a:	0006      	movs	r6, r0
2000016c:	0014      	movs	r4, r2
2000016e:	001d      	movs	r5, r3
20000170:	f7ff ffa6 	bl	200000c0 <mutex_try_enter>
20000174:	2800      	cmp	r0, #0
20000176:	d107      	bne.n	20000188 <mutex_try_enter_block_until+0x24>
20000178:	22d0      	movs	r2, #208	@ 0xd0
2000017a:	0612      	lsls	r2, r2, #24
2000017c:	9b01      	ldr	r3, [sp, #4]
2000017e:	7812      	ldrb	r2, [r2, #0]
20000180:	b25b      	sxtb	r3, r3
20000182:	b252      	sxtb	r2, r2
20000184:	4293      	cmp	r3, r2
20000186:	d101      	bne.n	2000018c <mutex_try_enter_block_until+0x28>
20000188:	b002      	add	sp, #8
2000018a:	bd70      	pop	{r4, r5, r6, pc}
2000018c:	0022      	movs	r2, r4
2000018e:	002b      	movs	r3, r5
20000190:	0030      	movs	r0, r6
20000192:	f7ff ffb5 	bl	20000100 <mutex_enter_block_until>
20000196:	e7f7      	b.n	20000188 <mutex_try_enter_block_until+0x24>

20000198 <mutex_enter_timeout_ms>:
20000198:	b5f8      	push	{r3, r4, r5, r6, r7, lr}
2000019a:	000e      	movs	r6, r1
2000019c:	0007      	movs	r7, r0
2000019e:	f000 fec7 	bl	20000f30 <__time_us_64_veneer>
200001a2:	22fa      	movs	r2, #250	@ 0xfa
200001a4:	0004      	movs	r4, r0
200001a6:	000d      	movs	r5, r1
200001a8:	2300      	movs	r3, #0
200001aa:	0092      	lsls	r2, r2, #2
200001ac:	0030      	movs	r0, r6
200001ae:	2100      	movs	r1, #0
200001b0:	f000 feae 	bl	20000f10 <____wrap___aeabi_lmul_veneer>
200001b4:	0022      	movs	r2, r4
200001b6:	002b      	movs	r3, r5
200001b8:	1812      	adds	r2, r2, r0
200001ba:	414b      	adcs	r3, r1
200001bc:	2b00      	cmp	r3, #0
200001be:	da02      	bge.n	200001c6 <mutex_enter_timeout_ms+0x2e>
200001c0:	2201      	movs	r2, #1
200001c2:	4b03      	ldr	r3, [pc, #12]	@ (200001d0 <mutex_enter_timeout_ms+0x38>)
200001c4:	4252      	negs	r2, r2
200001c6:	0038      	movs	r0, r7
200001c8:	f7ff ff9a 	bl	20000100 <mutex_enter_block_until>
200001cc:	bdf8      	pop	{r3, r4, r5, r6, r7, pc}
200001ce:	46c0      	nop			@ (mov r8, r8)
200001d0:	7fffffff 	.word	0x7fffffff

200001d4 <mutex_exit>:
200001d4:	6802      	ldr	r2, [r0, #0]
200001d6:	f3ef 8110 	mrs	r1, PRIMASK
200001da:	b672      	cpsid	i
200001dc:	6813      	ldr	r3, [r2, #0]
200001de:	2b00      	cmp	r3, #0
200001e0:	d0fc      	beq.n	200001dc <mutex_exit+0x8>
200001e2:	f3bf 8f5f 	dmb	sy
200001e6:	23ff      	movs	r3, #255	@ 0xff
200001e8:	7103      	strb	r3, [r0, #4]
200001ea:	6803      	ldr	r3, [r0, #0]
200001ec:	f3bf 8f5f 	dmb	sy
200001f0:	2200      	movs	r2, #0
200001f2:	601a      	str	r2, [r3, #0]
200001f4:	f381 8810 	msr	PRIMASK, r1
200001f8:	bf40      	sev
200001fa:	4770      	bx	lr

200001fc <flash_init_boot2_copyout>:
200001fc:	4b08      	ldr	r3, [pc, #32]	@ (20000220 <flash_init_boot2_copyout+0x24>)
200001fe:	469c      	mov	ip, r3
20000200:	781b      	ldrb	r3, [r3, #0]
20000202:	2b00      	cmp	r3, #0
20000204:	d10b      	bne.n	2000021e <flash_init_boot2_copyout+0x22>
20000206:	2380      	movs	r3, #128	@ 0x80
20000208:	4806      	ldr	r0, [pc, #24]	@ (20000224 <flash_init_boot2_copyout+0x28>)
2000020a:	4907      	ldr	r1, [pc, #28]	@ (20000228 <flash_init_boot2_copyout+0x2c>)
2000020c:	055b      	lsls	r3, r3, #21
2000020e:	681a      	ldr	r2, [r3, #0]
20000210:	50c2      	str	r2, [r0, r3]
20000212:	3304      	adds	r3, #4
20000214:	428b      	cmp	r3, r1
20000216:	d1fa      	bne.n	2000020e <flash_init_boot2_copyout+0x12>
20000218:	2301      	movs	r3, #1
2000021a:	4662      	mov	r2, ip
2000021c:	7013      	strb	r3, [r2, #0]
2000021e:	4770      	bx	lr
20000220:	20001c40 	.word	0x20001c40
20000224:	10001684 	.word	0x10001684
20000228:	10000100 	.word	0x10000100

2000022c <flash_enable_xip_via_boot2>:
2000022c:	b510      	push	{r4, lr}
2000022e:	4b01      	ldr	r3, [pc, #4]	@ (20000234 <flash_enable_xip_via_boot2+0x8>)
20000230:	4798      	blx	r3
20000232:	bd10      	pop	{r4, pc}
20000234:	20001685 	.word	0x20001685

20000238 <flash_save_hardware_state>:
20000238:	4b08      	ldr	r3, [pc, #32]	@ (2000025c <flash_save_hardware_state+0x24>)
2000023a:	685a      	ldr	r2, [r3, #4]
2000023c:	6042      	str	r2, [r0, #4]
2000023e:	689a      	ldr	r2, [r3, #8]
20000240:	6082      	str	r2, [r0, #8]
20000242:	68da      	ldr	r2, [r3, #12]
20000244:	60c2      	str	r2, [r0, #12]
20000246:	691a      	ldr	r2, [r3, #16]
20000248:	6102      	str	r2, [r0, #16]
2000024a:	695a      	ldr	r2, [r3, #20]
2000024c:	6142      	str	r2, [r0, #20]
2000024e:	699b      	ldr	r3, [r3, #24]
20000250:	6183      	str	r3, [r0, #24]
20000252:	23a0      	movs	r3, #160	@ 0xa0
20000254:	055b      	lsls	r3, r3, #21
20000256:	681b      	ldr	r3, [r3, #0]
20000258:	6003      	str	r3, [r0, #0]
2000025a:	4770      	bx	lr
2000025c:	40020000 	.word	0x40020000

20000260 <flash_restore_hardware_state>:
20000260:	6842      	ldr	r2, [r0, #4]
20000262:	4b08      	ldr	r3, [pc, #32]	@ (20000284 <flash_restore_hardware_state+0x24>)
20000264:	605a      	str	r2, [r3, #4]
20000266:	6882      	ldr	r2, [r0, #8]
20000268:	609a      	str	r2, [r3, #8]
2000026a:	68c2      	ldr	r2, [r0, #12]
2000026c:	60da      	str	r2, [r3, #12]
2000026e:	6902      	ldr	r2, [r0, #16]
20000270:	611a      	str	r2, [r3, #16]
20000272:	6942      	ldr	r2, [r0, #20]
20000274:	615a      	str	r2, [r3, #20]
20000276:	6982      	ldr	r2, [r0, #24]
20000278:	619a      	str	r2, [r3, #24]
2000027a:	23a0      	movs	r3, #160	@ 0xa0
2000027c:	6802      	ldr	r2, [r0, #0]
2000027e:	055b      	lsls	r3, r3, #21
20000280:	601a      	str	r2, [r3, #0]
20000282:	4770      	bx	lr
20000284:	40020000 	.word	0x40020000

20000288 <flash_do_cmd_cs>:
20000288:	b5f0      	push	{r4, r5, r6, r7, lr}
2000028a:	46d6      	mov	lr, sl
2000028c:	464f      	mov	r7, r9
2000028e:	4646      	mov	r6, r8
20000290:	2300      	movs	r3, #0
20000292:	b5c0      	push	{r6, r7, lr}
20000294:	2718      	movs	r7, #24
20000296:	b088      	sub	sp, #32
20000298:	001e      	movs	r6, r3
2000029a:	4681      	mov	r9, r0
2000029c:	000d      	movs	r5, r1
2000029e:	8a98      	ldrh	r0, [r3, #20]
200002a0:	4946      	ldr	r1, [pc, #280]	@ (200003bc <flash_do_cmd_cs+0x134>)
200002a2:	883b      	ldrh	r3, [r7, #0]
200002a4:	0014      	movs	r4, r2
200002a6:	4798      	blx	r3
200002a8:	883b      	ldrh	r3, [r7, #0]
200002aa:	4680      	mov	r8, r0
200002ac:	4944      	ldr	r1, [pc, #272]	@ (200003c0 <flash_do_cmd_cs+0x138>)
200002ae:	8ab0      	ldrh	r0, [r6, #20]
200002b0:	4798      	blx	r3
200002b2:	2300      	movs	r3, #0
200002b4:	4943      	ldr	r1, [pc, #268]	@ (200003c4 <flash_do_cmd_cs+0x13c>)
200002b6:	0006      	movs	r6, r0
200002b8:	8a98      	ldrh	r0, [r3, #20]
200002ba:	883b      	ldrh	r3, [r7, #0]
200002bc:	4798      	blx	r3
200002be:	4682      	mov	sl, r0
200002c0:	f7ff ff9c 	bl	200001fc <flash_init_boot2_copyout>
200002c4:	a801      	add	r0, sp, #4
200002c6:	f7ff ffb7 	bl	20000238 <flash_save_hardware_state>
200002ca:	47c0      	blx	r8
200002cc:	47b0      	blx	r6
200002ce:	4b3e      	ldr	r3, [pc, #248]	@ (200003c8 <flash_do_cmd_cs+0x140>)
200002d0:	0021      	movs	r1, r4
200002d2:	681a      	ldr	r2, [r3, #0]
200002d4:	2380      	movs	r3, #128	@ 0x80
200002d6:	009b      	lsls	r3, r3, #2
200002d8:	4053      	eors	r3, r2
200002da:	22c0      	movs	r2, #192	@ 0xc0
200002dc:	0092      	lsls	r2, r2, #2
200002de:	4013      	ands	r3, r2
200002e0:	4a3a      	ldr	r2, [pc, #232]	@ (200003cc <flash_do_cmd_cs+0x144>)
200002e2:	6013      	str	r3, [r2, #0]
200002e4:	2c00      	cmp	r4, #0
200002e6:	d01c      	beq.n	20000322 <flash_do_cmd_cs+0x9a>
200002e8:	2308      	movs	r3, #8
200002ea:	20c0      	movs	r0, #192	@ 0xc0
200002ec:	469c      	mov	ip, r3
200002ee:	0540      	lsls	r0, r0, #21
200002f0:	3f16      	subs	r7, #22
200002f2:	4662      	mov	r2, ip
200002f4:	6a83      	ldr	r3, [r0, #40]	@ 0x28
200002f6:	401a      	ands	r2, r3
200002f8:	421f      	tst	r7, r3
200002fa:	d039      	beq.n	20000370 <flash_do_cmd_cs+0xe8>
200002fc:	1a63      	subs	r3, r4, r1
200002fe:	2900      	cmp	r1, #0
20000300:	d12b      	bne.n	2000035a <flash_do_cmd_cs+0xd2>
20000302:	2a00      	cmp	r2, #0
20000304:	d10b      	bne.n	2000031e <flash_do_cmd_cs+0x96>
20000306:	2c00      	cmp	r4, #0
20000308:	d00b      	beq.n	20000322 <flash_do_cmd_cs+0x9a>
2000030a:	23c0      	movs	r3, #192	@ 0xc0
2000030c:	2208      	movs	r2, #8
2000030e:	2602      	movs	r6, #2
20000310:	055b      	lsls	r3, r3, #21
20000312:	6a9b      	ldr	r3, [r3, #40]	@ 0x28
20000314:	401a      	ands	r2, r3
20000316:	421e      	tst	r6, r3
20000318:	d042      	beq.n	200003a0 <flash_do_cmd_cs+0x118>
2000031a:	2a00      	cmp	r2, #0
2000031c:	d0f5      	beq.n	2000030a <flash_do_cmd_cs+0x82>
2000031e:	2c00      	cmp	r4, #0
20000320:	d130      	bne.n	20000384 <flash_do_cmd_cs+0xfc>
20000322:	4b29      	ldr	r3, [pc, #164]	@ (200003c8 <flash_do_cmd_cs+0x140>)
20000324:	681a      	ldr	r2, [r3, #0]
20000326:	23c0      	movs	r3, #192	@ 0xc0
20000328:	009b      	lsls	r3, r3, #2
2000032a:	4393      	bics	r3, r2
2000032c:	4a27      	ldr	r2, [pc, #156]	@ (200003cc <flash_do_cmd_cs+0x144>)
2000032e:	6013      	str	r3, [r2, #0]
20000330:	47d0      	blx	sl
20000332:	f7ff ff7b 	bl	2000022c <flash_enable_xip_via_boot2>
20000336:	a801      	add	r0, sp, #4
20000338:	f7ff ff92 	bl	20000260 <flash_restore_hardware_state>
2000033c:	b008      	add	sp, #32
2000033e:	bce0      	pop	{r5, r6, r7}
20000340:	46ba      	mov	sl, r7
20000342:	46b1      	mov	r9, r6
20000344:	46a8      	mov	r8, r5
20000346:	bdf0      	pop	{r4, r5, r6, r7, pc}
20000348:	2c00      	cmp	r4, #0
2000034a:	d12b      	bne.n	200003a4 <flash_do_cmd_cs+0x11c>
2000034c:	22c0      	movs	r2, #192	@ 0xc0
2000034e:	0552      	lsls	r2, r2, #21
20000350:	6a96      	ldr	r6, [r2, #40]	@ 0x28
20000352:	2208      	movs	r2, #8
20000354:	4032      	ands	r2, r6
20000356:	07b6      	lsls	r6, r6, #30
20000358:	d52b      	bpl.n	200003b2 <flash_do_cmd_cs+0x12a>
2000035a:	2b0d      	cmp	r3, #13
2000035c:	d919      	bls.n	20000392 <flash_do_cmd_cs+0x10a>
2000035e:	2a00      	cmp	r2, #0
20000360:	d1f2      	bne.n	20000348 <flash_do_cmd_cs+0xc0>
20000362:	22c0      	movs	r2, #192	@ 0xc0
20000364:	0552      	lsls	r2, r2, #21
20000366:	6a96      	ldr	r6, [r2, #40]	@ 0x28
20000368:	2208      	movs	r2, #8
2000036a:	4032      	ands	r2, r6
2000036c:	07b6      	lsls	r6, r6, #30
2000036e:	d4f4      	bmi.n	2000035a <flash_do_cmd_cs+0xd2>
20000370:	2a00      	cmp	r2, #0
20000372:	d104      	bne.n	2000037e <flash_do_cmd_cs+0xf6>
20000374:	000b      	movs	r3, r1
20000376:	4323      	orrs	r3, r4
20000378:	2b00      	cmp	r3, #0
2000037a:	d1ba      	bne.n	200002f2 <flash_do_cmd_cs+0x6a>
2000037c:	e7d1      	b.n	20000322 <flash_do_cmd_cs+0x9a>
2000037e:	000b      	movs	r3, r1
20000380:	2c00      	cmp	r4, #0
20000382:	d0f9      	beq.n	20000378 <flash_do_cmd_cs+0xf0>
20000384:	6e03      	ldr	r3, [r0, #96]	@ 0x60
20000386:	3c01      	subs	r4, #1
20000388:	702b      	strb	r3, [r5, #0]
2000038a:	0023      	movs	r3, r4
2000038c:	3501      	adds	r5, #1
2000038e:	430b      	orrs	r3, r1
20000390:	e7f2      	b.n	20000378 <flash_do_cmd_cs+0xf0>
20000392:	464b      	mov	r3, r9
20000394:	781b      	ldrb	r3, [r3, #0]
20000396:	3901      	subs	r1, #1
20000398:	6603      	str	r3, [r0, #96]	@ 0x60
2000039a:	2301      	movs	r3, #1
2000039c:	4499      	add	r9, r3
2000039e:	e7e7      	b.n	20000370 <flash_do_cmd_cs+0xe8>
200003a0:	2100      	movs	r1, #0
200003a2:	e7e5      	b.n	20000370 <flash_do_cmd_cs+0xe8>
200003a4:	23c0      	movs	r3, #192	@ 0xc0
200003a6:	055b      	lsls	r3, r3, #21
200003a8:	6e1b      	ldr	r3, [r3, #96]	@ 0x60
200003aa:	3c01      	subs	r4, #1
200003ac:	702b      	strb	r3, [r5, #0]
200003ae:	3501      	adds	r5, #1
200003b0:	e79f      	b.n	200002f2 <flash_do_cmd_cs+0x6a>
200003b2:	000b      	movs	r3, r1
200003b4:	42a2      	cmp	r2, r4
200003b6:	d1df      	bne.n	20000378 <flash_do_cmd_cs+0xf0>
200003b8:	e7dc      	b.n	20000374 <flash_do_cmd_cs+0xec>
200003ba:	46c0      	nop			@ (mov r8, r8)
200003bc:	00004649 	.word	0x00004649
200003c0:	00005845 	.word	0x00005845
200003c4:	00004346 	.word	0x00004346
200003c8:	4001800c 	.word	0x4001800c
200003cc:	4001900c 	.word	0x4001900c

200003d0 <reset_non_control_endpoints>:
200003d0:	2200      	movs	r2, #0
200003d2:	4b15      	ldr	r3, [pc, #84]	@ (20000428 <reset_non_control_endpoints+0x58>)
200003d4:	b510      	push	{r4, lr}
200003d6:	609a      	str	r2, [r3, #8]
200003d8:	60da      	str	r2, [r3, #12]
200003da:	611a      	str	r2, [r3, #16]
200003dc:	615a      	str	r2, [r3, #20]
200003de:	619a      	str	r2, [r3, #24]
200003e0:	61da      	str	r2, [r3, #28]
200003e2:	621a      	str	r2, [r3, #32]
200003e4:	625a      	str	r2, [r3, #36]	@ 0x24
200003e6:	629a      	str	r2, [r3, #40]	@ 0x28
200003e8:	62da      	str	r2, [r3, #44]	@ 0x2c
200003ea:	631a      	str	r2, [r3, #48]	@ 0x30
200003ec:	635a      	str	r2, [r3, #52]	@ 0x34
200003ee:	639a      	str	r2, [r3, #56]	@ 0x38
200003f0:	63da      	str	r2, [r3, #60]	@ 0x3c
200003f2:	641a      	str	r2, [r3, #64]	@ 0x40
200003f4:	645a      	str	r2, [r3, #68]	@ 0x44
200003f6:	649a      	str	r2, [r3, #72]	@ 0x48
200003f8:	64da      	str	r2, [r3, #76]	@ 0x4c
200003fa:	651a      	str	r2, [r3, #80]	@ 0x50
200003fc:	655a      	str	r2, [r3, #84]	@ 0x54
200003fe:	659a      	str	r2, [r3, #88]	@ 0x58
20000400:	65da      	str	r2, [r3, #92]	@ 0x5c
20000402:	661a      	str	r2, [r3, #96]	@ 0x60
20000404:	665a      	str	r2, [r3, #100]	@ 0x64
20000406:	669a      	str	r2, [r3, #104]	@ 0x68
20000408:	66da      	str	r2, [r3, #108]	@ 0x6c
2000040a:	671a      	str	r2, [r3, #112]	@ 0x70
2000040c:	675a      	str	r2, [r3, #116]	@ 0x74
2000040e:	679a      	str	r2, [r3, #120]	@ 0x78
20000410:	67da      	str	r2, [r3, #124]	@ 0x7c
20000412:	32f0      	adds	r2, #240	@ 0xf0
20000414:	0092      	lsls	r2, r2, #2
20000416:	2100      	movs	r1, #0
20000418:	4804      	ldr	r0, [pc, #16]	@ (2000042c <reset_non_control_endpoints+0x5c>)
2000041a:	f000 fd61 	bl	20000ee0 <____wrap_memset_veneer>
2000041e:	4b04      	ldr	r3, [pc, #16]	@ (20000430 <reset_non_control_endpoints+0x60>)
20000420:	4a04      	ldr	r2, [pc, #16]	@ (20000434 <reset_non_control_endpoints+0x64>)
20000422:	601a      	str	r2, [r3, #0]
20000424:	bd10      	pop	{r4, pc}
20000426:	46c0      	nop			@ (mov r8, r8)
20000428:	50100000 	.word	0x50100000
2000042c:	20001830 	.word	0x20001830
20000430:	20001bf8 	.word	0x20001bf8
20000434:	50100180 	.word	0x50100180

20000438 <hw_handle_buff_status>:
20000438:	b5f0      	push	{r4, r5, r6, r7, lr}
2000043a:	4647      	mov	r7, r8
2000043c:	46ce      	mov	lr, r9
2000043e:	b580      	push	{r7, lr}
20000440:	4b1c      	ldr	r3, [pc, #112]	@ (200004b4 <hw_handle_buff_status+0x7c>)
20000442:	2400      	movs	r4, #0
20000444:	6d9f      	ldr	r7, [r3, #88]	@ 0x58
20000446:	2601      	movs	r6, #1
20000448:	b085      	sub	sp, #20
2000044a:	2f00      	cmp	r7, #0
2000044c:	d01b      	beq.n	20000486 <hw_handle_buff_status+0x4e>
2000044e:	4b1a      	ldr	r3, [pc, #104]	@ (200004b8 <hw_handle_buff_status+0x80>)
20000450:	4698      	mov	r8, r3
20000452:	4b1a      	ldr	r3, [pc, #104]	@ (200004bc <hw_handle_buff_status+0x84>)
20000454:	4699      	mov	r9, r3
20000456:	e004      	b.n	20000462 <hw_handle_buff_status+0x2a>
20000458:	3401      	adds	r4, #1
2000045a:	b2e4      	uxtb	r4, r4
2000045c:	0076      	lsls	r6, r6, #1
2000045e:	2c20      	cmp	r4, #32
20000460:	d011      	beq.n	20000486 <hw_handle_buff_status+0x4e>
20000462:	423e      	tst	r6, r7
20000464:	d0f8      	beq.n	20000458 <hw_handle_buff_status+0x20>
20000466:	4643      	mov	r3, r8
20000468:	659e      	str	r6, [r3, #88]	@ 0x58
2000046a:	2301      	movs	r3, #1
2000046c:	0865      	lsrs	r5, r4, #1
2000046e:	006d      	lsls	r5, r5, #1
20000470:	43a3      	bics	r3, r4
20000472:	18ed      	adds	r5, r5, r3
20000474:	016d      	lsls	r5, r5, #5
20000476:	444d      	add	r5, r9
20000478:	0028      	movs	r0, r5
2000047a:	f000 fc13 	bl	20000ca4 <hw_endpoint_xfer_continue>
2000047e:	2800      	cmp	r0, #0
20000480:	d106      	bne.n	20000490 <hw_handle_buff_status+0x58>
20000482:	43b7      	bics	r7, r6
20000484:	d1e8      	bne.n	20000458 <hw_handle_buff_status+0x20>
20000486:	b005      	add	sp, #20
20000488:	bcc0      	pop	{r6, r7}
2000048a:	46b9      	mov	r9, r7
2000048c:	46b0      	mov	r8, r6
2000048e:	bdf0      	pop	{r4, r5, r6, r7, pc}
20000490:	8aeb      	ldrh	r3, [r5, #22]
20000492:	21e0      	movs	r1, #224	@ 0xe0
20000494:	9303      	str	r3, [sp, #12]
20000496:	2300      	movs	r3, #0
20000498:	a801      	add	r0, sp, #4
2000049a:	78aa      	ldrb	r2, [r5, #2]
2000049c:	00c9      	lsls	r1, r1, #3
2000049e:	8001      	strh	r1, [r0, #0]
200004a0:	2101      	movs	r1, #1
200004a2:	7102      	strb	r2, [r0, #4]
200004a4:	7143      	strb	r3, [r0, #5]
200004a6:	f000 fc1d 	bl	20000ce4 <dcd_event_handler>
200004aa:	0028      	movs	r0, r5
200004ac:	f000 fb98 	bl	20000be0 <hw_endpoint_reset_transfer>
200004b0:	e7e7      	b.n	20000482 <hw_handle_buff_status+0x4a>
200004b2:	46c0      	nop			@ (mov r8, r8)
200004b4:	50110000 	.word	0x50110000
200004b8:	50113000 	.word	0x50113000
200004bc:	200017f0 	.word	0x200017f0

200004c0 <dcd_rp2040_irq>:
200004c0:	2398      	movs	r3, #152	@ 0x98
200004c2:	4ac6      	ldr	r2, [pc, #792]	@ (200007dc <dcd_rp2040_irq+0x31c>)
200004c4:	b5f0      	push	{r4, r5, r6, r7, lr}
200004c6:	58d5      	ldr	r5, [r2, r3]
200004c8:	2380      	movs	r3, #128	@ 0x80
200004ca:	002e      	movs	r6, r5
200004cc:	029b      	lsls	r3, r3, #10
200004ce:	2410      	movs	r4, #16
200004d0:	b085      	sub	sp, #20
200004d2:	401e      	ands	r6, r3
200004d4:	421d      	tst	r5, r3
200004d6:	d074      	beq.n	200005c2 <dcd_rp2040_irq+0x102>
200004d8:	4bc1      	ldr	r3, [pc, #772]	@ (200007e0 <dcd_rp2040_irq+0x320>)
200004da:	4cc2      	ldr	r4, [pc, #776]	@ (200007e4 <dcd_rp2040_irq+0x324>)
200004dc:	6a9a      	ldr	r2, [r3, #40]	@ 0x28
200004de:	4bc2      	ldr	r3, [pc, #776]	@ (200007e8 <dcd_rp2040_irq+0x328>)
200004e0:	2600      	movs	r6, #0
200004e2:	601a      	str	r2, [r3, #0]
200004e4:	233b      	movs	r3, #59	@ 0x3b
200004e6:	5ce3      	ldrb	r3, [r4, r3]
200004e8:	2b02      	cmp	r3, #2
200004ea:	d100      	bne.n	200004ee <dcd_rp2040_irq+0x2e>
200004ec:	e14b      	b.n	20000786 <dcd_rp2040_irq+0x2c6>
200004ee:	237b      	movs	r3, #123	@ 0x7b
200004f0:	5ce3      	ldrb	r3, [r4, r3]
200004f2:	2b02      	cmp	r3, #2
200004f4:	d100      	bne.n	200004f8 <dcd_rp2040_irq+0x38>
200004f6:	e0ef      	b.n	200006d8 <dcd_rp2040_irq+0x218>
200004f8:	23bb      	movs	r3, #187	@ 0xbb
200004fa:	5ce3      	ldrb	r3, [r4, r3]
200004fc:	2b02      	cmp	r3, #2
200004fe:	d100      	bne.n	20000502 <dcd_rp2040_irq+0x42>
20000500:	e0f6      	b.n	200006f0 <dcd_rp2040_irq+0x230>
20000502:	23fb      	movs	r3, #251	@ 0xfb
20000504:	5ce3      	ldrb	r3, [r4, r3]
20000506:	2b02      	cmp	r3, #2
20000508:	d100      	bne.n	2000050c <dcd_rp2040_irq+0x4c>
2000050a:	e0fd      	b.n	20000708 <dcd_rp2040_irq+0x248>
2000050c:	233c      	movs	r3, #60	@ 0x3c
2000050e:	33ff      	adds	r3, #255	@ 0xff
20000510:	5ce3      	ldrb	r3, [r4, r3]
20000512:	2b02      	cmp	r3, #2
20000514:	d100      	bne.n	20000518 <dcd_rp2040_irq+0x58>
20000516:	e129      	b.n	2000076c <dcd_rp2040_irq+0x2ac>
20000518:	237c      	movs	r3, #124	@ 0x7c
2000051a:	33ff      	adds	r3, #255	@ 0xff
2000051c:	5ce3      	ldrb	r3, [r4, r3]
2000051e:	2b02      	cmp	r3, #2
20000520:	d100      	bne.n	20000524 <dcd_rp2040_irq+0x64>
20000522:	e10a      	b.n	2000073a <dcd_rp2040_irq+0x27a>
20000524:	23bc      	movs	r3, #188	@ 0xbc
20000526:	33ff      	adds	r3, #255	@ 0xff
20000528:	5ce3      	ldrb	r3, [r4, r3]
2000052a:	2b02      	cmp	r3, #2
2000052c:	d100      	bne.n	20000530 <dcd_rp2040_irq+0x70>
2000052e:	e13b      	b.n	200007a8 <dcd_rp2040_irq+0x2e8>
20000530:	23fc      	movs	r3, #252	@ 0xfc
20000532:	33ff      	adds	r3, #255	@ 0xff
20000534:	5ce3      	ldrb	r3, [r4, r3]
20000536:	2b02      	cmp	r3, #2
20000538:	d100      	bne.n	2000053c <dcd_rp2040_irq+0x7c>
2000053a:	e0f1      	b.n	20000720 <dcd_rp2040_irq+0x260>
2000053c:	4bab      	ldr	r3, [pc, #684]	@ (200007ec <dcd_rp2040_irq+0x32c>)
2000053e:	5ce3      	ldrb	r3, [r4, r3]
20000540:	2b02      	cmp	r3, #2
20000542:	d100      	bne.n	20000546 <dcd_rp2040_irq+0x86>
20000544:	e170      	b.n	20000828 <dcd_rp2040_irq+0x368>
20000546:	4baa      	ldr	r3, [pc, #680]	@ (200007f0 <dcd_rp2040_irq+0x330>)
20000548:	5ce3      	ldrb	r3, [r4, r3]
2000054a:	2b02      	cmp	r3, #2
2000054c:	d100      	bne.n	20000550 <dcd_rp2040_irq+0x90>
2000054e:	e101      	b.n	20000754 <dcd_rp2040_irq+0x294>
20000550:	4ba8      	ldr	r3, [pc, #672]	@ (200007f4 <dcd_rp2040_irq+0x334>)
20000552:	5ce3      	ldrb	r3, [r4, r3]
20000554:	2b02      	cmp	r3, #2
20000556:	d100      	bne.n	2000055a <dcd_rp2040_irq+0x9a>
20000558:	e171      	b.n	2000083e <dcd_rp2040_irq+0x37e>
2000055a:	4ba7      	ldr	r3, [pc, #668]	@ (200007f8 <dcd_rp2040_irq+0x338>)
2000055c:	5ce3      	ldrb	r3, [r4, r3]
2000055e:	2b02      	cmp	r3, #2
20000560:	d100      	bne.n	20000564 <dcd_rp2040_irq+0xa4>
20000562:	e12e      	b.n	200007c2 <dcd_rp2040_irq+0x302>
20000564:	4ba5      	ldr	r3, [pc, #660]	@ (200007fc <dcd_rp2040_irq+0x33c>)
20000566:	5ce3      	ldrb	r3, [r4, r3]
20000568:	2b02      	cmp	r3, #2
2000056a:	d100      	bne.n	2000056e <dcd_rp2040_irq+0xae>
2000056c:	e19c      	b.n	200008a8 <dcd_rp2040_irq+0x3e8>
2000056e:	4ba4      	ldr	r3, [pc, #656]	@ (20000800 <dcd_rp2040_irq+0x340>)
20000570:	5ce3      	ldrb	r3, [r4, r3]
20000572:	2b02      	cmp	r3, #2
20000574:	d100      	bne.n	20000578 <dcd_rp2040_irq+0xb8>
20000576:	e16d      	b.n	20000854 <dcd_rp2040_irq+0x394>
20000578:	4ba2      	ldr	r3, [pc, #648]	@ (20000804 <dcd_rp2040_irq+0x344>)
2000057a:	5ce3      	ldrb	r3, [r4, r3]
2000057c:	2b02      	cmp	r3, #2
2000057e:	d100      	bne.n	20000582 <dcd_rp2040_irq+0xc2>
20000580:	e19d      	b.n	200008be <dcd_rp2040_irq+0x3fe>
20000582:	4ba1      	ldr	r3, [pc, #644]	@ (20000808 <dcd_rp2040_irq+0x348>)
20000584:	5ce3      	ldrb	r3, [r4, r3]
20000586:	2b02      	cmp	r3, #2
20000588:	d100      	bne.n	2000058c <dcd_rp2040_irq+0xcc>
2000058a:	e17b      	b.n	20000884 <dcd_rp2040_irq+0x3c4>
2000058c:	2e00      	cmp	r6, #0
2000058e:	d108      	bne.n	200005a2 <dcd_rp2040_irq+0xe2>
20000590:	4b9e      	ldr	r3, [pc, #632]	@ (2000080c <dcd_rp2040_irq+0x34c>)
20000592:	781b      	ldrb	r3, [r3, #0]
20000594:	2b00      	cmp	r3, #0
20000596:	d104      	bne.n	200005a2 <dcd_rp2040_irq+0xe2>
20000598:	2180      	movs	r1, #128	@ 0x80
2000059a:	4a9d      	ldr	r2, [pc, #628]	@ (20000810 <dcd_rp2040_irq+0x350>)
2000059c:	3390      	adds	r3, #144	@ 0x90
2000059e:	0289      	lsls	r1, r1, #10
200005a0:	50d1      	str	r1, [r2, r3]
200005a2:	22c0      	movs	r2, #192	@ 0xc0
200005a4:	4669      	mov	r1, sp
200005a6:	4b8d      	ldr	r3, [pc, #564]	@ (200007dc <dcd_rp2040_irq+0x31c>)
200005a8:	0092      	lsls	r2, r2, #2
200005aa:	6c9b      	ldr	r3, [r3, #72]	@ 0x48
200005ac:	2680      	movs	r6, #128	@ 0x80
200005ae:	055b      	lsls	r3, r3, #21
200005b0:	808a      	strh	r2, [r1, #4]
200005b2:	0d5b      	lsrs	r3, r3, #21
200005b4:	2101      	movs	r1, #1
200005b6:	a801      	add	r0, sp, #4
200005b8:	9302      	str	r3, [sp, #8]
200005ba:	f000 fb93 	bl	20000ce4 <dcd_event_handler>
200005be:	4c95      	ldr	r4, [pc, #596]	@ (20000814 <dcd_rp2040_irq+0x354>)
200005c0:	02b6      	lsls	r6, r6, #10
200005c2:	06eb      	lsls	r3, r5, #27
200005c4:	d500      	bpl.n	200005c8 <dcd_rp2040_irq+0x108>
200005c6:	e07b      	b.n	200006c0 <dcd_rp2040_irq+0x200>
200005c8:	2380      	movs	r3, #128	@ 0x80
200005ca:	025b      	lsls	r3, r3, #9
200005cc:	421d      	tst	r5, r3
200005ce:	d02f      	beq.n	20000630 <dcd_rp2040_irq+0x170>
200005d0:	2402      	movs	r4, #2
200005d2:	4f84      	ldr	r7, [pc, #528]	@ (200007e4 <dcd_rp2040_irq+0x324>)
200005d4:	431e      	orrs	r6, r3
200005d6:	7ebb      	ldrb	r3, [r7, #26]
200005d8:	2b00      	cmp	r3, #0
200005da:	d014      	beq.n	20000606 <dcd_rp2040_irq+0x146>
200005dc:	f000 fc88 	bl	20000ef0 <__rp2040_chip_version_veneer>
200005e0:	2801      	cmp	r0, #1
200005e2:	d900      	bls.n	200005e6 <dcd_rp2040_irq+0x126>
200005e4:	e070      	b.n	200006c8 <dcd_rp2040_irq+0x208>
200005e6:	22c0      	movs	r2, #192	@ 0xc0
200005e8:	2100      	movs	r1, #0
200005ea:	0038      	movs	r0, r7
200005ec:	0192      	lsls	r2, r2, #6
200005ee:	f000 fafd 	bl	20000bec <_hw_endpoint_buffer_control_update32>
200005f2:	0038      	movs	r0, r7
200005f4:	f000 faf4 	bl	20000be0 <hw_endpoint_reset_transfer>
200005f8:	f000 fc7a 	bl	20000ef0 <__rp2040_chip_version_veneer>
200005fc:	2801      	cmp	r0, #1
200005fe:	d902      	bls.n	20000606 <dcd_rp2040_irq+0x146>
20000600:	4b83      	ldr	r3, [pc, #524]	@ (20000810 <dcd_rp2040_irq+0x350>)
20000602:	665c      	str	r4, [r3, #100]	@ 0x64
20000604:	661c      	str	r4, [r3, #96]	@ 0x60
20000606:	2301      	movs	r3, #1
20000608:	70fb      	strb	r3, [r7, #3]
2000060a:	3720      	adds	r7, #32
2000060c:	2c01      	cmp	r4, #1
2000060e:	d120      	bne.n	20000652 <dcd_rp2040_irq+0x192>
20000610:	23c0      	movs	r3, #192	@ 0xc0
20000612:	466a      	mov	r2, sp
20000614:	00db      	lsls	r3, r3, #3
20000616:	8093      	strh	r3, [r2, #4]
20000618:	4a7f      	ldr	r2, [pc, #508]	@ (20000818 <dcd_rp2040_irq+0x358>)
2000061a:	ab02      	add	r3, sp, #8
2000061c:	ca03      	ldmia	r2!, {r0, r1}
2000061e:	c303      	stmia	r3!, {r0, r1}
20000620:	2101      	movs	r1, #1
20000622:	a801      	add	r0, sp, #4
20000624:	f000 fb5e 	bl	20000ce4 <dcd_event_handler>
20000628:	2280      	movs	r2, #128	@ 0x80
2000062a:	4b79      	ldr	r3, [pc, #484]	@ (20000810 <dcd_rp2040_irq+0x350>)
2000062c:	0292      	lsls	r2, r2, #10
2000062e:	651a      	str	r2, [r3, #80]	@ 0x50
20000630:	2380      	movs	r3, #128	@ 0x80
20000632:	015b      	lsls	r3, r3, #5
20000634:	421d      	tst	r5, r3
20000636:	d10e      	bne.n	20000656 <dcd_rp2040_irq+0x196>
20000638:	2380      	movs	r3, #128	@ 0x80
2000063a:	01db      	lsls	r3, r3, #7
2000063c:	421d      	tst	r5, r3
2000063e:	d121      	bne.n	20000684 <dcd_rp2040_irq+0x1c4>
20000640:	2380      	movs	r3, #128	@ 0x80
20000642:	021b      	lsls	r3, r3, #8
20000644:	421d      	tst	r5, r3
20000646:	d12d      	bne.n	200006a4 <dcd_rp2040_irq+0x1e4>
20000648:	42ae      	cmp	r6, r5
2000064a:	d000      	beq.n	2000064e <dcd_rp2040_irq+0x18e>
2000064c:	e1be      	b.n	200009cc <dcd_rp2040_irq+0x50c>
2000064e:	b005      	add	sp, #20
20000650:	bdf0      	pop	{r4, r5, r6, r7, pc}
20000652:	2401      	movs	r4, #1
20000654:	e7bf      	b.n	200005d6 <dcd_rp2040_irq+0x116>
20000656:	2400      	movs	r4, #0
20000658:	431e      	orrs	r6, r3
2000065a:	4b60      	ldr	r3, [pc, #384]	@ (200007dc <dcd_rp2040_irq+0x31c>)
2000065c:	601c      	str	r4, [r3, #0]
2000065e:	f7ff feb7 	bl	200003d0 <reset_non_control_endpoints>
20000662:	2380      	movs	r3, #128	@ 0x80
20000664:	466a      	mov	r2, sp
20000666:	005b      	lsls	r3, r3, #1
20000668:	8093      	strh	r3, [r2, #4]
2000066a:	7214      	strb	r4, [r2, #8]
2000066c:	2101      	movs	r1, #1
2000066e:	a801      	add	r0, sp, #4
20000670:	f000 fb38 	bl	20000ce4 <dcd_event_handler>
20000674:	2280      	movs	r2, #128	@ 0x80
20000676:	4b66      	ldr	r3, [pc, #408]	@ (20000810 <dcd_rp2040_irq+0x350>)
20000678:	0312      	lsls	r2, r2, #12
2000067a:	651a      	str	r2, [r3, #80]	@ 0x50
2000067c:	2380      	movs	r3, #128	@ 0x80
2000067e:	01db      	lsls	r3, r3, #7
20000680:	421d      	tst	r5, r3
20000682:	d0dd      	beq.n	20000640 <dcd_rp2040_irq+0x180>
20000684:	431e      	orrs	r6, r3
20000686:	2380      	movs	r3, #128	@ 0x80
20000688:	466a      	mov	r2, sp
2000068a:	00db      	lsls	r3, r3, #3
2000068c:	8093      	strh	r3, [r2, #4]
2000068e:	2101      	movs	r1, #1
20000690:	a801      	add	r0, sp, #4
20000692:	f000 fb27 	bl	20000ce4 <dcd_event_handler>
20000696:	2210      	movs	r2, #16
20000698:	4b5d      	ldr	r3, [pc, #372]	@ (20000810 <dcd_rp2040_irq+0x350>)
2000069a:	651a      	str	r2, [r3, #80]	@ 0x50
2000069c:	2380      	movs	r3, #128	@ 0x80
2000069e:	021b      	lsls	r3, r3, #8
200006a0:	421d      	tst	r5, r3
200006a2:	d0d1      	beq.n	20000648 <dcd_rp2040_irq+0x188>
200006a4:	431e      	orrs	r6, r3
200006a6:	23a0      	movs	r3, #160	@ 0xa0
200006a8:	466a      	mov	r2, sp
200006aa:	00db      	lsls	r3, r3, #3
200006ac:	8093      	strh	r3, [r2, #4]
200006ae:	2101      	movs	r1, #1
200006b0:	a801      	add	r0, sp, #4
200006b2:	f000 fb17 	bl	20000ce4 <dcd_event_handler>
200006b6:	2280      	movs	r2, #128	@ 0x80
200006b8:	4b55      	ldr	r3, [pc, #340]	@ (20000810 <dcd_rp2040_irq+0x350>)
200006ba:	0112      	lsls	r2, r2, #4
200006bc:	651a      	str	r2, [r3, #80]	@ 0x50
200006be:	e7c3      	b.n	20000648 <dcd_rp2040_irq+0x188>
200006c0:	f7ff feba 	bl	20000438 <hw_handle_buff_status>
200006c4:	0026      	movs	r6, r4
200006c6:	e77f      	b.n	200005c8 <dcd_rp2040_irq+0x108>
200006c8:	4b54      	ldr	r3, [pc, #336]	@ (2000081c <dcd_rp2040_irq+0x35c>)
200006ca:	4a44      	ldr	r2, [pc, #272]	@ (200007dc <dcd_rp2040_irq+0x31c>)
200006cc:	661c      	str	r4, [r3, #96]	@ 0x60
200006ce:	6e53      	ldr	r3, [r2, #100]	@ 0x64
200006d0:	4023      	ands	r3, r4
200006d2:	42a3      	cmp	r3, r4
200006d4:	d1fb      	bne.n	200006ce <dcd_rp2040_irq+0x20e>
200006d6:	e786      	b.n	200005e6 <dcd_rp2040_irq+0x126>
200006d8:	3378      	adds	r3, #120	@ 0x78
200006da:	5ce7      	ldrb	r7, [r4, r3]
200006dc:	2f00      	cmp	r7, #0
200006de:	d100      	bne.n	200006e2 <dcd_rp2040_irq+0x222>
200006e0:	e70a      	b.n	200004f8 <dcd_rp2040_irq+0x38>
200006e2:	3302      	adds	r3, #2
200006e4:	5ce2      	ldrb	r2, [r4, r3]
200006e6:	2a00      	cmp	r2, #0
200006e8:	d000      	beq.n	200006ec <dcd_rp2040_irq+0x22c>
200006ea:	e10d      	b.n	20000908 <dcd_rp2040_irq+0x448>
200006ec:	003e      	movs	r6, r7
200006ee:	e703      	b.n	200004f8 <dcd_rp2040_irq+0x38>
200006f0:	33b8      	adds	r3, #184	@ 0xb8
200006f2:	5ce7      	ldrb	r7, [r4, r3]
200006f4:	2f00      	cmp	r7, #0
200006f6:	d100      	bne.n	200006fa <dcd_rp2040_irq+0x23a>
200006f8:	e703      	b.n	20000502 <dcd_rp2040_irq+0x42>
200006fa:	3302      	adds	r3, #2
200006fc:	5ce2      	ldrb	r2, [r4, r3]
200006fe:	2a00      	cmp	r2, #0
20000700:	d000      	beq.n	20000704 <dcd_rp2040_irq+0x244>
20000702:	e0f9      	b.n	200008f8 <dcd_rp2040_irq+0x438>
20000704:	003e      	movs	r6, r7
20000706:	e6fc      	b.n	20000502 <dcd_rp2040_irq+0x42>
20000708:	33f8      	adds	r3, #248	@ 0xf8
2000070a:	5ce7      	ldrb	r7, [r4, r3]
2000070c:	2f00      	cmp	r7, #0
2000070e:	d100      	bne.n	20000712 <dcd_rp2040_irq+0x252>
20000710:	e6fc      	b.n	2000050c <dcd_rp2040_irq+0x4c>
20000712:	3302      	adds	r3, #2
20000714:	5ce2      	ldrb	r2, [r4, r3]
20000716:	2a00      	cmp	r2, #0
20000718:	d000      	beq.n	2000071c <dcd_rp2040_irq+0x25c>
2000071a:	e141      	b.n	200009a0 <dcd_rp2040_irq+0x4e0>
2000071c:	003e      	movs	r6, r7
2000071e:	e6f5      	b.n	2000050c <dcd_rp2040_irq+0x4c>
20000720:	33f9      	adds	r3, #249	@ 0xf9
20000722:	33ff      	adds	r3, #255	@ 0xff
20000724:	5ce7      	ldrb	r7, [r4, r3]
20000726:	2f00      	cmp	r7, #0
20000728:	d100      	bne.n	2000072c <dcd_rp2040_irq+0x26c>
2000072a:	e707      	b.n	2000053c <dcd_rp2040_irq+0x7c>
2000072c:	3302      	adds	r3, #2
2000072e:	5ce2      	ldrb	r2, [r4, r3]
20000730:	2a00      	cmp	r2, #0
20000732:	d000      	beq.n	20000736 <dcd_rp2040_irq+0x276>
20000734:	e12b      	b.n	2000098e <dcd_rp2040_irq+0x4ce>
20000736:	003e      	movs	r6, r7
20000738:	e700      	b.n	2000053c <dcd_rp2040_irq+0x7c>
2000073a:	3379      	adds	r3, #121	@ 0x79
2000073c:	33ff      	adds	r3, #255	@ 0xff
2000073e:	5ce7      	ldrb	r7, [r4, r3]
20000740:	2f00      	cmp	r7, #0
20000742:	d100      	bne.n	20000746 <dcd_rp2040_irq+0x286>
20000744:	e6ee      	b.n	20000524 <dcd_rp2040_irq+0x64>
20000746:	3302      	adds	r3, #2
20000748:	5ce2      	ldrb	r2, [r4, r3]
2000074a:	2a00      	cmp	r2, #0
2000074c:	d000      	beq.n	20000750 <dcd_rp2040_irq+0x290>
2000074e:	e115      	b.n	2000097c <dcd_rp2040_irq+0x4bc>
20000750:	003e      	movs	r6, r7
20000752:	e6e7      	b.n	20000524 <dcd_rp2040_irq+0x64>
20000754:	4b32      	ldr	r3, [pc, #200]	@ (20000820 <dcd_rp2040_irq+0x360>)
20000756:	5ce7      	ldrb	r7, [r4, r3]
20000758:	2f00      	cmp	r7, #0
2000075a:	d100      	bne.n	2000075e <dcd_rp2040_irq+0x29e>
2000075c:	e6f8      	b.n	20000550 <dcd_rp2040_irq+0x90>
2000075e:	3302      	adds	r3, #2
20000760:	5ce2      	ldrb	r2, [r4, r3]
20000762:	2a00      	cmp	r2, #0
20000764:	d000      	beq.n	20000768 <dcd_rp2040_irq+0x2a8>
20000766:	e101      	b.n	2000096c <dcd_rp2040_irq+0x4ac>
20000768:	003e      	movs	r6, r7
2000076a:	e6f1      	b.n	20000550 <dcd_rp2040_irq+0x90>
2000076c:	3339      	adds	r3, #57	@ 0x39
2000076e:	33ff      	adds	r3, #255	@ 0xff
20000770:	5ce7      	ldrb	r7, [r4, r3]
20000772:	2f00      	cmp	r7, #0
20000774:	d100      	bne.n	20000778 <dcd_rp2040_irq+0x2b8>
20000776:	e6cf      	b.n	20000518 <dcd_rp2040_irq+0x58>
20000778:	3302      	adds	r3, #2
2000077a:	5ce2      	ldrb	r2, [r4, r3]
2000077c:	2a00      	cmp	r2, #0
2000077e:	d000      	beq.n	20000782 <dcd_rp2040_irq+0x2c2>
20000780:	e0eb      	b.n	2000095a <dcd_rp2040_irq+0x49a>
20000782:	003e      	movs	r6, r7
20000784:	e6c8      	b.n	20000518 <dcd_rp2040_irq+0x58>
20000786:	3338      	adds	r3, #56	@ 0x38
20000788:	5ce6      	ldrb	r6, [r4, r3]
2000078a:	2e00      	cmp	r6, #0
2000078c:	d100      	bne.n	20000790 <dcd_rp2040_irq+0x2d0>
2000078e:	e6ae      	b.n	200004ee <dcd_rp2040_irq+0x2e>
20000790:	3302      	adds	r3, #2
20000792:	5ce2      	ldrb	r2, [r4, r3]
20000794:	2a00      	cmp	r2, #0
20000796:	d100      	bne.n	2000079a <dcd_rp2040_irq+0x2da>
20000798:	e6a9      	b.n	200004ee <dcd_rp2040_irq+0x2e>
2000079a:	0020      	movs	r0, r4
2000079c:	2200      	movs	r2, #0
2000079e:	3020      	adds	r0, #32
200007a0:	54e2      	strb	r2, [r4, r3]
200007a2:	f000 fa4b 	bl	20000c3c <hw_endpoint_start_next_buffer>
200007a6:	e6a2      	b.n	200004ee <dcd_rp2040_irq+0x2e>
200007a8:	33b9      	adds	r3, #185	@ 0xb9
200007aa:	33ff      	adds	r3, #255	@ 0xff
200007ac:	5ce7      	ldrb	r7, [r4, r3]
200007ae:	2f00      	cmp	r7, #0
200007b0:	d100      	bne.n	200007b4 <dcd_rp2040_irq+0x2f4>
200007b2:	e6bd      	b.n	20000530 <dcd_rp2040_irq+0x70>
200007b4:	3302      	adds	r3, #2
200007b6:	5ce2      	ldrb	r2, [r4, r3]
200007b8:	2a00      	cmp	r2, #0
200007ba:	d000      	beq.n	200007be <dcd_rp2040_irq+0x2fe>
200007bc:	e0c4      	b.n	20000948 <dcd_rp2040_irq+0x488>
200007be:	003e      	movs	r6, r7
200007c0:	e6b6      	b.n	20000530 <dcd_rp2040_irq+0x70>
200007c2:	4b18      	ldr	r3, [pc, #96]	@ (20000824 <dcd_rp2040_irq+0x364>)
200007c4:	5ce7      	ldrb	r7, [r4, r3]
200007c6:	2f00      	cmp	r7, #0
200007c8:	d100      	bne.n	200007cc <dcd_rp2040_irq+0x30c>
200007ca:	e6cb      	b.n	20000564 <dcd_rp2040_irq+0xa4>
200007cc:	3302      	adds	r3, #2
200007ce:	5ce2      	ldrb	r2, [r4, r3]
200007d0:	2a00      	cmp	r2, #0
200007d2:	d000      	beq.n	200007d6 <dcd_rp2040_irq+0x316>
200007d4:	e0b0      	b.n	20000938 <dcd_rp2040_irq+0x478>
200007d6:	003e      	movs	r6, r7
200007d8:	e6c4      	b.n	20000564 <dcd_rp2040_irq+0xa4>
200007da:	46c0      	nop			@ (mov r8, r8)
200007dc:	50110000 	.word	0x50110000
200007e0:	40054000 	.word	0x40054000
200007e4:	200017f0 	.word	0x200017f0
200007e8:	200017e8 	.word	0x200017e8
200007ec:	0000023b 	.word	0x0000023b
200007f0:	0000027b 	.word	0x0000027b
200007f4:	000002bb 	.word	0x000002bb
200007f8:	000002fb 	.word	0x000002fb
200007fc:	0000033b 	.word	0x0000033b
20000800:	0000037b 	.word	0x0000037b
20000804:	000003bb 	.word	0x000003bb
20000808:	000003fb 	.word	0x000003fb
2000080c:	20001c3e 	.word	0x20001c3e
20000810:	50113000 	.word	0x50113000
20000814:	00020010 	.word	0x00020010
20000818:	50100000 	.word	0x50100000
2000081c:	50112000 	.word	0x50112000
20000820:	0000027a 	.word	0x0000027a
20000824:	000002fa 	.word	0x000002fa
20000828:	4b6b      	ldr	r3, [pc, #428]	@ (200009d8 <dcd_rp2040_irq+0x518>)
2000082a:	5ce7      	ldrb	r7, [r4, r3]
2000082c:	2f00      	cmp	r7, #0
2000082e:	d100      	bne.n	20000832 <dcd_rp2040_irq+0x372>
20000830:	e689      	b.n	20000546 <dcd_rp2040_irq+0x86>
20000832:	3302      	adds	r3, #2
20000834:	5ce2      	ldrb	r2, [r4, r3]
20000836:	2a00      	cmp	r2, #0
20000838:	d176      	bne.n	20000928 <dcd_rp2040_irq+0x468>
2000083a:	003e      	movs	r6, r7
2000083c:	e683      	b.n	20000546 <dcd_rp2040_irq+0x86>
2000083e:	4b67      	ldr	r3, [pc, #412]	@ (200009dc <dcd_rp2040_irq+0x51c>)
20000840:	5ce7      	ldrb	r7, [r4, r3]
20000842:	2f00      	cmp	r7, #0
20000844:	d100      	bne.n	20000848 <dcd_rp2040_irq+0x388>
20000846:	e688      	b.n	2000055a <dcd_rp2040_irq+0x9a>
20000848:	3302      	adds	r3, #2
2000084a:	5ce2      	ldrb	r2, [r4, r3]
2000084c:	2a00      	cmp	r2, #0
2000084e:	d163      	bne.n	20000918 <dcd_rp2040_irq+0x458>
20000850:	003e      	movs	r6, r7
20000852:	e682      	b.n	2000055a <dcd_rp2040_irq+0x9a>
20000854:	4b62      	ldr	r3, [pc, #392]	@ (200009e0 <dcd_rp2040_irq+0x520>)
20000856:	5ce7      	ldrb	r7, [r4, r3]
20000858:	2f00      	cmp	r7, #0
2000085a:	d100      	bne.n	2000085e <dcd_rp2040_irq+0x39e>
2000085c:	e68c      	b.n	20000578 <dcd_rp2040_irq+0xb8>
2000085e:	3302      	adds	r3, #2
20000860:	5ce2      	ldrb	r2, [r4, r3]
20000862:	2a00      	cmp	r2, #0
20000864:	d000      	beq.n	20000868 <dcd_rp2040_irq+0x3a8>
20000866:	e0a3      	b.n	200009b0 <dcd_rp2040_irq+0x4f0>
20000868:	4b5e      	ldr	r3, [pc, #376]	@ (200009e4 <dcd_rp2040_irq+0x524>)
2000086a:	5ce3      	ldrb	r3, [r4, r3]
2000086c:	2b02      	cmp	r3, #2
2000086e:	d130      	bne.n	200008d2 <dcd_rp2040_irq+0x412>
20000870:	4b5d      	ldr	r3, [pc, #372]	@ (200009e8 <dcd_rp2040_irq+0x528>)
20000872:	5ce3      	ldrb	r3, [r4, r3]
20000874:	2b00      	cmp	r3, #0
20000876:	d127      	bne.n	200008c8 <dcd_rp2040_irq+0x408>
20000878:	4b5c      	ldr	r3, [pc, #368]	@ (200009ec <dcd_rp2040_irq+0x52c>)
2000087a:	5ce3      	ldrb	r3, [r4, r3]
2000087c:	2b02      	cmp	r3, #2
2000087e:	d000      	beq.n	20000882 <dcd_rp2040_irq+0x3c2>
20000880:	e68f      	b.n	200005a2 <dcd_rp2040_irq+0xe2>
20000882:	003e      	movs	r6, r7
20000884:	4b5a      	ldr	r3, [pc, #360]	@ (200009f0 <dcd_rp2040_irq+0x530>)
20000886:	5ce3      	ldrb	r3, [r4, r3]
20000888:	2b00      	cmp	r3, #0
2000088a:	d100      	bne.n	2000088e <dcd_rp2040_irq+0x3ce>
2000088c:	e67e      	b.n	2000058c <dcd_rp2040_irq+0xcc>
2000088e:	23ff      	movs	r3, #255	@ 0xff
20000890:	009b      	lsls	r3, r3, #2
20000892:	5ce2      	ldrb	r2, [r4, r3]
20000894:	2a00      	cmp	r2, #0
20000896:	d100      	bne.n	2000089a <dcd_rp2040_irq+0x3da>
20000898:	e683      	b.n	200005a2 <dcd_rp2040_irq+0xe2>
2000089a:	2200      	movs	r2, #0
2000089c:	54e2      	strb	r2, [r4, r3]
2000089e:	3b1c      	subs	r3, #28
200008a0:	18e0      	adds	r0, r4, r3
200008a2:	f000 f9cb 	bl	20000c3c <hw_endpoint_start_next_buffer>
200008a6:	e67c      	b.n	200005a2 <dcd_rp2040_irq+0xe2>
200008a8:	4b52      	ldr	r3, [pc, #328]	@ (200009f4 <dcd_rp2040_irq+0x534>)
200008aa:	5ce7      	ldrb	r7, [r4, r3]
200008ac:	2f00      	cmp	r7, #0
200008ae:	d100      	bne.n	200008b2 <dcd_rp2040_irq+0x3f2>
200008b0:	e65d      	b.n	2000056e <dcd_rp2040_irq+0xae>
200008b2:	3302      	adds	r3, #2
200008b4:	5ce2      	ldrb	r2, [r4, r3]
200008b6:	2a00      	cmp	r2, #0
200008b8:	d116      	bne.n	200008e8 <dcd_rp2040_irq+0x428>
200008ba:	003e      	movs	r6, r7
200008bc:	e657      	b.n	2000056e <dcd_rp2040_irq+0xae>
200008be:	4b4a      	ldr	r3, [pc, #296]	@ (200009e8 <dcd_rp2040_irq+0x528>)
200008c0:	5ce3      	ldrb	r3, [r4, r3]
200008c2:	2b00      	cmp	r3, #0
200008c4:	d100      	bne.n	200008c8 <dcd_rp2040_irq+0x408>
200008c6:	e65c      	b.n	20000582 <dcd_rp2040_irq+0xc2>
200008c8:	23ef      	movs	r3, #239	@ 0xef
200008ca:	009b      	lsls	r3, r3, #2
200008cc:	5ce2      	ldrb	r2, [r4, r3]
200008ce:	2a00      	cmp	r2, #0
200008d0:	d175      	bne.n	200009be <dcd_rp2040_irq+0x4fe>
200008d2:	4b46      	ldr	r3, [pc, #280]	@ (200009ec <dcd_rp2040_irq+0x52c>)
200008d4:	5ce3      	ldrb	r3, [r4, r3]
200008d6:	2b02      	cmp	r3, #2
200008d8:	d000      	beq.n	200008dc <dcd_rp2040_irq+0x41c>
200008da:	e662      	b.n	200005a2 <dcd_rp2040_irq+0xe2>
200008dc:	4b44      	ldr	r3, [pc, #272]	@ (200009f0 <dcd_rp2040_irq+0x530>)
200008de:	5ce3      	ldrb	r3, [r4, r3]
200008e0:	2b00      	cmp	r3, #0
200008e2:	d100      	bne.n	200008e6 <dcd_rp2040_irq+0x426>
200008e4:	e65d      	b.n	200005a2 <dcd_rp2040_irq+0xe2>
200008e6:	e7d2      	b.n	2000088e <dcd_rp2040_irq+0x3ce>
200008e8:	2200      	movs	r2, #0
200008ea:	54e2      	strb	r2, [r4, r3]
200008ec:	3b1c      	subs	r3, #28
200008ee:	18e0      	adds	r0, r4, r3
200008f0:	f000 f9a4 	bl	20000c3c <hw_endpoint_start_next_buffer>
200008f4:	003e      	movs	r6, r7
200008f6:	e63a      	b.n	2000056e <dcd_rp2040_irq+0xae>
200008f8:	0020      	movs	r0, r4
200008fa:	2200      	movs	r2, #0
200008fc:	30a0      	adds	r0, #160	@ 0xa0
200008fe:	54e2      	strb	r2, [r4, r3]
20000900:	003e      	movs	r6, r7
20000902:	f000 f99b 	bl	20000c3c <hw_endpoint_start_next_buffer>
20000906:	e5fc      	b.n	20000502 <dcd_rp2040_irq+0x42>
20000908:	0020      	movs	r0, r4
2000090a:	2200      	movs	r2, #0
2000090c:	3060      	adds	r0, #96	@ 0x60
2000090e:	54e2      	strb	r2, [r4, r3]
20000910:	003e      	movs	r6, r7
20000912:	f000 f993 	bl	20000c3c <hw_endpoint_start_next_buffer>
20000916:	e5ef      	b.n	200004f8 <dcd_rp2040_irq+0x38>
20000918:	2200      	movs	r2, #0
2000091a:	54e2      	strb	r2, [r4, r3]
2000091c:	3b1c      	subs	r3, #28
2000091e:	18e0      	adds	r0, r4, r3
20000920:	f000 f98c 	bl	20000c3c <hw_endpoint_start_next_buffer>
20000924:	003e      	movs	r6, r7
20000926:	e618      	b.n	2000055a <dcd_rp2040_irq+0x9a>
20000928:	2200      	movs	r2, #0
2000092a:	54e2      	strb	r2, [r4, r3]
2000092c:	3b1c      	subs	r3, #28
2000092e:	18e0      	adds	r0, r4, r3
20000930:	f000 f984 	bl	20000c3c <hw_endpoint_start_next_buffer>
20000934:	003e      	movs	r6, r7
20000936:	e606      	b.n	20000546 <dcd_rp2040_irq+0x86>
20000938:	2200      	movs	r2, #0
2000093a:	54e2      	strb	r2, [r4, r3]
2000093c:	3b1c      	subs	r3, #28
2000093e:	18e0      	adds	r0, r4, r3
20000940:	f000 f97c 	bl	20000c3c <hw_endpoint_start_next_buffer>
20000944:	003e      	movs	r6, r7
20000946:	e60d      	b.n	20000564 <dcd_rp2040_irq+0xa4>
20000948:	0020      	movs	r0, r4
2000094a:	2200      	movs	r2, #0
2000094c:	30a1      	adds	r0, #161	@ 0xa1
2000094e:	30ff      	adds	r0, #255	@ 0xff
20000950:	54e2      	strb	r2, [r4, r3]
20000952:	003e      	movs	r6, r7
20000954:	f000 f972 	bl	20000c3c <hw_endpoint_start_next_buffer>
20000958:	e5ea      	b.n	20000530 <dcd_rp2040_irq+0x70>
2000095a:	0020      	movs	r0, r4
2000095c:	2200      	movs	r2, #0
2000095e:	3021      	adds	r0, #33	@ 0x21
20000960:	30ff      	adds	r0, #255	@ 0xff
20000962:	54e2      	strb	r2, [r4, r3]
20000964:	003e      	movs	r6, r7
20000966:	f000 f969 	bl	20000c3c <hw_endpoint_start_next_buffer>
2000096a:	e5d5      	b.n	20000518 <dcd_rp2040_irq+0x58>
2000096c:	2200      	movs	r2, #0
2000096e:	54e2      	strb	r2, [r4, r3]
20000970:	3b1c      	subs	r3, #28
20000972:	18e0      	adds	r0, r4, r3
20000974:	f000 f962 	bl	20000c3c <hw_endpoint_start_next_buffer>
20000978:	003e      	movs	r6, r7
2000097a:	e5e9      	b.n	20000550 <dcd_rp2040_irq+0x90>
2000097c:	0020      	movs	r0, r4
2000097e:	2200      	movs	r2, #0
20000980:	3061      	adds	r0, #97	@ 0x61
20000982:	30ff      	adds	r0, #255	@ 0xff
20000984:	54e2      	strb	r2, [r4, r3]
20000986:	003e      	movs	r6, r7
20000988:	f000 f958 	bl	20000c3c <hw_endpoint_start_next_buffer>
2000098c:	e5ca      	b.n	20000524 <dcd_rp2040_irq+0x64>
2000098e:	0020      	movs	r0, r4
20000990:	2200      	movs	r2, #0
20000992:	30e1      	adds	r0, #225	@ 0xe1
20000994:	30ff      	adds	r0, #255	@ 0xff
20000996:	54e2      	strb	r2, [r4, r3]
20000998:	003e      	movs	r6, r7
2000099a:	f000 f94f 	bl	20000c3c <hw_endpoint_start_next_buffer>
2000099e:	e5cd      	b.n	2000053c <dcd_rp2040_irq+0x7c>
200009a0:	0020      	movs	r0, r4
200009a2:	2200      	movs	r2, #0
200009a4:	30e0      	adds	r0, #224	@ 0xe0
200009a6:	54e2      	strb	r2, [r4, r3]
200009a8:	003e      	movs	r6, r7
200009aa:	f000 f947 	bl	20000c3c <hw_endpoint_start_next_buffer>
200009ae:	e5ad      	b.n	2000050c <dcd_rp2040_irq+0x4c>
200009b0:	2200      	movs	r2, #0
200009b2:	54e2      	strb	r2, [r4, r3]
200009b4:	3b1c      	subs	r3, #28
200009b6:	18e0      	adds	r0, r4, r3
200009b8:	f000 f940 	bl	20000c3c <hw_endpoint_start_next_buffer>
200009bc:	e754      	b.n	20000868 <dcd_rp2040_irq+0x3a8>
200009be:	2200      	movs	r2, #0
200009c0:	54e2      	strb	r2, [r4, r3]
200009c2:	3b1c      	subs	r3, #28
200009c4:	18e0      	adds	r0, r4, r3
200009c6:	f000 f939 	bl	20000c3c <hw_endpoint_start_next_buffer>
200009ca:	e782      	b.n	200008d2 <dcd_rp2040_irq+0x412>
200009cc:	0031      	movs	r1, r6
200009ce:	480a      	ldr	r0, [pc, #40]	@ (200009f8 <dcd_rp2040_irq+0x538>)
200009d0:	4069      	eors	r1, r5
200009d2:	f000 fa95 	bl	20000f00 <__panic_veneer>
200009d6:	46c0      	nop			@ (mov r8, r8)
200009d8:	0000023a 	.word	0x0000023a
200009dc:	000002ba 	.word	0x000002ba
200009e0:	0000037a 	.word	0x0000037a
200009e4:	000003bb 	.word	0x000003bb
200009e8:	000003ba 	.word	0x000003ba
200009ec:	000003fb 	.word	0x000003fb
200009f0:	000003fa 	.word	0x000003fa
200009f4:	0000033a 	.word	0x0000033a
200009f8:	100043ec 	.word	0x100043ec

200009fc <prepare_ep_buffer>:
200009fc:	b5f0      	push	{r4, r5, r6, r7, lr}
200009fe:	468c      	mov	ip, r1
20000a00:	8a83      	ldrh	r3, [r0, #20]
20000a02:	8b01      	ldrh	r1, [r0, #24]
20000a04:	0002      	movs	r2, r0
20000a06:	b083      	sub	sp, #12
20000a08:	1c0e      	adds	r6, r1, #0
20000a0a:	4299      	cmp	r1, r3
20000a0c:	d900      	bls.n	20000a10 <prepare_ep_buffer+0x14>
20000a0e:	1c1e      	adds	r6, r3, #0
20000a10:	b2b6      	uxth	r6, r6
20000a12:	1b9b      	subs	r3, r3, r6
20000a14:	b29c      	uxth	r4, r3
20000a16:	78d3      	ldrb	r3, [r2, #3]
20000a18:	2180      	movs	r1, #128	@ 0x80
20000a1a:	0018      	movs	r0, r3
20000a1c:	1e45      	subs	r5, r0, #1
20000a1e:	41a8      	sbcs	r0, r5
20000a20:	00c9      	lsls	r1, r1, #3
20000a22:	4331      	orrs	r1, r6
20000a24:	0340      	lsls	r0, r0, #13
20000a26:	4308      	orrs	r0, r1
20000a28:	2101      	movs	r1, #1
20000a2a:	404b      	eors	r3, r1
20000a2c:	70d3      	strb	r3, [r2, #3]
20000a2e:	7853      	ldrb	r3, [r2, #1]
20000a30:	8294      	strh	r4, [r2, #20]
20000a32:	2b00      	cmp	r3, #0
20000a34:	d132      	bne.n	20000a9c <prepare_ep_buffer+0xa0>
20000a36:	6911      	ldr	r1, [r2, #16]
20000a38:	2e00      	cmp	r6, #0
20000a3a:	d02a      	beq.n	20000a92 <prepare_ep_buffer+0x96>
20000a3c:	4663      	mov	r3, ip
20000a3e:	68d4      	ldr	r4, [r2, #12]
20000a40:	019b      	lsls	r3, r3, #6
20000a42:	18e4      	adds	r4, r4, r3
20000a44:	1e73      	subs	r3, r6, #1
20000a46:	9301      	str	r3, [sp, #4]
20000a48:	2b06      	cmp	r3, #6
20000a4a:	d932      	bls.n	20000ab2 <prepare_ep_buffer+0xb6>
20000a4c:	0023      	movs	r3, r4
20000a4e:	430b      	orrs	r3, r1
20000a50:	079b      	lsls	r3, r3, #30
20000a52:	d12e      	bne.n	20000ab2 <prepare_ep_buffer+0xb6>
20000a54:	1a63      	subs	r3, r4, r1
20000a56:	3b01      	subs	r3, #1
20000a58:	2b02      	cmp	r3, #2
20000a5a:	d92a      	bls.n	20000ab2 <prepare_ep_buffer+0xb6>
20000a5c:	2300      	movs	r3, #0
20000a5e:	08b7      	lsrs	r7, r6, #2
20000a60:	00bf      	lsls	r7, r7, #2
20000a62:	58cd      	ldr	r5, [r1, r3]
20000a64:	50e5      	str	r5, [r4, r3]
20000a66:	3304      	adds	r3, #4
20000a68:	42bb      	cmp	r3, r7
20000a6a:	d1fa      	bne.n	20000a62 <prepare_ep_buffer+0x66>
20000a6c:	429e      	cmp	r6, r3
20000a6e:	d00e      	beq.n	20000a8e <prepare_ep_buffer+0x92>
20000a70:	9d01      	ldr	r5, [sp, #4]
20000a72:	18e4      	adds	r4, r4, r3
20000a74:	1aef      	subs	r7, r5, r3
20000a76:	18cd      	adds	r5, r1, r3
20000a78:	5cc9      	ldrb	r1, [r1, r3]
20000a7a:	7021      	strb	r1, [r4, #0]
20000a7c:	9901      	ldr	r1, [sp, #4]
20000a7e:	4299      	cmp	r1, r3
20000a80:	d005      	beq.n	20000a8e <prepare_ep_buffer+0x92>
20000a82:	786b      	ldrb	r3, [r5, #1]
20000a84:	7063      	strb	r3, [r4, #1]
20000a86:	2f01      	cmp	r7, #1
20000a88:	d001      	beq.n	20000a8e <prepare_ep_buffer+0x92>
20000a8a:	78ab      	ldrb	r3, [r5, #2]
20000a8c:	70a3      	strb	r3, [r4, #2]
20000a8e:	6911      	ldr	r1, [r2, #16]
20000a90:	8a94      	ldrh	r4, [r2, #20]
20000a92:	2380      	movs	r3, #128	@ 0x80
20000a94:	1989      	adds	r1, r1, r6
20000a96:	021b      	lsls	r3, r3, #8
20000a98:	6111      	str	r1, [r2, #16]
20000a9a:	4318      	orrs	r0, r3
20000a9c:	2c00      	cmp	r4, #0
20000a9e:	d102      	bne.n	20000aa6 <prepare_ep_buffer+0xaa>
20000aa0:	2380      	movs	r3, #128	@ 0x80
20000aa2:	01db      	lsls	r3, r3, #7
20000aa4:	4318      	orrs	r0, r3
20000aa6:	4663      	mov	r3, ip
20000aa8:	2b00      	cmp	r3, #0
20000aaa:	d000      	beq.n	20000aae <prepare_ep_buffer+0xb2>
20000aac:	0400      	lsls	r0, r0, #16
20000aae:	b003      	add	sp, #12
20000ab0:	bdf0      	pop	{r4, r5, r6, r7, pc}
20000ab2:	2300      	movs	r3, #0
20000ab4:	5ccd      	ldrb	r5, [r1, r3]
20000ab6:	54e5      	strb	r5, [r4, r3]
20000ab8:	3301      	adds	r3, #1
20000aba:	429e      	cmp	r6, r3
20000abc:	d1fa      	bne.n	20000ab4 <prepare_ep_buffer+0xb8>
20000abe:	e7e6      	b.n	20000a8e <prepare_ep_buffer+0x92>

20000ac0 <sync_ep_buffer>:
20000ac0:	6883      	ldr	r3, [r0, #8]
20000ac2:	b5f0      	push	{r4, r5, r6, r7, lr}
20000ac4:	681a      	ldr	r2, [r3, #0]
20000ac6:	2900      	cmp	r1, #0
20000ac8:	d000      	beq.n	20000acc <sync_ep_buffer+0xc>
20000aca:	0c12      	lsrs	r2, r2, #16
20000acc:	7843      	ldrb	r3, [r0, #1]
20000ace:	0592      	lsls	r2, r2, #22
20000ad0:	0d95      	lsrs	r5, r2, #22
20000ad2:	2b00      	cmp	r3, #0
20000ad4:	d109      	bne.n	20000aea <sync_ep_buffer+0x2a>
20000ad6:	8ac3      	ldrh	r3, [r0, #22]
20000ad8:	18eb      	adds	r3, r5, r3
20000ada:	82c3      	strh	r3, [r0, #22]
20000adc:	8b03      	ldrh	r3, [r0, #24]
20000ade:	42ab      	cmp	r3, r5
20000ae0:	d901      	bls.n	20000ae6 <sync_ep_buffer+0x26>
20000ae2:	2300      	movs	r3, #0
20000ae4:	8283      	strh	r3, [r0, #20]
20000ae6:	0028      	movs	r0, r5
20000ae8:	bdf0      	pop	{r4, r5, r6, r7, pc}
20000aea:	6904      	ldr	r4, [r0, #16]
20000aec:	2d00      	cmp	r5, #0
20000aee:	d028      	beq.n	20000b42 <sync_ep_buffer+0x82>
20000af0:	68c3      	ldr	r3, [r0, #12]
20000af2:	0189      	lsls	r1, r1, #6
20000af4:	1e6f      	subs	r7, r5, #1
20000af6:	46bc      	mov	ip, r7
20000af8:	185e      	adds	r6, r3, r1
20000afa:	2f06      	cmp	r7, #6
20000afc:	d927      	bls.n	20000b4e <sync_ep_buffer+0x8e>
20000afe:	3101      	adds	r1, #1
20000b00:	185b      	adds	r3, r3, r1
20000b02:	1ae3      	subs	r3, r4, r3
20000b04:	2b02      	cmp	r3, #2
20000b06:	d922      	bls.n	20000b4e <sync_ep_buffer+0x8e>
20000b08:	0023      	movs	r3, r4
20000b0a:	4333      	orrs	r3, r6
20000b0c:	079b      	lsls	r3, r3, #30
20000b0e:	d11e      	bne.n	20000b4e <sync_ep_buffer+0x8e>
20000b10:	2300      	movs	r3, #0
20000b12:	0e12      	lsrs	r2, r2, #24
20000b14:	0092      	lsls	r2, r2, #2
20000b16:	58f1      	ldr	r1, [r6, r3]
20000b18:	50e1      	str	r1, [r4, r3]
20000b1a:	3304      	adds	r3, #4
20000b1c:	429a      	cmp	r2, r3
20000b1e:	d1fa      	bne.n	20000b16 <sync_ep_buffer+0x56>
20000b20:	4295      	cmp	r5, r2
20000b22:	d00d      	beq.n	20000b40 <sync_ep_buffer+0x80>
20000b24:	4663      	mov	r3, ip
20000b26:	1a9f      	subs	r7, r3, r2
20000b28:	18a3      	adds	r3, r4, r2
20000b2a:	5cb4      	ldrb	r4, [r6, r2]
20000b2c:	18b1      	adds	r1, r6, r2
20000b2e:	701c      	strb	r4, [r3, #0]
20000b30:	4594      	cmp	ip, r2
20000b32:	d005      	beq.n	20000b40 <sync_ep_buffer+0x80>
20000b34:	784a      	ldrb	r2, [r1, #1]
20000b36:	705a      	strb	r2, [r3, #1]
20000b38:	2f01      	cmp	r7, #1
20000b3a:	d001      	beq.n	20000b40 <sync_ep_buffer+0x80>
20000b3c:	788a      	ldrb	r2, [r1, #2]
20000b3e:	709a      	strb	r2, [r3, #2]
20000b40:	6904      	ldr	r4, [r0, #16]
20000b42:	8ac3      	ldrh	r3, [r0, #22]
20000b44:	1964      	adds	r4, r4, r5
20000b46:	18eb      	adds	r3, r5, r3
20000b48:	82c3      	strh	r3, [r0, #22]
20000b4a:	6104      	str	r4, [r0, #16]
20000b4c:	e7c6      	b.n	20000adc <sync_ep_buffer+0x1c>
20000b4e:	2200      	movs	r2, #0
20000b50:	5cb3      	ldrb	r3, [r6, r2]
20000b52:	54a3      	strb	r3, [r4, r2]
20000b54:	3201      	adds	r2, #1
20000b56:	4295      	cmp	r5, r2
20000b58:	d1fa      	bne.n	20000b50 <sync_ep_buffer+0x90>
20000b5a:	6904      	ldr	r4, [r0, #16]
20000b5c:	e7f1      	b.n	20000b42 <sync_ep_buffer+0x82>
20000b5e:	46c0      	nop			@ (mov r8, r8)

20000b60 <_hw_endpoint_xfer_sync>:
20000b60:	b510      	push	{r4, lr}
20000b62:	0004      	movs	r4, r0
20000b64:	6883      	ldr	r3, [r0, #8]
20000b66:	2100      	movs	r1, #0
20000b68:	681b      	ldr	r3, [r3, #0]
20000b6a:	f7ff ffa9 	bl	20000ac0 <sync_ep_buffer>
20000b6e:	6863      	ldr	r3, [r4, #4]
20000b70:	681b      	ldr	r3, [r3, #0]
20000b72:	005b      	lsls	r3, r3, #1
20000b74:	d502      	bpl.n	20000b7c <_hw_endpoint_xfer_sync+0x1c>
20000b76:	8b23      	ldrh	r3, [r4, #24]
20000b78:	4283      	cmp	r3, r0
20000b7a:	d000      	beq.n	20000b7e <_hw_endpoint_xfer_sync+0x1e>
20000b7c:	bd10      	pop	{r4, pc}
20000b7e:	2101      	movs	r1, #1
20000b80:	0020      	movs	r0, r4
20000b82:	f7ff ff9d 	bl	20000ac0 <sync_ep_buffer>
20000b86:	e7f9      	b.n	20000b7c <_hw_endpoint_xfer_sync+0x1c>

20000b88 <e15_is_bulkin_ep>:
20000b88:	4b08      	ldr	r3, [pc, #32]	@ (20000bac <e15_is_bulkin_ep+0x24>)
20000b8a:	6c1a      	ldr	r2, [r3, #64]	@ 0x40
20000b8c:	2300      	movs	r3, #0
20000b8e:	0792      	lsls	r2, r2, #30
20000b90:	d403      	bmi.n	20000b9a <e15_is_bulkin_ep+0x12>
20000b92:	7882      	ldrb	r2, [r0, #2]
20000b94:	09d2      	lsrs	r2, r2, #7
20000b96:	2a01      	cmp	r2, #1
20000b98:	d001      	beq.n	20000b9e <e15_is_bulkin_ep+0x16>
20000b9a:	0018      	movs	r0, r3
20000b9c:	4770      	bx	lr
20000b9e:	7ec3      	ldrb	r3, [r0, #27]
20000ba0:	3b02      	subs	r3, #2
20000ba2:	425a      	negs	r2, r3
20000ba4:	4153      	adcs	r3, r2
20000ba6:	b2db      	uxtb	r3, r3
20000ba8:	e7f7      	b.n	20000b9a <e15_is_bulkin_ep+0x12>
20000baa:	46c0      	nop			@ (mov r8, r8)
20000bac:	50110000 	.word	0x50110000

20000bb0 <e15_is_critical_frame_period>:
20000bb0:	b510      	push	{r4, lr}
20000bb2:	f7ff ffe9 	bl	20000b88 <e15_is_bulkin_ep>
20000bb6:	2800      	cmp	r0, #0
20000bb8:	d00a      	beq.n	20000bd0 <e15_is_critical_frame_period+0x20>
20000bba:	4b06      	ldr	r3, [pc, #24]	@ (20000bd4 <e15_is_critical_frame_period+0x24>)
20000bbc:	4a06      	ldr	r2, [pc, #24]	@ (20000bd8 <e15_is_critical_frame_period+0x28>)
20000bbe:	6a9b      	ldr	r3, [r3, #40]	@ 0x28
20000bc0:	4906      	ldr	r1, [pc, #24]	@ (20000bdc <e15_is_critical_frame_period+0x2c>)
20000bc2:	6812      	ldr	r2, [r2, #0]
20000bc4:	185b      	adds	r3, r3, r1
20000bc6:	1a9b      	subs	r3, r3, r2
20000bc8:	2000      	movs	r0, #0
20000bca:	22c6      	movs	r2, #198	@ 0xc6
20000bcc:	429a      	cmp	r2, r3
20000bce:	4140      	adcs	r0, r0
20000bd0:	bd10      	pop	{r4, pc}
20000bd2:	46c0      	nop			@ (mov r8, r8)
20000bd4:	40054000 	.word	0x40054000
20000bd8:	200017e8 	.word	0x200017e8
20000bdc:	fffffce0 	.word	0xfffffce0

20000be0 <hw_endpoint_reset_transfer>:
20000be0:	2300      	movs	r3, #0
20000be2:	7683      	strb	r3, [r0, #26]
20000be4:	6143      	str	r3, [r0, #20]
20000be6:	6103      	str	r3, [r0, #16]
20000be8:	4770      	bx	lr
20000bea:	46c0      	nop			@ (mov r8, r8)

20000bec <_hw_endpoint_buffer_control_update32>:
20000bec:	b510      	push	{r4, lr}
20000bee:	6883      	ldr	r3, [r0, #8]
20000bf0:	2900      	cmp	r1, #0
20000bf2:	d001      	beq.n	20000bf8 <_hw_endpoint_buffer_control_update32+0xc>
20000bf4:	681c      	ldr	r4, [r3, #0]
20000bf6:	4021      	ands	r1, r4
20000bf8:	2a00      	cmp	r2, #0
20000bfa:	d012      	beq.n	20000c22 <_hw_endpoint_buffer_control_update32+0x36>
20000bfc:	2480      	movs	r4, #128	@ 0x80
20000bfe:	00e4      	lsls	r4, r4, #3
20000c00:	4311      	orrs	r1, r2
20000c02:	4222      	tst	r2, r4
20000c04:	d00d      	beq.n	20000c22 <_hw_endpoint_buffer_control_update32+0x36>
20000c06:	681a      	ldr	r2, [r3, #0]
20000c08:	4222      	tst	r2, r4
20000c0a:	d10c      	bne.n	20000c26 <_hw_endpoint_buffer_control_update32+0x3a>
20000c0c:	4a08      	ldr	r2, [pc, #32]	@ (20000c30 <_hw_endpoint_buffer_control_update32+0x44>)
20000c0e:	400a      	ands	r2, r1
20000c10:	601a      	str	r2, [r3, #0]
20000c12:	4a08      	ldr	r2, [pc, #32]	@ (20000c34 <_hw_endpoint_buffer_control_update32+0x48>)
20000c14:	6c12      	ldr	r2, [r2, #64]	@ 0x40
20000c16:	0792      	lsls	r2, r2, #30
20000c18:	d403      	bmi.n	20000c22 <_hw_endpoint_buffer_control_update32+0x36>
20000c1a:	230c      	movs	r3, #12
20000c1c:	3b03      	subs	r3, #3
20000c1e:	d2fd      	bcs.n	20000c1c <_hw_endpoint_buffer_control_update32+0x30>
20000c20:	6883      	ldr	r3, [r0, #8]
20000c22:	6019      	str	r1, [r3, #0]
20000c24:	bd10      	pop	{r4, pc}
20000c26:	7881      	ldrb	r1, [r0, #2]
20000c28:	4803      	ldr	r0, [pc, #12]	@ (20000c38 <_hw_endpoint_buffer_control_update32+0x4c>)
20000c2a:	f000 f969 	bl	20000f00 <__panic_veneer>
20000c2e:	46c0      	nop			@ (mov r8, r8)
20000c30:	fffffbff 	.word	0xfffffbff
20000c34:	50110000 	.word	0x50110000
20000c38:	10004400 	.word	0x10004400

20000c3c <hw_endpoint_start_next_buffer>:
20000c3c:	6843      	ldr	r3, [r0, #4]
20000c3e:	b570      	push	{r4, r5, r6, lr}
20000c40:	2100      	movs	r1, #0
20000c42:	2580      	movs	r5, #128	@ 0x80
20000c44:	0004      	movs	r4, r0
20000c46:	681e      	ldr	r6, [r3, #0]
20000c48:	f7ff fed8 	bl	200009fc <prepare_ep_buffer>
20000c4c:	4b12      	ldr	r3, [pc, #72]	@ (20000c98 <hw_endpoint_start_next_buffer+0x5c>)
20000c4e:	016d      	lsls	r5, r5, #5
20000c50:	6c1a      	ldr	r2, [r3, #64]	@ 0x40
20000c52:	4305      	orrs	r5, r0
20000c54:	78a3      	ldrb	r3, [r4, #2]
20000c56:	0792      	lsls	r2, r2, #30
20000c58:	d50e      	bpl.n	20000c78 <hw_endpoint_start_next_buffer+0x3c>
20000c5a:	065b      	lsls	r3, r3, #25
20000c5c:	d00e      	beq.n	20000c7c <hw_endpoint_start_next_buffer+0x40>
20000c5e:	4b0f      	ldr	r3, [pc, #60]	@ (20000c9c <hw_endpoint_start_next_buffer+0x60>)
20000c60:	401e      	ands	r6, r3
20000c62:	2380      	movs	r3, #128	@ 0x80
20000c64:	059b      	lsls	r3, r3, #22
20000c66:	4333      	orrs	r3, r6
20000c68:	6862      	ldr	r2, [r4, #4]
20000c6a:	2100      	movs	r1, #0
20000c6c:	6013      	str	r3, [r2, #0]
20000c6e:	0020      	movs	r0, r4
20000c70:	002a      	movs	r2, r5
20000c72:	f7ff ffbb 	bl	20000bec <_hw_endpoint_buffer_control_update32>
20000c76:	bd70      	pop	{r4, r5, r6, pc}
20000c78:	09db      	lsrs	r3, r3, #7
20000c7a:	d0f0      	beq.n	20000c5e <hw_endpoint_start_next_buffer+0x22>
20000c7c:	8aa3      	ldrh	r3, [r4, #20]
20000c7e:	2b00      	cmp	r3, #0
20000c80:	d0ed      	beq.n	20000c5e <hw_endpoint_start_next_buffer+0x22>
20000c82:	2101      	movs	r1, #1
20000c84:	0020      	movs	r0, r4
20000c86:	f7ff feb9 	bl	200009fc <prepare_ep_buffer>
20000c8a:	23a0      	movs	r3, #160	@ 0xa0
20000c8c:	4a04      	ldr	r2, [pc, #16]	@ (20000ca0 <hw_endpoint_start_next_buffer+0x64>)
20000c8e:	05db      	lsls	r3, r3, #23
20000c90:	4032      	ands	r2, r6
20000c92:	4305      	orrs	r5, r0
20000c94:	4313      	orrs	r3, r2
20000c96:	e7e7      	b.n	20000c68 <hw_endpoint_start_next_buffer+0x2c>
20000c98:	50110000 	.word	0x50110000
20000c9c:	afffffff 	.word	0xafffffff
20000ca0:	dfffffff 	.word	0xdfffffff

20000ca4 <hw_endpoint_xfer_continue>:
20000ca4:	b570      	push	{r4, r5, r6, lr}
20000ca6:	7e85      	ldrb	r5, [r0, #26]
20000ca8:	0004      	movs	r4, r0
20000caa:	2d00      	cmp	r5, #0
20000cac:	d014      	beq.n	20000cd8 <hw_endpoint_xfer_continue+0x34>
20000cae:	f7ff ff57 	bl	20000b60 <_hw_endpoint_xfer_sync>
20000cb2:	8aa3      	ldrh	r3, [r4, #20]
20000cb4:	2b00      	cmp	r3, #0
20000cb6:	d101      	bne.n	20000cbc <hw_endpoint_xfer_continue+0x18>
20000cb8:	0028      	movs	r0, r5
20000cba:	bd70      	pop	{r4, r5, r6, pc}
20000cbc:	0020      	movs	r0, r4
20000cbe:	f7ff ff77 	bl	20000bb0 <e15_is_critical_frame_period>
20000cc2:	2800      	cmp	r0, #0
20000cc4:	d003      	beq.n	20000cce <hw_endpoint_xfer_continue+0x2a>
20000cc6:	2301      	movs	r3, #1
20000cc8:	2500      	movs	r5, #0
20000cca:	7723      	strb	r3, [r4, #28]
20000ccc:	e7f4      	b.n	20000cb8 <hw_endpoint_xfer_continue+0x14>
20000cce:	0020      	movs	r0, r4
20000cd0:	f7ff ffb4 	bl	20000c3c <hw_endpoint_start_next_buffer>
20000cd4:	2500      	movs	r5, #0
20000cd6:	e7ef      	b.n	20000cb8 <hw_endpoint_xfer_continue+0x14>
20000cd8:	7881      	ldrb	r1, [r0, #2]
20000cda:	4801      	ldr	r0, [pc, #4]	@ (20000ce0 <hw_endpoint_xfer_continue+0x3c>)
20000cdc:	f000 f910 	bl	20000f00 <__panic_veneer>
20000ce0:	10004420 	.word	0x10004420

20000ce4 <dcd_event_handler>:
20000ce4:	b5f0      	push	{r4, r5, r6, r7, lr}
20000ce6:	4647      	mov	r7, r8
20000ce8:	46ce      	mov	lr, r9
20000cea:	b580      	push	{r7, lr}
20000cec:	7843      	ldrb	r3, [r0, #1]
20000cee:	0005      	movs	r5, r0
20000cf0:	000f      	movs	r7, r1
20000cf2:	b085      	sub	sp, #20
20000cf4:	2b06      	cmp	r3, #6
20000cf6:	d807      	bhi.n	20000d08 <dcd_event_handler+0x24>
20000cf8:	4a68      	ldr	r2, [pc, #416]	@ (20000e9c <dcd_event_handler+0x1b8>)
20000cfa:	009b      	lsls	r3, r3, #2
20000cfc:	58d3      	ldr	r3, [r2, r3]
20000cfe:	469f      	mov	pc, r3
20000d00:	4a67      	ldr	r2, [pc, #412]	@ (20000ea0 <dcd_event_handler+0x1bc>)
20000d02:	7813      	ldrb	r3, [r2, #0]
20000d04:	3301      	adds	r3, #1
20000d06:	7013      	strb	r3, [r2, #0]
20000d08:	4b66      	ldr	r3, [pc, #408]	@ (20000ea4 <dcd_event_handler+0x1c0>)
20000d0a:	681c      	ldr	r4, [r3, #0]
20000d0c:	6962      	ldr	r2, [r4, #20]
20000d0e:	f3ef 8110 	mrs	r1, PRIMASK
20000d12:	b672      	cpsid	i
20000d14:	6813      	ldr	r3, [r2, #0]
20000d16:	2b00      	cmp	r3, #0
20000d18:	d0fc      	beq.n	20000d14 <dcd_event_handler+0x30>
20000d1a:	f3bf 8f5f 	dmb	sy
20000d1e:	61a1      	str	r1, [r4, #24]
20000d20:	0020      	movs	r0, r4
20000d22:	0029      	movs	r1, r5
20000d24:	f000 f8d4 	bl	20000ed0 <__tu_fifo_write_veneer>
20000d28:	6962      	ldr	r2, [r4, #20]
20000d2a:	69a3      	ldr	r3, [r4, #24]
20000d2c:	f3bf 8f5f 	dmb	sy
20000d30:	2100      	movs	r1, #0
20000d32:	6011      	str	r1, [r2, #0]
20000d34:	f383 8810 	msr	PRIMASK, r3
20000d38:	2800      	cmp	r0, #0
20000d3a:	d104      	bne.n	20000d46 <dcd_event_handler+0x62>
20000d3c:	b005      	add	sp, #20
20000d3e:	bcc0      	pop	{r6, r7}
20000d40:	46b9      	mov	r9, r7
20000d42:	46b0      	mov	r8, r6
20000d44:	bdf0      	pop	{r4, r5, r6, r7, pc}
20000d46:	003a      	movs	r2, r7
20000d48:	7869      	ldrb	r1, [r5, #1]
20000d4a:	7828      	ldrb	r0, [r5, #0]
20000d4c:	f000 f8b8 	bl	20000ec0 <__tud_event_hook_cb_veneer>
20000d50:	e7f4      	b.n	20000d3c <dcd_event_handler+0x58>
20000d52:	2101      	movs	r1, #1
20000d54:	4b54      	ldr	r3, [pc, #336]	@ (20000ea8 <dcd_event_handler+0x1c4>)
20000d56:	781a      	ldrb	r2, [r3, #0]
20000d58:	438a      	bics	r2, r1
20000d5a:	701a      	strb	r2, [r3, #0]
20000d5c:	781a      	ldrb	r2, [r3, #0]
20000d5e:	3101      	adds	r1, #1
20000d60:	438a      	bics	r2, r1
20000d62:	701a      	strb	r2, [r3, #0]
20000d64:	2200      	movs	r2, #0
20000d66:	705a      	strb	r2, [r3, #1]
20000d68:	781a      	ldrb	r2, [r3, #0]
20000d6a:	3102      	adds	r1, #2
20000d6c:	438a      	bics	r2, r1
20000d6e:	701a      	strb	r2, [r3, #0]
20000d70:	e7ca      	b.n	20000d08 <dcd_event_handler+0x24>
20000d72:	4b4e      	ldr	r3, [pc, #312]	@ (20000eac <dcd_event_handler+0x1c8>)
20000d74:	2400      	movs	r4, #0
20000d76:	001e      	movs	r6, r3
20000d78:	781a      	ldrb	r2, [r3, #0]
20000d7a:	4b4d      	ldr	r3, [pc, #308]	@ (20000eb0 <dcd_event_handler+0x1cc>)
20000d7c:	4698      	mov	r8, r3
20000d7e:	4b4d      	ldr	r3, [pc, #308]	@ (20000eb4 <dcd_event_handler+0x1d0>)
20000d80:	4699      	mov	r9, r3
20000d82:	e010      	b.n	20000da6 <dcd_event_handler+0xc2>
20000d84:	464b      	mov	r3, r9
20000d86:	681b      	ldr	r3, [r3, #0]
20000d88:	0161      	lsls	r1, r4, #5
20000d8a:	185b      	adds	r3, r3, r1
20000d8c:	2b00      	cmp	r3, #0
20000d8e:	d006      	beq.n	20000d9e <dcd_event_handler+0xba>
20000d90:	69db      	ldr	r3, [r3, #28]
20000d92:	2b00      	cmp	r3, #0
20000d94:	d003      	beq.n	20000d9e <dcd_event_handler+0xba>
20000d96:	6869      	ldr	r1, [r5, #4]
20000d98:	7828      	ldrb	r0, [r5, #0]
20000d9a:	4798      	blx	r3
20000d9c:	7832      	ldrb	r2, [r6, #0]
20000d9e:	3401      	adds	r4, #1
20000da0:	b2e4      	uxtb	r4, r4
20000da2:	4294      	cmp	r4, r2
20000da4:	d817      	bhi.n	20000dd6 <dcd_event_handler+0xf2>
20000da6:	42a2      	cmp	r2, r4
20000da8:	d8ec      	bhi.n	20000d84 <dcd_event_handler+0xa0>
20000daa:	1aa3      	subs	r3, r4, r2
20000dac:	015b      	lsls	r3, r3, #5
20000dae:	4443      	add	r3, r8
20000db0:	e7ee      	b.n	20000d90 <dcd_event_handler+0xac>
20000db2:	4b3d      	ldr	r3, [pc, #244]	@ (20000ea8 <dcd_event_handler+0x1c4>)
20000db4:	781a      	ldrb	r2, [r3, #0]
20000db6:	07d2      	lsls	r2, r2, #31
20000db8:	d5c0      	bpl.n	20000d3c <dcd_event_handler+0x58>
20000dba:	2104      	movs	r1, #4
20000dbc:	781a      	ldrb	r2, [r3, #0]
20000dbe:	430a      	orrs	r2, r1
20000dc0:	701a      	strb	r2, [r3, #0]
20000dc2:	e7a1      	b.n	20000d08 <dcd_event_handler+0x24>
20000dc4:	4b38      	ldr	r3, [pc, #224]	@ (20000ea8 <dcd_event_handler+0x1c4>)
20000dc6:	781a      	ldrb	r2, [r3, #0]
20000dc8:	07d2      	lsls	r2, r2, #31
20000dca:	d5b7      	bpl.n	20000d3c <dcd_event_handler+0x58>
20000dcc:	2104      	movs	r1, #4
20000dce:	781a      	ldrb	r2, [r3, #0]
20000dd0:	438a      	bics	r2, r1
20000dd2:	701a      	strb	r2, [r3, #0]
20000dd4:	e798      	b.n	20000d08 <dcd_event_handler+0x24>
20000dd6:	4a34      	ldr	r2, [pc, #208]	@ (20000ea8 <dcd_event_handler+0x1c4>)
20000dd8:	7813      	ldrb	r3, [r2, #0]
20000dda:	4690      	mov	r8, r2
20000ddc:	0011      	movs	r1, r2
20000dde:	075b      	lsls	r3, r3, #29
20000de0:	d528      	bpl.n	20000e34 <dcd_event_handler+0x150>
20000de2:	7813      	ldrb	r3, [r2, #0]
20000de4:	2204      	movs	r2, #4
20000de6:	ac01      	add	r4, sp, #4
20000de8:	4393      	bics	r3, r2
20000dea:	700b      	strb	r3, [r1, #0]
20000dec:	0020      	movs	r0, r4
20000dee:	2100      	movs	r1, #0
20000df0:	3208      	adds	r2, #8
20000df2:	f000 f875 	bl	20000ee0 <____wrap_memset_veneer>
20000df6:	782b      	ldrb	r3, [r5, #0]
20000df8:	7023      	strb	r3, [r4, #0]
20000dfa:	2305      	movs	r3, #5
20000dfc:	7063      	strb	r3, [r4, #1]
20000dfe:	4b29      	ldr	r3, [pc, #164]	@ (20000ea4 <dcd_event_handler+0x1c0>)
20000e00:	681b      	ldr	r3, [r3, #0]
20000e02:	0018      	movs	r0, r3
20000e04:	695a      	ldr	r2, [r3, #20]
20000e06:	f3ef 8110 	mrs	r1, PRIMASK
20000e0a:	b672      	cpsid	i
20000e0c:	6813      	ldr	r3, [r2, #0]
20000e0e:	2b00      	cmp	r3, #0
20000e10:	d0fc      	beq.n	20000e0c <dcd_event_handler+0x128>
20000e12:	f3bf 8f5f 	dmb	sy
20000e16:	0006      	movs	r6, r0
20000e18:	6181      	str	r1, [r0, #24]
20000e1a:	0021      	movs	r1, r4
20000e1c:	f000 f858 	bl	20000ed0 <__tu_fifo_write_veneer>
20000e20:	6972      	ldr	r2, [r6, #20]
20000e22:	69b3      	ldr	r3, [r6, #24]
20000e24:	f3bf 8f5f 	dmb	sy
20000e28:	2100      	movs	r1, #0
20000e2a:	6011      	str	r1, [r2, #0]
20000e2c:	f383 8810 	msr	PRIMASK, r3
20000e30:	2800      	cmp	r0, #0
20000e32:	d12c      	bne.n	20000e8e <dcd_event_handler+0x1aa>
20000e34:	4643      	mov	r3, r8
20000e36:	78db      	ldrb	r3, [r3, #3]
20000e38:	07db      	lsls	r3, r3, #31
20000e3a:	d400      	bmi.n	20000e3e <dcd_event_handler+0x15a>
20000e3c:	e77e      	b.n	20000d3c <dcd_event_handler+0x58>
20000e3e:	782b      	ldrb	r3, [r5, #0]
20000e40:	ac01      	add	r4, sp, #4
20000e42:	7023      	strb	r3, [r4, #0]
20000e44:	2303      	movs	r3, #3
20000e46:	7063      	strb	r3, [r4, #1]
20000e48:	686b      	ldr	r3, [r5, #4]
20000e4a:	6063      	str	r3, [r4, #4]
20000e4c:	4b15      	ldr	r3, [pc, #84]	@ (20000ea4 <dcd_event_handler+0x1c0>)
20000e4e:	681d      	ldr	r5, [r3, #0]
20000e50:	696a      	ldr	r2, [r5, #20]
20000e52:	f3ef 8110 	mrs	r1, PRIMASK
20000e56:	b672      	cpsid	i
20000e58:	6813      	ldr	r3, [r2, #0]
20000e5a:	2b00      	cmp	r3, #0
20000e5c:	d0fc      	beq.n	20000e58 <dcd_event_handler+0x174>
20000e5e:	f3bf 8f5f 	dmb	sy
20000e62:	61a9      	str	r1, [r5, #24]
20000e64:	0028      	movs	r0, r5
20000e66:	0021      	movs	r1, r4
20000e68:	f000 f832 	bl	20000ed0 <__tu_fifo_write_veneer>
20000e6c:	696a      	ldr	r2, [r5, #20]
20000e6e:	69ab      	ldr	r3, [r5, #24]
20000e70:	f3bf 8f5f 	dmb	sy
20000e74:	2100      	movs	r1, #0
20000e76:	6011      	str	r1, [r2, #0]
20000e78:	f383 8810 	msr	PRIMASK, r3
20000e7c:	2800      	cmp	r0, #0
20000e7e:	d100      	bne.n	20000e82 <dcd_event_handler+0x19e>
20000e80:	e75c      	b.n	20000d3c <dcd_event_handler+0x58>
20000e82:	003a      	movs	r2, r7
20000e84:	7861      	ldrb	r1, [r4, #1]
20000e86:	7820      	ldrb	r0, [r4, #0]
20000e88:	f000 f81a 	bl	20000ec0 <__tud_event_hook_cb_veneer>
20000e8c:	e756      	b.n	20000d3c <dcd_event_handler+0x58>
20000e8e:	003a      	movs	r2, r7
20000e90:	7861      	ldrb	r1, [r4, #1]
20000e92:	7820      	ldrb	r0, [r4, #0]
20000e94:	f000 f814 	bl	20000ec0 <__tud_event_hook_cb_veneer>
20000e98:	e7cc      	b.n	20000e34 <dcd_event_handler+0x150>
20000e9a:	46c0      	nop			@ (mov r8, r8)
20000e9c:	100046a4 	.word	0x100046a4
20000ea0:	20001c3f 	.word	0x20001c3f
20000ea4:	200015c0 	.word	0x200015c0
20000ea8:	20001568 	.word	0x20001568
20000eac:	20001c3d 	.word	0x20001c3d
20000eb0:	100046c0 	.word	0x100046c0
20000eb4:	20001480 	.word	0x20001480

20000eb8 <__aeabi_idiv0>:
20000eb8:	4770      	bx	lr
20000eba:	46c0      	nop			@ (mov r8, r8)
20000ebc:	0000      	movs	r0, r0
	...

20000ec0 <__tud_event_hook_cb_veneer>:
20000ec0:	b401      	push	{r0}
20000ec2:	4802      	ldr	r0, [pc, #8]	@ (20000ecc <__tud_event_hook_cb_veneer+0xc>)
20000ec4:	4684      	mov	ip, r0
20000ec6:	bc01      	pop	{r0}
20000ec8:	4760      	bx	ip
20000eca:	bf00      	nop
20000ecc:	100028dd 	.word	0x100028dd

20000ed0 <__tu_fifo_write_veneer>:
20000ed0:	b401      	push	{r0}
20000ed2:	4802      	ldr	r0, [pc, #8]	@ (20000edc <__tu_fifo_write_veneer+0xc>)
20000ed4:	4684      	mov	ip, r0
20000ed6:	bc01      	pop	{r0}
20000ed8:	4760      	bx	ip
20000eda:	bf00      	nop
20000edc:	10003e89 	.word	0x10003e89

20000ee0 <____wrap_memset_veneer>:
20000ee0:	b401      	push	{r0}
20000ee2:	4802      	ldr	r0, [pc, #8]	@ (20000eec <____wrap_memset_veneer+0xc>)
20000ee4:	4684      	mov	ip, r0
20000ee6:	bc01      	pop	{r0}
20000ee8:	4760      	bx	ip
20000eea:	bf00      	nop
20000eec:	10001af1 	.word	0x10001af1

20000ef0 <__rp2040_chip_version_veneer>:
20000ef0:	b401      	push	{r0}
20000ef2:	4802      	ldr	r0, [pc, #8]	@ (20000efc <__rp2040_chip_version_veneer+0xc>)
20000ef4:	4684      	mov	ip, r0
20000ef6:	bc01      	pop	{r0}
20000ef8:	4760      	bx	ip
20000efa:	bf00      	nop
20000efc:	10000389 	.word	0x10000389

20000f00 <__panic_veneer>:
20000f00:	b401      	push	{r0}
20000f02:	4802      	ldr	r0, [pc, #8]	@ (20000f0c <__panic_veneer+0xc>)
20000f04:	4684      	mov	ip, r0
20000f06:	bc01      	pop	{r0}
20000f08:	4760      	bx	ip
20000f0a:	bf00      	nop
20000f0c:	10000395 	.word	0x10000395

20000f10 <____wrap___aeabi_lmul_veneer>:
20000f10:	b401      	push	{r0}
20000f12:	4802      	ldr	r0, [pc, #8]	@ (20000f1c <____wrap___aeabi_lmul_veneer+0xc>)
20000f14:	4684      	mov	ip, r0
20000f16:	bc01      	pop	{r0}
20000f18:	4760      	bx	ip
20000f1a:	bf00      	nop
20000f1c:	10001a19 	.word	0x10001a19

20000f20 <__best_effort_wfe_or_timeout_veneer>:
20000f20:	b401      	push	{r0}
20000f22:	4802      	ldr	r0, [pc, #8]	@ (20000f2c <__best_effort_wfe_or_timeout_veneer+0xc>)
20000f24:	4684      	mov	ip, r0
20000f26:	bc01      	pop	{r0}
20000f28:	4760      	bx	ip
20000f2a:	bf00      	nop
20000f2c:	1000113d 	.word	0x1000113d

20000f30 <__time_us_64_veneer>:
20000f30:	b401      	push	{r0}
20000f32:	4802      	ldr	r0, [pc, #8]	@ (20000f3c <__time_us_64_veneer+0xc>)
20000f34:	4684      	mov	ip, r0
20000f36:	bc01      	pop	{r0}
20000f38:	4760      	bx	ip
20000f3a:	bf00      	nop
20000f3c:	1000128d 	.word	0x1000128d

20000f40 <striped_spin_lock_num>:
20000f40:	00000010                                ....

20000f44 <irq_handler_chain_slots>:
20000f44:	00000000 	.word	0x00000000
20000f48:	00010000 	.word	0x00010000
	...
20000f54:	00020000 	.word	0x00020000
	...
20000f60:	00030000 	.word	0x00030000
	...
20000f6c:	00040000 	.word	0x00040000
	...
20000f78:	00050000 	.word	0x00050000
	...
20000f84:	00ff0000 	.word	0x00ff0000
20000f88:	00000000 	.word	0x00000000

20000f8c <irq_handler_chain_first_slot>:
20000f8c:	b501      	push	{r0, lr}
20000f8e:	6848      	ldr	r0, [r1, #4]
20000f90:	3101      	adds	r1, #1
20000f92:	468e      	mov	lr, r1
20000f94:	4700      	bx	r0

20000f96 <irq_handler_chain_remove_tail>:
20000f96:	4670      	mov	r0, lr
20000f98:	3809      	subs	r0, #9
20000f9a:	4901      	ldr	r1, [pc, #4]	@ (20000fa0 <irq_handler_chain_remove_tail+0xa>)
20000f9c:	4788      	blx	r1
20000f9e:	bd01      	pop	{r0, pc}
20000fa0:	100007b1 	.word	0x100007b1
20000fa4:	00000000 	.word	0x00000000

20000fa8 <last_added.0>:
20000fa8:	ffffffff 7fffffff                       ........

20000fb0 <default_alarm_pool>:
	...
20000fc4:	200010f8 00000000 00000000              ... ........

20000fd0 <aeabi_bits_funcs>:
20000fd0:	00003350 	.word	0x00003350
20000fd4:	0000334c 	.word	0x0000334c
20000fd8:	00003354 	.word	0x00003354
20000fdc:	00003352 	.word	0x00003352

20000fe0 <aeabi_bits_funcs_end>:
20000fe0:	0000534d 	.word	0x0000534d
20000fe4:	0000434d 	.word	0x0000434d
20000fe8:	00003453 	.word	0x00003453
20000fec:	00003443 	.word	0x00003443

20000ff0 <stdio_usb>:
20000ff0:	10001f81 10001f35 10001ea9 10001e21     ....5.......!...
20001000:	00000000 00000100                       ........

20001008 <_usbd_qdef>:
20001008:	200015c4 000c0010 00000000 00000000     ... ............
	...

20001024 <_usbd_rhport>:
20001024:	000000ff                                ....

20001028 <print_mutex>:
	...
